Workbook

Sheet INSPECTED FACILITIES 2026
A1: GDP INSPECTION CLASSIFICATION DATA BASE AS AT 2026
A2: S/N | B2: NAME OF MANUFACTURER | C2: LOCATION ADDRESS | D2: CONTACT | E2: TYPE OF LAST INSPECTION | F2: DATE OF LAST INSPECTION | G2: FINDINGS | H2: DATE CAPA ISSUED | I2: CAPA SUBMITTED | J2: CONCLUSION | K2: REMARKS | L2: EXPECTED DATE OF INSPECTION | M2: COMPANY FILE
A3: =ROW() - ROW(Table4[[#Headers],[S/N]]) -> 1 | B3: JAWA NIG LTD | C3: PLOT 6, ABIMBOLA WAY, ISOLO IND ESTATE | D3: 9138839644 | E3: CEVI | F3: 46041 | G3: Low Risk (A) | H3: N/A | I3: CAPA CLOSED | J3: CONTINOUS MONITORING TO ENSURE COMPLIANCE | K3: SATISFACTORY | L3: =IF(G3="Low Risk (A)",EDATE(F3,24), IF(G3="Medium Risk(B)",EDATE(F3,12), IF(G3="High Risk(C)",EDATE(F3,6),""))) -> 46771 | M3: Jawa Int;l Nig Ltd
A4: =ROW() - ROW(Table4[[#Headers],[S/N]]) -> 2 | B4: PANGENE BIOTECH PVT LTD | C4: 64, BAYO OYEWALE STREET, AGO PALACE | D4: 7030942842 | E4: CEVI | F4: 46041 | G4: Medium Risk(B) | H4: 46065 | I4: NO | J4: =IF(I4="YES","CAPA VERIFICATION SHOULD BE SCHEDULED",IF(I4="NO","REMINDER LETTER SHOULD BE SENT","")) -> REMINDER LETTER SHOULD BE SENT | K4: =IF(I4="YES","CAPA SUBMITTED",IF(I4="NO","CAPA YET TO BE SUBMITTED","")) -> CAPA YET TO BE SUBMITTED | L4: =IF(G4="Low Risk (A)",EDATE(F4,24), IF(G4="Medium Risk(B)",EDATE(F4,12), IF(G4="High Risk(C)",EDATE(F4,6),""))) -> 46406 | M4: Pangene Biotech PVT Ltd
A5: =ROW() - ROW(Table4[[#Headers],[S/N]]) -> 3 | B5: EMINENT DRUGS | C5: 36, ODOGBOLU STREET, OFF ADETOLA STREET, AGUDA SURULERE LAGOS | D5: 8162446323 | E5: CEVI | F5: 46042 | G5: High Risk(C) | H5: 46065 | I5: NO | J5: =IF(I5="YES","CAPA VERIFICATION SHOULD BE SCHEDULED",IF(I5="NO","REMINDER LETTER SHOULD BE SENT","")) -> REMINDER LETTER SHOULD BE SENT | K5: =IF(I5="YES","CAPA SUBMITTED",IF(I5="NO","CAPA YET TO BE SUBMITTED","")) -> CAPA YET TO BE SUBMITTED | L5: =IF(G5="Low Risk (A)",EDATE(F5,24), IF(G5="Medium Risk(B)",EDATE(F5,12), IF(G5="High Risk(C)",EDATE(F5,6),""))) -> 46223 | M5: EMINENT DRUGS PHARMACEUTICALS LTD
A6: =ROW() - ROW(Table4[[#Headers],[S/N]]) -> 4 | B6: ZIFAM PINNACLE NIG LTD | C6: 30,ILUPEJU BY-PASS, BESIDE 1ST BANK , ILUPEJU | D6: 8142406202 | E6: CEVI | F6: 46042 | G6: Low Risk (A) | H6: N/A | J6: =IF(I6="YES","CAPA VERIFICATION SHOULD BE SCHEDULED",IF(I6="NO","REMINDER LETTER SHOULD BE SENT","")) | K6: =IF(I6="YES","CAPA SUBMITTED",IF(I6="NO","CAPA YET TO BE SUBMITTED","")) | L6: =IF(G6="Low Risk (A)",EDATE(F6,24), IF(G6="Medium Risk(B)",EDATE(F6,12), IF(G6="High Risk(C)",EDATE(F6,6),""))) -> 46772 | M6: ZIFAM PINNACLE NIGERIA LTD
A7: =ROW() - ROW(Table4[[#Headers],[S/N]]) -> 5 | B7: CHARTERHOUSE PHARM | C7: HSE PLOT 9, BLK C,CBD, NERDC STREET, ALAUSA IKEJA ,LAGOS | D7: 8068951913 | E7: CEVI | F7: 46043 | G7: Medium Risk(B) | H7: N/A | I7: CAPA CLOSED | J7: CONTINOUS MONITORING TO ENSURE COMPLIANCE | K7: SATISFACTORY | L7: =IF(G7="Low Risk (A)",EDATE(F7,24), IF(G7="Medium Risk(B)",EDATE(F7,12), IF(G7="High Risk(C)",EDATE(F7,6),""))) -> 46408 | M7: CHARTERHOUSE
A8: =ROW() - ROW(Table4[[#Headers],[S/N]]) -> 6 | B8: NEIMETH INTERNATIONAL PHARMACEUTICALS PLC | C8: PLOT 16, AKANI DOHERTY LAYOUT, BILLINGS WAY, INDUSTRIAL ROAD, OREGUN,IKEJA | D8: 8068261772 | E8: CEVI | F8: 46043 | G8: Medium Risk(B) | H8: N/A | I8: CAPA CLOSED | J8: CONTINOUS MONITORING TO ENSURE COMPLIANCE | K8: SATISFACTORY | L8: =IF(G8="Low Risk (A)",EDATE(F8,24), IF(G8="Medium Risk(B)",EDATE(F8,12), IF(G8="High Risk(C)",EDATE(F8,6),""))) -> 46408 | M8: NEIMETH
A9: =ROW() - ROW(Table4[[#Headers],[S/N]]) -> 7 | B9: EUROMED LTD | C9: 16T,RAMAT CRESENT, OGUDU | D9: 7030980082 | E9: CEVI | F9: 46043 | G9: Medium Risk(B) | H9: 46065 | I9: NO | J9: =IF(I9="YES","CAPA VERIFICATION SHOULD BE SCHEDULED",IF(I9="NO","REMINDER LETTER SHOULD BE SENT","")) -> REMINDER LETTER SHOULD BE SENT | K9: =IF(I9="YES","CAPA SUBMITTED",IF(I9="NO","CAPA YET TO BE SUBMITTED","")) -> CAPA YET TO BE SUBMITTED | L9: =IF(G9="Low Risk (A)",EDATE(F9,24), IF(G9="Medium Risk(B)",EDATE(F9,12), IF(G9="High Risk(C)",EDATE(F9,6),""))) -> 46408 | M9: EUROMED
A10: =ROW() - ROW(Table4[[#Headers],[S/N]]) -> 8 | B10: HILLY PHARM LTD | C10: 2, ODO STREET, OBALENDE, LAGOS STATE | D10: 7071894534 | E10: CEVI | F10: 46044 | G10: High Risk(C) | H10: 46065 | I10: NO | J10: =IF(I10="YES","CAPA VERIFICATION SHOULD BE SCHEDULED",IF(I10="NO","REMINDER LETTER SHOULD BE SENT","")) -> REMINDER LETTER SHOULD BE SENT | K10: =IF(I10="YES","CAPA SUBMITTED",IF(I10="NO","CAPA YET TO BE SUBMITTED","")) -> CAPA YET TO BE SUBMITTED | L10: =IF(G10="Low Risk (A)",EDATE(F10,24), IF(G10="Medium Risk(B)",EDATE(F10,12), IF(G10="High Risk(C)",EDATE(F10,6),""))) -> 46225
A11: =ROW() - ROW(Table4[[#Headers],[S/N]]) -> 9 | B11: S & S DUKE PHARM CO. LTD | C11: 3, ADEBA ROAD,LAKOWE, IBEJU-LEKKI, LAGOS | D11: 8099000436 | E11: CEVI | F11: 46069 | G11: Medium Risk(B) | H11: 46090 | I11: NO | J11: =IF(I11="YES","CAPA VERIFICATION SHOULD BE SCHEDULED",IF(I11="NO","REMINDER LETTER SHOULD BE SENT","")) -> REMINDER LETTER SHOULD BE SENT | K11: =IF(I11="YES","CAPA SUBMITTED",IF(I11="NO","CAPA YET TO BE SUBMITTED","")) -> CAPA YET TO BE SUBMITTED | L11: =IF(G11="Low Risk (A)",EDATE(F11,24), IF(G11="Medium Risk(B)",EDATE(F11,12), IF(G11="High Risk(C)",EDATE(F11,6),""))) -> 46434 | M11: S&S DUKE PHARMACEUTICALSCOLTD
A12: =ROW() - ROW(Table4[[#Headers],[S/N]]) -> 10 | B12: BENPAT PHARMACY | C12: 32, LAGOS ROAD,EPE LAGOS | D12: 7040511193 | E12: CEVI | F12: 46069 | G12: Medium Risk(B) | H12: 46090 | I12: NO | J12: =IF(I12="YES","CAPA VERIFICATION SHOULD BE SCHEDULED",IF(I12="NO","REMINDER LETTER SHOULD BE SENT","")) -> REMINDER LETTER SHOULD BE SENT | K12: =IF(I12="YES","CAPA SUBMITTED",IF(I12="NO","CAPA YET TO BE SUBMITTED","")) -> CAPA YET TO BE SUBMITTED | L12: =IF(G12="Low Risk (A)",EDATE(F12,24), IF(G12="Medium Risk(B)",EDATE(F12,12), IF(G12="High Risk(C)",EDATE(F12,6),""))) -> 46434 | M12: BENPAT PHARMACY
A13: =ROW() - ROW(Table4[[#Headers],[S/N]]) -> 11 | B13: KORLYNS PHARMACEUTICALS | C13: 31B,ADEYEMI ADEOYE STREET, WASIMI PEACE ESTATE,OPPOSITE HEALTHCETER MARYLAND | D13: 8123173544 | E13: GSDP | F13: 46069 | G13: Low Risk (A) | H13: 46090 | I13: NO | J13: =IF(I13="YES","CAPA VERIFICATION SHOULD BE SCHEDULED",IF(I13="NO","REMINDER LETTER SHOULD BE SENT","")) -> REMINDER LETTER SHOULD BE SENT | K13: =IF(I13="YES","CAPA SUBMITTED",IF(I13="NO","CAPA YET TO BE SUBMITTED","")) -> CAPA YET TO BE SUBMITTED | L13: =IF(G13="Low Risk (A)",EDATE(F13,24), IF(G13="Medium Risk(B)",EDATE(F13,12), IF(G13="High Risk(C)",EDATE(F13,6),""))) -> 46799 | M13: Korlyns Pharmacy
A14: =ROW() - ROW(Table4[[#Headers],[S/N]]) -> 12 | B14: BOLUKE PHARMACY | C14: 69,OLD ABEOKUTA MOTOR ROAD, AGEGE,LAGOS | D14: 8151312824 | E14: CEVI | F14: 46069 | G14: Low Risk (A) | H14: N/A | I14: CAPA CLOSED | J14: CONTINOUS MONITORING TO ENSURE COMPLIANCE | K14: SATISFACTORY | L14: =IF(G14="Low Risk (A)",EDATE(F14,24), IF(G14="Medium Risk(B)",EDATE(F14,12), IF(G14="High Risk(C)",EDATE(F14,6),""))) -> 46799 | M14: Boluke Pharmacy
A15: =ROW() - ROW(Table4[[#Headers],[S/N]]) -> 13 | B15: HERBINCO PHARMACY LTD | C15: 410,IKORODU ROAD, OJOTA,LAGOS | D15: 8034973192 | E15: CEVI | F15: 46069 | G15: High Risk(C) | J15: =IF(I15="YES","CAPA VERIFICATION SHOULD BE SCHEDULED",IF(I15="NO","REMINDER LETTER SHOULD BE SENT","")) | K15: =IF(I15="YES","CAPA SUBMITTED",IF(I15="NO","CAPA YET TO BE SUBMITTED","")) | L15: =IF(G15="Low Risk (A)",EDATE(F15,24), IF(G15="Medium Risk(B)",EDATE(F15,12), IF(G15="High Risk(C)",EDATE(F15,6),""))) -> 46250 | M15: Herbinco Pharmacy
A16: =ROW() - ROW(Table4[[#Headers],[S/N]]) -> 14 | B16: LINCO STAR PHARMACY | C16: 7/29, OLUBUNMI ALONGE STREET, PAKO AGUDA B/STOP, SURULERE | D16: 9045568856 | E16: CEVI | F16: 46070 | G16: N/A | H16: CONVERTED TO RETAIL PHARMACY | I16: N/A | J16: MEMO SHOULD BE WRITTEN TO PCN | K16: SATISFACTORY | L16: N/A | M16: LINCO STAR PHARMACY
A17: =ROW() - ROW(Table4[[#Headers],[S/N]]) -> 15 | B17: ONWUADI AND SONS LTD | C17: 11, ACHAKPO STREET, AJEGUNLE, LAGOS | D17: 08028642459/08134148891 | E17: CEVI | F17: 46070 | G17: High Risk(C) | H17: CONVERTED TO RETAIL PHARMACY | J17: =IF(I17="YES","CAPA VERIFICATION SHOULD BE SCHEDULED",IF(I17="NO","REMINDER LETTER SHOULD BE SENT","")) | K17: =IF(I17="YES","CAPA SUBMITTED",IF(I17="NO","CAPA YET TO BE SUBMITTED","")) | L17: =IF(G17="Low Risk (A)",EDATE(F17,24), IF(G17="Medium Risk(B)",EDATE(F17,12), IF(G17="High Risk(C)",EDATE(F17,6),""))) -> 46251 | M17: ONWUADI AND SONS LIMITED
A18: =ROW() - ROW(Table4[[#Headers],[S/N]]) -> 16 | B18: DE-LAW PHARMACY | C18: 67, ISHAGA ROAD, OPP LUTH, SURULERE,LAGOS | D18: 7018687107 | E18: CEVI | F18: 46070 | G18: N/A | H18: CONVERTED TO RETAIL PHARMACY | I18: N/A | J18: MEMO SHOULD BE WRITTEN TO PCN | K18: SATISFACTORY | L18: N/A | M18: DE-LAW PHARMACY
A19: =ROW() - ROW(Table4[[#Headers],[S/N]]) -> 17 | B19: SAM-SUNNY PHARMA AND STORE LTD | C19: 183, OJO IGBEDE ROAD, AJANGBADI, LAGOS | D19: 8167258446 | E19: CEVI | F19: 46070 | G19: Medium Risk(B) | J19: =IF(I19="YES","CAPA VERIFICATION SHOULD BE SCHEDULED",IF(I19="NO","REMINDER LETTER SHOULD BE SENT","")) | K19: =IF(I19="YES","CAPA SUBMITTED",IF(I19="NO","CAPA YET TO BE SUBMITTED","")) | L19: =IF(G19="Low Risk (A)",EDATE(F19,24), IF(G19="Medium Risk(B)",EDATE(F19,12), IF(G19="High Risk(C)",EDATE(F19,6),""))) -> 46435 | M19: Sam Sunny Pharmacy & Stores
A20: =ROW() - ROW(Table4[[#Headers],[S/N]]) -> 18 | B20: EVANS THERAPEUTICS | C20: 24, ABIMBOLA STREET, ISOLO LAGOS | D20: 8054090612 | E20: CEVI | F20: 46071 | G20: Low Risk (A) | H20: N/A | I20: CAPA CLOSED | J20: CONTINOUS MONITORING TO ENSURE COMPLIANCE | K20: SATISFACTORY | L20: =IF(G20="Low Risk (A)",EDATE(F20,24), IF(G20="Medium Risk(B)",EDATE(F20,12), IF(G20="High Risk(C)",EDATE(F20,6),""))) -> 46801 | M20: Evans Therapeutics Limited
A21: =ROW() - ROW(Table4[[#Headers],[S/N]]) -> 19 | B21: ESTYBEE PHARM LTD | C21: AJARA VETHO, CHIEF POT JUNCTION,BADAGRY | D21: 8067371578 | E21: CEVI | F21: 46071 | G21: Low Risk (A) | H21: N/A | I21: CAPA CLOSED | J21: CONTINOUS MONITORING TO ENSURE COMPLIANCE | K21: SATISFACTORY | L21: =IF(G21="Low Risk (A)",EDATE(F21,24), IF(G21="Medium Risk(B)",EDATE(F21,12), IF(G21="High Risk(C)",EDATE(F21,6),""))) -> 46801 | M21: Estybee Pharma Ltd
A22: =ROW() - ROW(Table4[[#Headers],[S/N]]) -> 20 | B22: CHIDO PHARMACY | C22: 37, ISOLO ROAD, MUSHIN LAGOS | D22: 8039204856 | E22: CEVI | F22: 46071 | G22: Medium Risk(B) | J22: =IF(I22="YES","CAPA VERIFICATION SHOULD BE SCHEDULED",IF(I22="NO","REMINDER LETTER SHOULD BE SENT","")) | K22: =IF(I22="YES","CAPA SUBMITTED",IF(I22="NO","CAPA YET TO BE SUBMITTED","")) | L22: =IF(G22="Low Risk (A)",EDATE(F22,24), IF(G22="Medium Risk(B)",EDATE(F22,12), IF(G22="High Risk(C)",EDATE(F22,6),""))) -> 46436 | M22: CHIDO PHARMACY
A23: =ROW() - ROW(Table4[[#Headers],[S/N]]) -> 21 | B23: FAMOUS NIG CHEMIST | C23: 1, OLORUNSOGO STREET, VIA AYANTUGA STREET, MUSHIN, LAGOS | D23: 8069568448 | E23: CEVI | F23: 46071 | G23: Medium Risk(B) | J23: =IF(I23="YES","CAPA VERIFICATION SHOULD BE SCHEDULED",IF(I23="NO","REMINDER LETTER SHOULD BE SENT","")) | K23: =IF(I23="YES","CAPA SUBMITTED",IF(I23="NO","CAPA YET TO BE SUBMITTED","")) | L23: =IF(G23="Low Risk (A)",EDATE(F23,24), IF(G23="Medium Risk(B)",EDATE(F23,12), IF(G23="High Risk(C)",EDATE(F23,6),""))) -> 46436 | M23: FAMOUS PHARMACY
A24: =ROW() - ROW(Table4[[#Headers],[S/N]]) -> 22 | B24: CHEV INTERNATIONAL LTD | C24: 13, ADEYEMI STREET, OSHODI, LAGOS | D24: 8057930829 | E24: CEVI | F24: 46071 | G24: Low Risk (A) | H24: N/A | I24: CAPA CLOSED | J24: CONTINOUS MONITORING TO ENSURE COMPLIANCE | K24: SATISFACTORY | L24: =IF(G24="Low Risk (A)",EDATE(F24,24), IF(G24="Medium Risk(B)",EDATE(F24,12), IF(G24="High Risk(C)",EDATE(F24,6),""))) -> 46801 | M24: CHEV PHARMACY
A25: =ROW() - ROW(Table4[[#Headers],[S/N]]) -> 23 | J25: =IF(I25="YES","CAPA VERIFICATION SHOULD BE SCHEDULED",IF(I25="NO","REMINDER LETTER SHOULD BE SENT","")) | K25: =IF(I25="YES","CAPA SUBMITTED",IF(I25="NO","CAPA YET TO BE SUBMITTED","")) | L25: =IF(G25="Low Risk (A)",EDATE(F25,24), IF(G25="Medium Risk(B)",EDATE(F25,12), IF(G25="High Risk(C)",EDATE(F25,6),"")))
A26: =ROW() - ROW(Table4[[#Headers],[S/N]]) -> 24 | J26: =IF(I26="YES","CAPA VERIFICATION SHOULD BE SCHEDULED",IF(I26="NO","REMINDER LETTER SHOULD BE SENT","")) | K26: =IF(I26="YES","CAPA SUBMITTED",IF(I26="NO","CAPA YET TO BE SUBMITTED","")) | L26: =IF(G26="Low Risk (A)",EDATE(F26,24), IF(G26="Medium Risk(B)",EDATE(F26,12), IF(G26="High Risk(C)",EDATE(F26,6),"")))
A27: =ROW() - ROW(Table4[[#Headers],[S/N]]) -> 25 | J27: =IF(I27="YES","CAPA VERIFICATION SHOULD BE SCHEDULED",IF(I27="NO","REMINDER LETTER SHOULD BE SENT","")) | K27: =IF(I27="YES","CAPA SUBMITTED",IF(I27="NO","CAPA YET TO BE SUBMITTED","")) | L27: =IF(G27="Low Risk (A)",EDATE(F27,24), IF(G27="Medium Risk(B)",EDATE(F27,12), IF(G27="High Risk(C)",EDATE(F27,6),"")))
A28: =ROW() - ROW(Table4[[#Headers],[S/N]]) -> 26 | J28: =IF(I28="YES","CAPA VERIFICATION SHOULD BE SCHEDULED",IF(I28="NO","REMINDER LETTER SHOULD BE SENT","")) | K28: =IF(I28="YES","CAPA SUBMITTED",IF(I28="NO","CAPA YET TO BE SUBMITTED","")) | L28: =IF(G28="Low Risk (A)",EDATE(F28,24), IF(G28="Medium Risk(B)",EDATE(F28,12), IF(G28="High Risk(C)",EDATE(F28,6),"")))
A29: =ROW() - ROW(Table4[[#Headers],[S/N]]) -> 27 | J29: =IF(I29="YES","CAPA VERIFICATION SHOULD BE SCHEDULED",IF(I29="NO","REMINDER LETTER SHOULD BE SENT","")) | K29: =IF(I29="YES","CAPA SUBMITTED",IF(I29="NO","CAPA YET TO BE SUBMITTED","")) | L29: =IF(G29="Low Risk (A)",EDATE(F29,24), IF(G29="Medium Risk(B)",EDATE(F29,12), IF(G29="High Risk(C)",EDATE(F29,6),"")))
A30: =ROW() - ROW(Table4[[#Headers],[S/N]]) -> 28 | J30: =IF(I30="YES","CAPA VERIFICATION SHOULD BE SCHEDULED",IF(I30="NO","REMINDER LETTER SHOULD BE SENT","")) | K30: =IF(I30="YES","CAPA SUBMITTED",IF(I30="NO","CAPA YET TO BE SUBMITTED","")) | L30: =IF(G30="Low Risk (A)",EDATE(F30,24), IF(G30="Medium Risk(B)",EDATE(F30,12), IF(G30="High Risk(C)",EDATE(F30,6),"")))
A31: =ROW() - ROW(Table4[[#Headers],[S/N]]) -> 29 | J31: =IF(I31="YES","CAPA VERIFICATION SHOULD BE SCHEDULED",IF(I31="NO","REMINDER LETTER SHOULD BE SENT","")) | K31: =IF(I31="YES","CAPA SUBMITTED",IF(I31="NO","CAPA YET TO BE SUBMITTED","")) | L31: =IF(G31="Low Risk (A)",EDATE(F31,24), IF(G31="Medium Risk(B)",EDATE(F31,12), IF(G31="High Risk(C)",EDATE(F31,6),"")))
A32: =ROW() - ROW(Table4[[#Headers],[S/N]]) -> 30 | J32: =IF(I32="YES","CAPA VERIFICATION SHOULD BE SCHEDULED",IF(I32="NO","REMINDER LETTER SHOULD BE SENT","")) | K32: =IF(I32="YES","CAPA SUBMITTED",IF(I32="NO","CAPA YET TO BE SUBMITTED","")) | L32: =IF(G32="Low Risk (A)",EDATE(F32,24), IF(G32="Medium Risk(B)",EDATE(F32,12), IF(G32="High Risk(C)",EDATE(F32,6),"")))
A33: =ROW() - ROW(Table4[[#Headers],[S/N]]) -> 31 | J33: =IF(I33="YES","CAPA VERIFICATION SHOULD BE SCHEDULED",IF(I33="NO","REMINDER LETTER SHOULD BE SENT","")) | K33: =IF(I33="YES","CAPA SUBMITTED",IF(I33="NO","CAPA YET TO BE SUBMITTED","")) | L33: =IF(G33="Low Risk (A)",EDATE(F33,24), IF(G33="Medium Risk(B)",EDATE(F33,12), IF(G33="High Risk(C)",EDATE(F33,6),"")))
A34: =ROW() - ROW(Table4[[#Headers],[S/N]]) -> 32 | J34: =IF(I34="YES","CAPA VERIFICATION SHOULD BE SCHEDULED",IF(I34="NO","REMINDER LETTER SHOULD BE SENT","")) | K34: =IF(I34="YES","CAPA SUBMITTED",IF(I34="NO","CAPA YET TO BE SUBMITTED","")) | L34: =IF(G34="Low Risk (A)",EDATE(F34,24), IF(G34="Medium Risk(B)",EDATE(F34,12), IF(G34="High Risk(C)",EDATE(F34,6),"")))
A35: =ROW() - ROW(Table4[[#Headers],[S/N]]) -> 33 | J35: =IF(I35="YES","CAPA VERIFICATION SHOULD BE SCHEDULED",IF(I35="NO","REMINDER LETTER SHOULD BE SENT","")) | K35: =IF(I35="YES","CAPA SUBMITTED",IF(I35="NO","CAPA YET TO BE SUBMITTED","")) | L35: =IF(G35="Low Risk (A)",EDATE(F35,24), IF(G35="Medium Risk(B)",EDATE(F35,12), IF(G35="High Risk(C)",EDATE(F35,6),"")))
A36: =ROW() - ROW(Table4[[#Headers],[S/N]]) -> 34 | J36: =IF(I36="YES","CAPA VERIFICATION SHOULD BE SCHEDULED",IF(I36="NO","REMINDER LETTER SHOULD BE SENT","")) | K36: =IF(I36="YES","CAPA SUBMITTED",IF(I36="NO","CAPA YET TO BE SUBMITTED","")) | L36: =IF(G36="Low Risk (A)",EDATE(F36,24), IF(G36="Medium Risk(B)",EDATE(F36,12), IF(G36="High Risk(C)",EDATE(F36,6),"")))
... A108: =ROW() - ROW(Table4[[#Headers],[S/N]]) -> 106 | J108: =IF(I108="YES","CAPA VERIFICATION SHOULD BE SCHEDULED",IF(I108="NO","REMINDER LETTER SHOULD BE SENT","")) | K108: =IF(I108="YES","CAPA SUBMITTED",IF(I108="NO","CAPA YET TO BE SUBMITTED","")) | L108: =IF(G108="Low Risk (A)",EDATE(F108,24), IF(G108="Medium Risk(B)",EDATE(F108,12), IF(G108="High Risk(C)",EDATE(F108,6),"")))

Sheet Data
B2: GSDP INSPECTIONS | C2: CEVI INSPECTIONS | D2: CAPA SUBMITTED | E2: LOW RISK | F2: MEDIUM RISK | G2: HIGH RISK
A3: JANUARY | B3: =COUNTIFS( 'INSPECTED FACILITIES 2026'!E:E,"GSDP", 'INSPECTED FACILITIES 2026'!F:F,">="&DATE(2026,MONTH(DATEVALUE(A3&" 1")),1), 'INSPECTED FACILITIES 2026'!F:F,"<"&EOMONTH(DATE(2026,MONTH(DATEVALUE(A3&" 1")),1),0)+1 ) -> 0 | C3: =COUNTIFS( 'INSPECTED FACILITIES 2026'!E:E,"CEVI", 'INSPECTED FACILITIES 2026'!F:F,">="&DATE(2026,MONTH(DATEVALUE(A3&" 1")),1), 'INSPECTED FACILITIES 2026'!F:F,"<"&EOMONTH(DATE(2026,MONTH(DATEVALUE(A3&" 1")),1),0)+1 ) -> 8 | D3: =COUNTIFS( 'INSPECTED FACILITIES 2026'!I:I,"YES", 'INSPECTED FACILITIES 2026'!F:F,">="&DATE(2026,MONTH(DATEVALUE(A3&" 1")),1), 'INSPECTED FACILITIES 2026'!F:F,"<"&EOMONTH(DATE(2026,MONTH(DATEVALUE(A3&" 1")),1),0)+1 ) -> 0 | E3: =COUNTIFS( 'INSPECTED FACILITIES 2026'!G:G,"Low Risk (A)", 'INSPECTED FACILITIES 2026'!F:F,">="&DATE(2026,MONTH(DATEVALUE(A3&" 1")),1), 'INSPECTED FACILITIES 2026'!F:F,"<"&EOMONTH(DATE(2026,MONTH(DATEVALUE(A3&" 1")),1),0)+1 ) -> 2 | F3: =COUNTIFS( 'INSPECTED FACILITIES 2026'!G:G,"Medium Risk(B)", 'INSPECTED FACILITIES 2026'!F:F,">="&DATE(2026,MONTH(DATEVALUE(A3&" 1")),1), 'INSPECTED FACILITIES 2026'!F:F,"<"&EOMONTH(DATE(2026,MONTH(DATEVALUE(A3&" 1")),1),0)+1 ) -> 4 | G3: =COUNTIFS( 'INSPECTED FACILITIES 2026'!G:G,"High Risk(C)", 'INSPECTED FACILITIES 2026'!F:F,">="&DATE(2026,MONTH(DATEVALUE(A3&" 1")),1), 'INSPECTED FACILITIES 2026'!F:F,"<"&EOMONTH(DATE(2026,MONTH(DATEVALUE(A3&" 1")),1),0)+1 ) -> 2
A4: FEBRUARY | B4: =COUNTIFS( 'INSPECTED FACILITIES 2026'!E:E,"GSDP", 'INSPECTED FACILITIES 2026'!F:F,">="&DATE(2026,MONTH(DATEVALUE(A4&" 1")),1), 'INSPECTED FACILITIES 2026'!F:F,"<"&EOMONTH(DATE(2026,MONTH(DATEVALUE(A4&" 1")),1),0)+1 ) -> 1 | C4: =COUNTIFS( 'INSPECTED FACILITIES 2026'!E:E,"CEVI", 'INSPECTED FACILITIES 2026'!F:F,">="&DATE(2026,MONTH(DATEVALUE(A4&" 1")),1), 'INSPECTED FACILITIES 2026'!F:F,"<"&EOMONTH(DATE(2026,MONTH(DATEVALUE(A4&" 1")),1),0)+1 ) -> 13 | D4: =COUNTIFS( 'INSPECTED FACILITIES 2026'!I:I,"YES", 'INSPECTED FACILITIES 2026'!F:F,">="&DATE(2026,MONTH(DATEVALUE(A4&" 1")),1), 'INSPECTED FACILITIES 2026'!F:F,"<"&EOMONTH(DATE(2026,MONTH(DATEVALUE(A4&" 1")),1),0)+1 ) -> 0 | E4: =COUNTIFS( 'INSPECTED FACILITIES 2026'!G:G,"Low Risk (A)", 'INSPECTED FACILITIES 2026'!F:F,">="&DATE(2026,MONTH(DATEVALUE(A4&" 1")),1), 'INSPECTED FACILITIES 2026'!F:F,"<"&EOMONTH(DATE(2026,MONTH(DATEVALUE(A4&" 1")),1),0)+1 ) -> 5 | F4: =COUNTIFS( 'INSPECTED FACILITIES 2026'!G:G,"Medium Risk(B)", 'INSPECTED FACILITIES 2026'!F:F,">="&DATE(2026,MONTH(DATEVALUE(A4&" 1")),1), 'INSPECTED FACILITIES 2026'!F:F,"<"&EOMONTH(DATE(2026,MONTH(DATEVALUE(A4&" 1")),1),0)+1 ) -> 5 | G4: =COUNTIFS( 'INSPECTED FACILITIES 2026'!G:G,"High Risk(C)", 'INSPECTED FACILITIES 2026'!F:F,">="&DATE(2026,MONTH(DATEVALUE(A4&" 1")),1), 'INSPECTED FACILITIES 2026'!F:F,"<"&EOMONTH(DATE(2026,MONTH(DATEVALUE(A4&" 1")),1),0)+1 ) -> 2
A5: MARCH | B5: =COUNTIFS( 'INSPECTED FACILITIES 2026'!E:E,"GSDP", 'INSPECTED FACILITIES 2026'!F:F,">="&DATE(2026,MONTH(DATEVALUE(A5&" 1")),1), 'INSPECTED FACILITIES 2026'!F:F,"<"&EOMONTH(DATE(2026,MONTH(DATEVALUE(A5&" 1")),1),0)+1 ) -> 0 | C5: =COUNTIFS( 'INSPECTED FACILITIES 2026'!E:E,"CEVI", 'INSPECTED FACILITIES 2026'!F:F,">="&DATE(2026,MONTH(DATEVALUE(A5&" 1")),1), 'INSPECTED FACILITIES 2026'!F:F,"<"&EOMONTH(DATE(2026,MONTH(DATEVALUE(A5&" 1")),1),0)+1 ) -> 0 | D5: =COUNTIFS( 'INSPECTED FACILITIES 2026'!I:I,"YES", 'INSPECTED FACILITIES 2026'!F:F,">="&DATE(2026,MONTH(DATEVALUE(A5&" 1")),1), 'INSPECTED FACILITIES 2026'!F:F,"<"&EOMONTH(DATE(2026,MONTH(DATEVALUE(A5&" 1")),1),0)+1 ) -> 0 | E5: =COUNTIFS( 'INSPECTED FACILITIES 2026'!G:G,"Low Risk (A)", 'INSPECTED FACILITIES 2026'!F:F,">="&DATE(2026,MONTH(DATEVALUE(A5&" 1")),1), 'INSPECTED FACILITIES 2026'!F:F,"<"&EOMONTH(DATE(2026,MONTH(DATEVALUE(A5&" 1")),1),0)+1 ) -> 0 | F5: =COUNTIFS( 'INSPECTED FACILITIES 2026'!G:G,"Medium Risk(B)", 'INSPECTED FACILITIES 2026'!F:F,">="&DATE(2026,MONTH(DATEVALUE(A5&" 1")),1), 'INSPECTED FACILITIES 2026'!F:F,"<"&EOMONTH(DATE(2026,MONTH(DATEVALUE(A5&" 1")),1),0)+1 ) -> 0 | G5: =COUNTIFS( 'INSPECTED FACILITIES 2026'!G:G,"High Risk(C)", 'INSPECTED FACILITIES 2026'!F:F,">="&DATE(2026,MONTH(DATEVALUE(A5&" 1")),1), 'INSPECTED FACILITIES 2026'!F:F,"<"&EOMONTH(DATE(2026,MONTH(DATEVALUE(A5&" 1")),1),0)+1 ) -> 0
A6: APRIL | B6: =COUNTIFS( 'INSPECTED FACILITIES 2026'!E:E,"GSDP", 'INSPECTED FACILITIES 2026'!F:F,">="&DATE(2026,MONTH(DATEVALUE(A6&" 1")),1), 'INSPECTED FACILITIES 2026'!F:F,"<"&EOMONTH(DATE(2026,MONTH(DATEVALUE(A6&" 1")),1),0)+1 ) -> 0 | C6: =COUNTIFS( 'INSPECTED FACILITIES 2026'!E:E,"CEVI", 'INSPECTED FACILITIES 2026'!F:F,">="&DATE(2026,MONTH(DATEVALUE(A6&" 1")),1), 'INSPECTED FACILITIES 2026'!F:F,"<"&EOMONTH(DATE(2026,MONTH(DATEVALUE(A6&" 1")),1),0)+1 ) -> 0 | D6: =COUNTIFS( 'INSPECTED FACILITIES 2026'!I:I,"YES", 'INSPECTED FACILITIES 2026'!F:F,">="&DATE(2026,MONTH(DATEVALUE(A6&" 1")),1), 'INSPECTED FACILITIES 2026'!F:F,"<"&EOMONTH(DATE(2026,MONTH(DATEVALUE(A6&" 1")),1),0)+1 ) -> 0 | E6: =COUNTIFS( 'INSPECTED FACILITIES 2026'!G:G,"Low Risk (A)", 'INSPECTED FACILITIES 2026'!F:F,">="&DATE(2026,MONTH(DATEVALUE(A6&" 1")),1), 'INSPECTED FACILITIES 2026'!F:F,"<"&EOMONTH(DATE(2026,MONTH(DATEVALUE(A6&" 1")),1),0)+1 ) -> 0 | F6: =COUNTIFS( 'INSPECTED FACILITIES 2026'!G:G,"Medium Risk(B)", 'INSPECTED FACILITIES 2026'!F:F,">="&DATE(2026,MONTH(DATEVALUE(A6&" 1")),1), 'INSPECTED FACILITIES 2026'!F:F,"<"&EOMONTH(DATE(2026,MONTH(DATEVALUE(A6&" 1")),1),0)+1 ) -> 0 | G6: =COUNTIFS( 'INSPECTED FACILITIES 2026'!G:G,"High Risk(C)", 'INSPECTED FACILITIES 2026'!F:F,">="&DATE(2026,MONTH(DATEVALUE(A6&" 1")),1), 'INSPECTED FACILITIES 2026'!F:F,"<"&EOMONTH(DATE(2026,MONTH(DATEVALUE(A6&" 1")),1),0)+1 ) -> 0
A7: MAY | B7: =COUNTIFS( 'INSPECTED FACILITIES 2026'!E:E,"GSDP", 'INSPECTED FACILITIES 2026'!F:F,">="&DATE(2026,MONTH(DATEVALUE(A7&" 1")),1), 'INSPECTED FACILITIES 2026'!F:F,"<"&EOMONTH(DATE(2026,MONTH(DATEVALUE(A7&" 1")),1),0)+1 ) -> 0 | C7: =COUNTIFS( 'INSPECTED FACILITIES 2026'!E:E,"CEVI", 'INSPECTED FACILITIES 2026'!F:F,">="&DATE(2026,MONTH(DATEVALUE(A7&" 1")),1), 'INSPECTED FACILITIES 2026'!F:F,"<"&EOMONTH(DATE(2026,MONTH(DATEVALUE(A7&" 1")),1),0)+1 ) -> 0 | D7: =COUNTIFS( 'INSPECTED FACILITIES 2026'!I:I,"YES", 'INSPECTED FACILITIES 2026'!F:F,">="&DATE(2026,MONTH(DATEVALUE(A7&" 1")),1), 'INSPECTED FACILITIES 2026'!F:F,"<"&EOMONTH(DATE(2026,MONTH(DATEVALUE(A7&" 1")),1),0)+1 ) -> 0 | E7: =COUNTIFS( 'INSPECTED FACILITIES 2026'!G:G,"Low Risk (A)", 'INSPECTED FACILITIES 2026'!F:F,">="&DATE(2026,MONTH(DATEVALUE(A7&" 1")),1), 'INSPECTED FACILITIES 2026'!F:F,"<"&EOMONTH(DATE(2026,MONTH(DATEVALUE(A7&" 1")),1),0)+1 ) -> 0 | F7: =COUNTIFS( 'INSPECTED FACILITIES 2026'!G:G,"Medium Risk(B)", 'INSPECTED FACILITIES 2026'!F:F,">="&DATE(2026,MONTH(DATEVALUE(A7&" 1")),1), 'INSPECTED FACILITIES 2026'!F:F,"<"&EOMONTH(DATE(2026,MONTH(DATEVALUE(A7&" 1")),1),0)+1 ) -> 0 | G7: =COUNTIFS( 'INSPECTED FACILITIES 2026'!G:G,"High Risk(C)", 'INSPECTED FACILITIES 2026'!F:F,">="&DATE(2026,MONTH(DATEVALUE(A7&" 1")),1), 'INSPECTED FACILITIES 2026'!F:F,"<"&EOMONTH(DATE(2026,MONTH(DATEVALUE(A7&" 1")),1),0)+1 ) -> 0
A8: JUNE | B8: =COUNTIFS( 'INSPECTED FACILITIES 2026'!E:E,"GSDP", 'INSPECTED FACILITIES 2026'!F:F,">="&DATE(2026,MONTH(DATEVALUE(A8&" 1")),1), 'INSPECTED FACILITIES 2026'!F:F,"<"&EOMONTH(DATE(2026,MONTH(DATEVALUE(A8&" 1")),1),0)+1 ) -> 0 | C8: =COUNTIFS( 'INSPECTED FACILITIES 2026'!E:E,"CEVI", 'INSPECTED FACILITIES 2026'!F:F,">="&DATE(2026,MONTH(DATEVALUE(A8&" 1")),1), 'INSPECTED FACILITIES 2026'!F:F,"<"&EOMONTH(DATE(2026,MONTH(DATEVALUE(A8&" 1")),1),0)+1 ) -> 0 | D8: =COUNTIFS( 'INSPECTED FACILITIES 2026'!I:I,"YES", 'INSPECTED FACILITIES 2026'!F:F,">="&DATE(2026,MONTH(DATEVALUE(A8&" 1")),1), 'INSPECTED FACILITIES 2026'!F:F,"<"&EOMONTH(DATE(2026,MONTH(DATEVALUE(A8&" 1")),1),0)+1 ) -> 0 | E8: =COUNTIFS( 'INSPECTED FACILITIES 2026'!G:G,"Low Risk (A)", 'INSPECTED FACILITIES 2026'!F:F,">="&DATE(2026,MONTH(DATEVALUE(A8&" 1")),1), 'INSPECTED FACILITIES 2026'!F:F,"<"&EOMONTH(DATE(2026,MONTH(DATEVALUE(A8&" 1")),1),0)+1 ) -> 0 | F8: =COUNTIFS( 'INSPECTED FACILITIES 2026'!G:G,"Medium Risk(B)", 'INSPECTED FACILITIES 2026'!F:F,">="&DATE(2026,MONTH(DATEVALUE(A8&" 1")),1), 'INSPECTED FACILITIES 2026'!F:F,"<"&EOMONTH(DATE(2026,MONTH(DATEVALUE(A8&" 1")),1),0)+1 ) -> 0 | G8: =COUNTIFS( 'INSPECTED FACILITIES 2026'!G:G,"High Risk(C)", 'INSPECTED FACILITIES 2026'!F:F,">="&DATE(2026,MONTH(DATEVALUE(A8&" 1")),1), 'INSPECTED FACILITIES 2026'!F:F,"<"&EOMONTH(DATE(2026,MONTH(DATEVALUE(A8&" 1")),1),0)+1 ) -> 0
A9: JULY | B9: =COUNTIFS( 'INSPECTED FACILITIES 2026'!E:E,"GSDP", 'INSPECTED FACILITIES 2026'!F:F,">="&DATE(2026,MONTH(DATEVALUE(A9&" 1")),1), 'INSPECTED FACILITIES 2026'!F:F,"<"&EOMONTH(DATE(2026,MONTH(DATEVALUE(A9&" 1")),1),0)+1 ) -> 0 | C9: =COUNTIFS( 'INSPECTED FACILITIES 2026'!E:E,"CEVI", 'INSPECTED FACILITIES 2026'!F:F,">="&DATE(2026,MONTH(DATEVALUE(A9&" 1")),1), 'INSPECTED FACILITIES 2026'!F:F,"<"&EOMONTH(DATE(2026,MONTH(DATEVALUE(A9&" 1")),1),0)+1 ) -> 0 | D9: =COUNTIFS( 'INSPECTED FACILITIES 2026'!I:I,"YES", 'INSPECTED FACILITIES 2026'!F:F,">="&DATE(2026,MONTH(DATEVALUE(A9&" 1")),1), 'INSPECTED FACILITIES 2026'!F:F,"<"&EOMONTH(DATE(2026,MONTH(DATEVALUE(A9&" 1")),1),0)+1 ) -> 0 | E9: =COUNTIFS( 'INSPECTED FACILITIES 2026'!G:G,"Low Risk (A)", 'INSPECTED FACILITIES 2026'!F:F,">="&DATE(2026,MONTH(DATEVALUE(A9&" 1")),1), 'INSPECTED FACILITIES 2026'!F:F,"<"&EOMONTH(DATE(2026,MONTH(DATEVALUE(A9&" 1")),1),0)+1 ) -> 0 | F9: =COUNTIFS( 'INSPECTED FACILITIES 2026'!G:G,"Medium Risk(B)", 'INSPECTED FACILITIES 2026'!F:F,">="&DATE(2026,MONTH(DATEVALUE(A9&" 1")),1), 'INSPECTED FACILITIES 2026'!F:F,"<"&EOMONTH(DATE(2026,MONTH(DATEVALUE(A9&" 1")),1),0)+1 ) -> 0 | G9: =COUNTIFS( 'INSPECTED FACILITIES 2026'!G:G,"High Risk(C)", 'INSPECTED FACILITIES 2026'!F:F,">="&DATE(2026,MONTH(DATEVALUE(A9&" 1")),1), 'INSPECTED FACILITIES 2026'!F:F,"<"&EOMONTH(DATE(2026,MONTH(DATEVALUE(A9&" 1")),1),0)+1 ) -> 0
A10: AUGUST | B10: =COUNTIFS( 'INSPECTED FACILITIES 2026'!E:E,"GSDP", 'INSPECTED FACILITIES 2026'!F:F,">="&DATE(2026,MONTH(DATEVALUE(A10&" 1")),1), 'INSPECTED FACILITIES 2026'!F:F,"<"&EOMONTH(DATE(2026,MONTH(DATEVALUE(A10&" 1")),1),0)+1 ) -> 0 | C10: =COUNTIFS( 'INSPECTED FACILITIES 2026'!E:E,"CEVI", 'INSPECTED FACILITIES 2026'!F:F,">="&DATE(2026,MONTH(DATEVALUE(A10&" 1")),1), 'INSPECTED FACILITIES 2026'!F:F,"<"&EOMONTH(DATE(2026,MONTH(DATEVALUE(A10&" 1")),1),0)+1 ) -> 0 | D10: =COUNTIFS( 'INSPECTED FACILITIES 2026'!I:I,"YES", 'INSPECTED FACILITIES 2026'!F:F,">="&DATE(2026,MONTH(DATEVALUE(A10&" 1")),1), 'INSPECTED FACILITIES 2026'!F:F,"<"&EOMONTH(DATE(2026,MONTH(DATEVALUE(A10&" 1")),1),0)+1 ) -> 0 | E10: =COUNTIFS( 'INSPECTED FACILITIES 2026'!G:G,"Low Risk (A)", 'INSPECTED FACILITIES 2026'!F:F,">="&DATE(2026,MONTH(DATEVALUE(A10&" 1")),1), 'INSPECTED FACILITIES 2026'!F:F,"<"&EOMONTH(DATE(2026,MONTH(DATEVALUE(A10&" 1")),1),0)+1 ) -> 0 | F10: =COUNTIFS( 'INSPECTED FACILITIES 2026'!G:G,"Medium Risk(B)", 'INSPECTED FACILITIES 2026'!F:F,">="&DATE(2026,MONTH(DATEVALUE(A10&" 1")),1), 'INSPECTED FACILITIES 2026'!F:F,"<"&EOMONTH(DATE(2026,MONTH(DATEVALUE(A10&" 1")),1),0)+1 ) -> 0 | G10: =COUNTIFS( 'INSPECTED FACILITIES 2026'!G:G,"High Risk(C)", 'INSPECTED FACILITIES 2026'!F:F,">="&DATE(2026,MONTH(DATEVALUE(A10&" 1")),1), 'INSPECTED FACILITIES 2026'!F:F,"<"&EOMONTH(DATE(2026,MONTH(DATEVALUE(A10&" 1")),1),0)+1 ) -> 0
A11: SEPTEMBER | B11: =COUNTIFS( 'INSPECTED FACILITIES 2026'!E:E,"GSDP", 'INSPECTED FACILITIES 2026'!F:F,">="&DATE(2026,MONTH(DATEVALUE(A11&" 1")),1), 'INSPECTED FACILITIES 2026'!F:F,"<"&EOMONTH(DATE(2026,MONTH(DATEVALUE(A11&" 1")),1),0)+1 ) -> 0 | C11: =COUNTIFS( 'INSPECTED FACILITIES 2026'!E:E,"CEVI", 'INSPECTED FACILITIES 2026'!F:F,">="&DATE(2026,MONTH(DATEVALUE(A11&" 1")),1), 'INSPECTED FACILITIES 2026'!F:F,"<"&EOMONTH(DATE(2026,MONTH(DATEVALUE(A11&" 1")),1),0)+1 ) -> 0 | D11: =COUNTIFS( 'INSPECTED FACILITIES 2026'!I:I,"YES", 'INSPECTED FACILITIES 2026'!F:F,">="&DATE(2026,MONTH(DATEVALUE(A11&" 1")),1), 'INSPECTED FACILITIES 2026'!F:F,"<"&EOMONTH(DATE(2026,MONTH(DATEVALUE(A11&" 1")),1),0)+1 ) -> 0 | E11: =COUNTIFS( 'INSPECTED FACILITIES 2026'!G:G,"Low Risk (A)", 'INSPECTED FACILITIES 2026'!F:F,">="&DATE(2026,MONTH(DATEVALUE(A11&" 1")),1), 'INSPECTED FACILITIES 2026'!F:F,"<"&EOMONTH(DATE(2026,MONTH(DATEVALUE(A11&" 1")),1),0)+1 ) -> 0 | F11: =COUNTIFS( 'INSPECTED FACILITIES 2026'!G:G,"Medium Risk(B)", 'INSPECTED FACILITIES 2026'!F:F,">="&DATE(2026,MONTH(DATEVALUE(A11&" 1")),1), 'INSPECTED FACILITIES 2026'!F:F,"<"&EOMONTH(DATE(2026,MONTH(DATEVALUE(A11&" 1")),1),0)+1 ) -> 0 | G11: =COUNTIFS( 'INSPECTED FACILITIES 2026'!G:G,"High Risk(C)", 'INSPECTED FACILITIES 2026'!F:F,">="&DATE(2026,MONTH(DATEVALUE(A11&" 1")),1), 'INSPECTED FACILITIES 2026'!F:F,"<"&EOMONTH(DATE(2026,MONTH(DATEVALUE(A11&" 1")),1),0)+1 ) -> 0
A12: OCTOBER | B12: =COUNTIFS( 'INSPECTED FACILITIES 2026'!E:E,"GSDP", 'INSPECTED FACILITIES 2026'!F:F,">="&DATE(2026,MONTH(DATEVALUE(A12&" 1")),1), 'INSPECTED FACILITIES 2026'!F:F,"<"&EOMONTH(DATE(2026,MONTH(DATEVALUE(A12&" 1")),1),0)+1 ) -> 0 | C12: =COUNTIFS( 'INSPECTED FACILITIES 2026'!E:E,"CEVI", 'INSPECTED FACILITIES 2026'!F:F,">="&DATE(2026,MONTH(DATEVALUE(A12&" 1")),1), 'INSPECTED FACILITIES 2026'!F:F,"<"&EOMONTH(DATE(2026,MONTH(DATEVALUE(A12&" 1")),1),0)+1 ) -> 0 | D12: =COUNTIFS( 'INSPECTED FACILITIES 2026'!I:I,"YES", 'INSPECTED FACILITIES 2026'!F:F,">="&DATE(2026,MONTH(DATEVALUE(A12&" 1")),1), 'INSPECTED FACILITIES 2026'!F:F,"<"&EOMONTH(DATE(2026,MONTH(DATEVALUE(A12&" 1")),1),0)+1 ) -> 0 | E12: =COUNTIFS( 'INSPECTED FACILITIES 2026'!G:G,"Low Risk (A)", 'INSPECTED FACILITIES 2026'!F:F,">="&DATE(2026,MONTH(DATEVALUE(A12&" 1")),1), 'INSPECTED FACILITIES 2026'!F:F,"<"&EOMONTH(DATE(2026,MONTH(DATEVALUE(A12&" 1")),1),0)+1 ) -> 0 | F12: =COUNTIFS( 'INSPECTED FACILITIES 2026'!G:G,"Medium Risk(B)", 'INSPECTED FACILITIES 2026'!F:F,">="&DATE(2026,MONTH(DATEVALUE(A12&" 1")),1), 'INSPECTED FACILITIES 2026'!F:F,"<"&EOMONTH(DATE(2026,MONTH(DATEVALUE(A12&" 1")),1),0)+1 ) -> 0 | G12: =COUNTIFS( 'INSPECTED FACILITIES 2026'!G:G,"High Risk(C)", 'INSPECTED FACILITIES 2026'!F:F,">="&DATE(2026,MONTH(DATEVALUE(A12&" 1")),1), 'INSPECTED FACILITIES 2026'!F:F,"<"&EOMONTH(DATE(2026,MONTH(DATEVALUE(A12&" 1")),1),0)+1 ) -> 0
A13: NOVEMBER | B13: =COUNTIFS( 'INSPECTED FACILITIES 2026'!E:E,"GSDP", 'INSPECTED FACILITIES 2026'!F:F,">="&DATE(2026,MONTH(DATEVALUE(A13&" 1")),1), 'INSPECTED FACILITIES 2026'!F:F,"<"&EOMONTH(DATE(2026,MONTH(DATEVALUE(A13&" 1")),1),0)+1 ) -> 0 | C13: =COUNTIFS( 'INSPECTED FACILITIES 2026'!E:E,"CEVI", 'INSPECTED FACILITIES 2026'!F:F,">="&DATE(2026,MONTH(DATEVALUE(A13&" 1")),1), 'INSPECTED FACILITIES 2026'!F:F,"<"&EOMONTH(DATE(2026,MONTH(DATEVALUE(A13&" 1")),1),0)+1 ) -> 0 | D13: =COUNTIFS( 'INSPECTED FACILITIES 2026'!I:I,"YES", 'INSPECTED FACILITIES 2026'!F:F,">="&DATE(2026,MONTH(DATEVALUE(A13&" 1")),1), 'INSPECTED FACILITIES 2026'!F:F,"<"&EOMONTH(DATE(2026,MONTH(DATEVALUE(A13&" 1")),1),0)+1 ) -> 0 | E13: =COUNTIFS( 'INSPECTED FACILITIES 2026'!G:G,"Low Risk (A)", 'INSPECTED FACILITIES 2026'!F:F,">="&DATE(2026,MONTH(DATEVALUE(A13&" 1")),1), 'INSPECTED FACILITIES 2026'!F:F,"<"&EOMONTH(DATE(2026,MONTH(DATEVALUE(A13&" 1")),1),0)+1 ) -> 0 | F13: =COUNTIFS( 'INSPECTED FACILITIES 2026'!G:G,"Medium Risk(B)", 'INSPECTED FACILITIES 2026'!F:F,">="&DATE(2026,MONTH(DATEVALUE(A13&" 1")),1), 'INSPECTED FACILITIES 2026'!F:F,"<"&EOMONTH(DATE(2026,MONTH(DATEVALUE(A13&" 1")),1),0)+1 ) -> 0 | G13: =COUNTIFS( 'INSPECTED FACILITIES 2026'!G:G,"High Risk(C)", 'INSPECTED FACILITIES 2026'!F:F,">="&DATE(2026,MONTH(DATEVALUE(A13&" 1")),1), 'INSPECTED FACILITIES 2026'!F:F,"<"&EOMONTH(DATE(2026,MONTH(DATEVALUE(A13&" 1")),1),0)+1 ) -> 0
A14: DECEMBER | B14: =COUNTIFS( 'INSPECTED FACILITIES 2026'!E:E,"GSDP", 'INSPECTED FACILITIES 2026'!F:F,">="&DATE(2026,MONTH(DATEVALUE(A14&" 1")),1), 'INSPECTED FACILITIES 2026'!F:F,"<"&EOMONTH(DATE(2026,MONTH(DATEVALUE(A14&" 1")),1),0)+1 ) -> 0 | C14: =COUNTIFS( 'INSPECTED FACILITIES 2026'!E:E,"CEVI", 'INSPECTED FACILITIES 2026'!F:F,">="&DATE(2026,MONTH(DATEVALUE(A14&" 1")),1), 'INSPECTED FACILITIES 2026'!F:F,"<"&EOMONTH(DATE(2026,MONTH(DATEVALUE(A14&" 1")),1),0)+1 ) -> 0 | D14: =COUNTIFS( 'INSPECTED FACILITIES 2026'!I:I,"YES", 'INSPECTED FACILITIES 2026'!F:F,">="&DATE(2026,MONTH(DATEVALUE(A14&" 1")),1), 'INSPECTED FACILITIES 2026'!F:F,"<"&EOMONTH(DATE(2026,MONTH(DATEVALUE(A14&" 1")),1),0)+1 ) -> 0 | E14: =COUNTIFS( 'INSPECTED FACILITIES 2026'!G:G,"Low Risk (A)", 'INSPECTED FACILITIES 2026'!F:F,">="&DATE(2026,MONTH(DATEVALUE(A14&" 1")),1), 'INSPECTED FACILITIES 2026'!F:F,"<"&EOMONTH(DATE(2026,MONTH(DATEVALUE(A14&" 1")),1),0)+1 ) -> 0 | F14: =COUNTIFS( 'INSPECTED FACILITIES 2026'!G:G,"Medium Risk(B)", 'INSPECTED FACILITIES 2026'!F:F,">="&DATE(2026,MONTH(DATEVALUE(A14&" 1")),1), 'INSPECTED FACILITIES 2026'!F:F,"<"&EOMONTH(DATE(2026,MONTH(DATEVALUE(A14&" 1")),1),0)+1 ) -> 0 | G14: =COUNTIFS( 'INSPECTED FACILITIES 2026'!G:G,"High Risk(C)", 'INSPECTED FACILITIES 2026'!F:F,">="&DATE(2026,MONTH(DATEVALUE(A14&" 1")),1), 'INSPECTED FACILITIES 2026'!F:F,"<"&EOMONTH(DATE(2026,MONTH(DATEVALUE(A14&" 1")),1),0)+1 ) -> 0
