Workbook

Sheet INSPECTED FACILITIES 2025
A1: GDP INSPECTION CLASSIFICATION DATA BASE AS AT 2025
A2: S/N | B2: NAME OF MANUFACTURER | C2: LOCATION ADDRESS | D2: CONTACT | E2: TYPE OF LAST INSPECTION | F2: DATE OF LAST INSPECTION | G2: FINDINGS | H2: DATE CAPA ISSUED | I2: CAPA SUBMITTED | J2: CONCLUSION | K2: REMARKS | L2: EXPECTED DATE OF INSPECTION | M2: CC | N2: COMPANY FILE
A3: 1 | B3: SANTECARE LIMITED | C3: 55, COKER ROAD, ILUPEJU | D3: 8127926887 | E3: GDP | F3: 45678 | G3: Medium-Risk (B) | H3: 26th january 2025 | I3: NO | J3: CAPA TO BE SUBMITTED | K3: =IF(I3="YES","CAPA VERIFICATION SHOULD BE SCHEDULED",IF(I3="NO","REMINDER LETTER SHOULD BE SENT","")) -> REMINDER LETTER SHOULD BE SENT | L3: 46023 | M3: https://nafdacng.sharepoint.com/sites/PMSLAGOS/Shared Documents/GSDP (GOOD STORAGE AND DISTRIBUTION PRACTICE)/GSDP COMPANY FILES\Santa Care LTD | N3: SANTA CARE
A4: 2 | B4: JANE-MADOK PHARMACY & WELLNESS CENTER | C4: 3, ISHERI OSUN RD., JAKANDE GATE, ISOLO | D4: 9035803090 | E4: GDP | F4: 45680 | G4: Medium-Risk (B) | H4: 25th january 2025 | I4: NO | J4: CAPA TO BE SUBMITTED | K4: =IF(I4="YES","CAPA VERIFICATION SHOULD BE SCHEDULED",IF(I4="NO","REMINDER LETTER SHOULD BE SENT","")) -> REMINDER LETTER SHOULD BE SENT | L4: 46023 | M4: https://nafdacng.sharepoint.com/sites/PMSLAGOS/Shared Documents/GSDP (GOOD STORAGE AND DISTRIBUTION PRACTICE)/GSDP COMPANY FILES\Jane-Madok | N4: =IF(M4="","",HYPERLINK(M4,B4)) -> JANE-MADOK PHARMACY & WELLNESS CENTER
A5: 3 | B5: ROCHE PRODUCTS LIMITED (MEDICAL DEVICES) | C5: AGL WAREHOUSE, KILOMETER11, OPPOSITE TOP MOUNTAIN UNIVERSITY, ALONG LAGOS IBADAN EXPRESSWAY, IBAFO | D5: 7033089165 | E5: GDP | F5: 45680 | G5: Medium-Risk (B) | H5: 11th February 2025 | I5: NO | J5: CAPA TO BE SUBMITTED | K5: =IF(I5="YES","CAPA VERIFICATION SHOULD BE SCHEDULED",IF(I5="NO","REMINDER LETTER SHOULD BE SENT","")) -> REMINDER LETTER SHOULD BE SENT | L5: 46054 | M5: https://nafdacng.sharepoint.com/sites/PMSLAGOS/Shared Documents/GSDP (GOOD STORAGE AND DISTRIBUTION PRACTICE)/GSDP COMPANY FILES\Roche Products ltd | N5: =IF(M5="","",HYPERLINK(M5,B5)) -> ROCHE PRODUCTS LIMITED (MEDICAL DEVICES)
A6: 4 | B6: KCH CONSUMER HEALTHCARE LTD. (CAPA) | C6: 2B KWAME NKRUMAH LANE, CROWN ESTATE, LEKKI-EPE EXPRESSWAY, AJAH | D6: 8022317625 | E6: CAPA | F6: 45685 | G6: Medium-Risk (B) | H6: 28th january 2025 | I6: YES | J6: CAPA SUBMITTED | K6: =IF(I6="YES","CAPA VERIFICATION SHOULD BE SCHEDULED",IF(I6="NO","REMINDER LETTER SHOULD BE SENT","")) -> CAPA VERIFICATION SHOULD BE SCHEDULED | L6: 46023 | M6: https://nafdacng.sharepoint.com/sites/PMSLAGOS/Shared Documents/GSDP (GOOD STORAGE AND DISTRIBUTION PRACTICE)/GSDP COMPANY FILES\KCH CONSUMER | N6: =IF(M6="","",HYPERLINK(M6,B6)) -> KCH CONSUMER HEALTHCARE LTD. (CAPA)
A7: 5 | B7: MUJID HEALTHCARE LTD | C7: PLOT B, GREENLAND ESTATE, AJAH | D7: 8033268130 | E7: GDP | F7: 45685 | G7: Medium-Risk (B) | H7: 45685 | I7: NO | J7: CAPA TO BE SUBMITTED | K7: =IF(I7="YES","CAPA VERIFICATION SHOULD BE SCHEDULED",IF(I7="NO","REMINDER LETTER SHOULD BE SENT","")) -> REMINDER LETTER SHOULD BE SENT | L7: 46023 | M7: https://nafdacng.sharepoint.com/sites/PMSLAGOS/Shared Documents/GSDP (GOOD STORAGE AND DISTRIBUTION PRACTICE)/GSDP COMPANY FILES\MULTIBASE | N7: =IF(M7="","",HYPERLINK(M7,B7)) -> MUJID HEALTHCARE LTD
A8: 6 | B8: ROCHE PRODUCTS LIMITED (MEDICAL DEVICES) | C8: ISN MEDICAL 40-42 ASSOCIATION AVENUE, ILUPEJU | D8: 7044644915 | E8: GDP | F8: 45693 | G8: Medium-Risk (B) | H8: 45685 | I8: NO | J8: CAPA TO BE SUBMITTED | K8: =IF(I8="YES","CAPA VERIFICATION SHOULD BE SCHEDULED",IF(I8="NO","REMINDER LETTER SHOULD BE SENT","")) -> REMINDER LETTER SHOULD BE SENT | L8: 45683 | N8: =IF(M8="","",HYPERLINK(M8,B8))
A9: 7 | B9: EUROMED LTD | E9: GDP | F9: 45734 | G9: Medium-Risk (B) | H9: 25TH MARCH 2025 | I9: YES | J9: CAPA SUBMITTED | K9: =IF(I9="YES","CAPA VERIFICATION SHOULD BE SCHEDULED",IF(I9="NO","REMINDER LETTER SHOULD BE SENT","")) -> CAPA VERIFICATION SHOULD BE SCHEDULED | L9: 45870 | M9: https://nafdacng.sharepoint.com/sites/PMSLAGOS/Shared Documents/GSDP (GOOD STORAGE AND DISTRIBUTION PRACTICE)/GSDP COMPANY FILES\EUROMED | N9: =IF(M9="","",HYPERLINK(M9,B9)) -> EUROMED LTD
A10: 8 | B10: GREENLIFE PHARMA CEUTICALS LTD. (CAPA) | C10: 35A, ASSOCIATION AVENUE, OFF OBANIKORO BUS STOP, ILUPEJU | D10: 8132993626 | E10: CAPA | F10: 45734 | G10: Low-Risk (A) | H10: N/A | I10: YES | J10: CLOSED | K10: CLOSED | L10: 46447 | M10: https://nafdacng.sharepoint.com/sites/PMSLAGOS/Shared Documents/GSDP (GOOD STORAGE AND DISTRIBUTION PRACTICE)/GSDP COMPANY FILES\GREENLIFE PHARM. LTD | N10: =IF(M10="","",HYPERLINK(M10,B10)) -> GREENLIFE PHARMA CEUTICALS LTD. (CAPA)
A11: 9 | B11: DORTEMAG PHARM. & STORES | C11: 381G, TITILAYO ADEDOYIN STR., OMOLE EST. PHASE 1, OGBA-IKEJA | D11: PHARM. SEYE AGBOOLA 0803315214 | E11: GDP | F11: 45734 | G11: Medium-Risk (B) | H11: 18TH MARCH 2025 | I11: NO | J11: CAPA TO BE SUBMITTED | K11: =IF(I11="YES","CAPA VERIFICATION SHOULD BE SCHEDULED",IF(I11="NO","REMINDER LETTER SHOULD BE SENT","")) -> REMINDER LETTER SHOULD BE SENT | L11: 46082 | M11: https://nafdacng.sharepoint.com/sites/PMSLAGOS/Shared Documents/GSDP (GOOD STORAGE AND DISTRIBUTION PRACTICE)/GSDP COMPANY FILES\DORTEMAG | N11: =IF(M11="","",HYPERLINK(M11,B11)) -> DORTEMAG PHARM. & STORES
A12: 10 | B12: HEALTHLINE NIG. LTD | C12: 29, ADENIYI JONES AVENUE, IKEJA | D12: MRS. ITUNU AJAYI 08030678801 | E12: GDP | F12: 45734 | G12: Medium-Risk (B) | H12: 18TH MRCH 2025 | I12: NO | J12: CAPA TO BE SUBMITTED | K12: =IF(I12="YES","CAPA VERIFICATION SHOULD BE SCHEDULED",IF(I12="NO","REMINDER LETTER SHOULD BE SENT","")) -> REMINDER LETTER SHOULD BE SENT | L12: 45717 | M12: https://nafdacng.sharepoint.com/sites/PMSLAGOS/Shared Documents/GSDP (GOOD STORAGE AND DISTRIBUTION PRACTICE)/GSDP COMPANY FILES\HEALTHLINE NIG. LTD | N12: =IF(M12="","",HYPERLINK(M12,B12)) -> HEALTHLINE NIG. LTD
A13: 11 | B13: GETZPHARMA NIG. LTD | C13: PLOT 2, IJA ODOLA CLOSE IKEJA GRA | D13: OBEGOLU NNEKA 08165370750 | E13: GDP | F13: 45734 | G13: Medium-Risk (B) | H13: 18TH MARCH 2025 | I13: NO | J13: CAPA TO BE SUBMITTED | K13: =IF(I13="YES","CAPA VERIFICATION SHOULD BE SCHEDULED",IF(I13="NO","REMINDER LETTER SHOULD BE SENT","")) -> REMINDER LETTER SHOULD BE SENT | L13: 45717 | M13: https://nafdacng.sharepoint.com/sites/PMSLAGOS/Shared Documents/GSDP (GOOD STORAGE AND DISTRIBUTION PRACTICE)/GSDP COMPANY FILES\GETZ PHARM NIG. LTD | N13: =IF(M13="","",HYPERLINK(M13,B13)) -> GETZPHARMA NIG. LTD
A14: 12 | B14: SHEPHERD HEALTH & VETERINARY LTD. | C14: 24, MONTGOMERY RD., YABA | D14: JOSEPH ADETUNJI 08037184254 | E14: GDP | F14: 45735 | G14: Medium-Risk (B) | H14: 19TH MARCH 2025 | I14: YES | J14: CAPA TO BE SUBMITTED | K14: =IF(I14="YES","CAPA VERIFICATION SHOULD BE SCHEDULED",IF(I14="NO","REMINDER LETTER SHOULD BE SENT","")) -> CAPA VERIFICATION SHOULD BE SCHEDULED | L14: 45717 | M14: https://nafdacng.sharepoint.com/sites/PMSLAGOS/Shared Documents/GSDP (GOOD STORAGE AND DISTRIBUTION PRACTICE)/GSDP COMPANY FILES\SHEPHERD HEALTH | N14: =IF(M14="","",HYPERLINK(M14,B14)) -> SHEPHERD HEALTH & VETERINARY LTD.
A15: 13 | B15: ADCEM PHARMACEUTICALS LTD | C15: 2, NIWILI CLOSE, IKEJA | D15: OKEKE ONYEKACHI 08123915479 | E15: GDP | F15: 45735 | G15: Medium-Risk (B) | I15: N/A | J15: CAPA TO BE SUBMITTED | K15: =IF(I15="YES","CAPA VERIFICATION SHOULD BE SCHEDULED",IF(I15="NO","REMINDER LETTER SHOULD BE SENT","")) | L15: 45717 | M15: https://nafdacng.sharepoint.com/sites/PMSLAGOS/Shared Documents/GSDP (GOOD STORAGE AND DISTRIBUTION PRACTICE)/GSDP COMPANY FILES\Adcem | N15: =IF(M15="","",HYPERLINK(M15,B15)) -> ADCEM PHARMACEUTICALS LTD
A16: 14 | B16: ADDMORE PHARMACY | C16: 251, AGEGE-MOTOR ROAD, MUSHIN | D16: BENSON NDULUE 08023019928 | E16: GDP | F16: 45735 | G16: Medium-Risk (B) | H16: 19TH MARCH 2025 | I16: NO | J16: CAPA TO BE SUBMITTED | K16: =IF(I16="YES","CAPA VERIFICATION SHOULD BE SCHEDULED",IF(I16="NO","REMINDER LETTER SHOULD BE SENT","")) -> REMINDER LETTER SHOULD BE SENT | L16: 45717 | M16: https://nafdacng.sharepoint.com/sites/PMSLAGOS/Shared Documents/GSDP (GOOD STORAGE AND DISTRIBUTION PRACTICE)/GSDP COMPANY FILES\Addmore | N16: =IF(M16="","",HYPERLINK(M16,B16)) -> ADDMORE PHARMACY
A17: 15 | B17: AXION PHARMACEUTICALS LTD | C17: 13, MODUPE STREET, SOMOLU, LAGOS. | D17: PHARM. ONYINYE 07061902283 | E17: GDP | F17: 45736 | G17: High-Risk (C) | H17: N/A | I17: NO | J17: CAPA TO BE SUBMITTED | K17: =IF(I17="YES","CAPA VERIFICATION SHOULD BE SCHEDULED",IF(I17="NO","REMINDER LETTER SHOULD BE SENT","")) -> REMINDER LETTER SHOULD BE SENT | L17: 45901 | M17: https://nafdacng.sharepoint.com/sites/PMSLAGOS/Shared Documents/GSDP (GOOD STORAGE AND DISTRIBUTION PRACTICE)/GSDP COMPANY FILES\Axion | N17: =IF(M17="","",HYPERLINK(M17,B17)) -> AXION PHARMACEUTICALS LTD
A18: 16 | B18: MED EXPRESS | C18: 7A, ADEWALE KOLAWOLE CRESCENT, OFF KUBOYE STR., MARUWA, LEKKI | D18: RUEMU OKUNDIA 08033001059 | E18: GDP | F18: 45736 | G18: Low-Risk (A) | H18: 19TH MARCH 2025 | I18: YES | J18: CAPA SUBMITTED | K18: DONE | L18: SATISFACTORY | M18: https://nafdacng.sharepoint.com/sites/PMSLAGOS/Shared Documents/GSDP (GOOD STORAGE AND DISTRIBUTION PRACTICE)/GSDP COMPANY FILES\MEDEXPRESS | N18: =IF(M18="","",HYPERLINK(M18,B18)) -> MED EXPRESS
A19: 20 | B19: SOLID ACCORD LTD | C19: 85B, FEMI KILLA RD., OFF AGO PALACE WAY, OKOTA | D19: MR FRANCIS OHALE 08033738531 | E19: GDP | F19: 45736 | G19: High-Risk (C) | H19: 21ST MARCH 2025 | I19: YES | J19: CAPA SUBMITTED | K19: =IF(I19="YES","CAPA VERIFICATION SHOULD BE SCHEDULED",IF(I19="NO","REMINDER LETTER SHOULD BE SENT","")) -> CAPA VERIFICATION SHOULD BE SCHEDULED | L19: 45742 | M19: https://nafdacng.sharepoint.com/sites/PMSLAGOS/Shared Documents/GSDP (GOOD STORAGE AND DISTRIBUTION PRACTICE)/GSDP COMPANY FILES\Solid Accord | N19: =IF(M19="","",HYPERLINK(M19,B19)) -> SOLID ACCORD LTD
A20: 21 | B20: AQUATIX PHARM. LTD | C20: 9, DAVE ANAZODO STREET, NEAR CHIVITA COMPANY, AJAO ESTATE | D20: MR. PRADEEP CHAUDHARY 08025555568 | E20: GDP | F20: 45736 | G20: Low-Risk (A) | H20: 21ST MARCH 2025 | I20: NO | J20: CAPA TO BE SUBMITTED | K20: =IF(I20="YES","CAPA VERIFICATION SHOULD BE SCHEDULED",IF(I20="NO","REMINDER LETTER SHOULD BE SENT","")) -> REMINDER LETTER SHOULD BE SENT | L20: 45925 | M20: https://nafdacng.sharepoint.com/sites/PMSLAGOS/Shared Documents/GSDP (GOOD STORAGE AND DISTRIBUTION PRACTICE)/GSDP COMPANY FILES\AQUATIX | N20: =IF(M20="","",HYPERLINK(M20,B20)) -> AQUATIX PHARM. LTD
A21: 22 | B21: SAI SAGAR | C21: 2, KAARA STREET.,OFF OSOLO WAY,AJAO ESTATE,LAGOS | D21: PHARM. OKEKE UCHE 07055244581 | E21: GDP | F21: 45736 | G21: High-Risk (C) | H21: 21ST MARCH 2025 | I21: NO | J21: CAPA TO BE SUBMITTED | K21: =IF(I21="YES","CAPA VERIFICATION SHOULD BE SCHEDULED",IF(I21="NO","REMINDER LETTER SHOULD BE SENT","")) -> REMINDER LETTER SHOULD BE SENT | L21: 45901 | M21: https://nafdacng.sharepoint.com/sites/PMSLAGOS/Shared%20Documents/GDP%20(GOOD%20DISTRIBUTION%20PRATICE)/GSDP%20COMPANY%20FILES/ICE%20REMEDIES | N21: =IF(M21="","",HYPERLINK(M21,B21)) -> SAI SAGAR
A22: 23 | B22: MAYDON PHARM. & CHEM. CO. LTD. | C22: 15, WILMER STREET, OFF TOWN PLANNING WAY, ILUPEJU | D22: Pharm. PE Orazukile 08034304758 | E22: GDP | F22: 45762 | G22: Medium-Risk (B) | H22: 5TH MAY 2025 | I22: YES | J22: CAPA SUBMITTED | K22: =IF(I22="YES","CAPA VERIFICATION SHOULD BE SCHEDULED",IF(I22="NO","REMINDER LETTER SHOULD BE SENT","")) -> CAPA VERIFICATION SHOULD BE SCHEDULED | L22: 45748 | M22: https://nafdacng.sharepoint.com/sites/PMSLAGOS/Shared Documents/GSDP (GOOD STORAGE AND DISTRIBUTION PRACTICE)/GSDP COMPANY FILES\MAYDON | N22: =IF(M22="","",HYPERLINK(M22,B22)) -> MAYDON PHARM. & CHEM. CO. LTD.
A23: 24 | B23: ALMOND ETHICALS LTD | C23: 2B, MOJOLA STREET, AJAO ESTATE, ANTHONY VILLAGE LAGOS | D23: THEODORE R. OKAFOR 08033324448 | E23: GDP | F23: 45762 | G23: Medium-Risk (B) | H23: 5TH MAY 2025 | I23: NO | J23: CAPA TO BE SUBMITTED | K23: =IF(I23="YES","CAPA VERIFICATION SHOULD BE SCHEDULED",IF(I23="NO","REMINDER LETTER SHOULD BE SENT","")) -> REMINDER LETTER SHOULD BE SENT | L23: 45748 | M23: https://nafdacng.sharepoint.com/sites/PMSLAGOS/Shared%20Documents/GDP%20(GOOD%20DISTRIBUTION%20PRATICE)/GSDP%20COMPANY%20FILES\ALMOND%20ETHICALS | N23: =IF(M23="","",HYPERLINK(M23,B23)) -> ALMOND ETHICALS LTD
A24: 25 | B24: EJIMATH PHARMACY LTD. | C24: 10, ABEOKUTA STREET, OFF ABEOKUTA EXPRESS ROAD, PLEASURE, ALIMOSHO, LAGOS | D24: Pharm. (Dr.) Agu Nnamdulu | E24: GDP | F24: 45762 | G24: Medium-Risk (B) | H24: 23RD APRIL 2025 | I24: NO | J24: CAPA TO BE SUBMITTED | K24: =IF(I24="YES","CAPA VERIFICATION SHOULD BE SCHEDULED",IF(I24="NO","REMINDER LETTER SHOULD BE SENT","")) -> REMINDER LETTER SHOULD BE SENT | L24: 45773 | M24: https://nafdacng.sharepoint.com/sites/PMSLAGOS/Shared Documents/GSDP (GOOD STORAGE AND DISTRIBUTION PRACTICE)/GSDP COMPANY FILES\EJIMATH | N24: =IF(M24="","",HYPERLINK(M24,B24)) -> EJIMATH PHARMACY LTD.
A25: 26 | B25: NAFRO PHARMA NIG. LTD. | C25: SUITE B16, AMORI SHOPPING PLAZA, EGBEDA. | D25: Abasilim 08033262248 | E25: GDP | F25: 45762 | G25: Medium-Risk (B) | H25: 23RD APRIL 2025 | I25: NO | J25: CAPA TO BE SUBMITTED | K25: =IF(I25="YES","CAPA VERIFICATION SHOULD BE SCHEDULED",IF(I25="NO","REMINDER LETTER SHOULD BE SENT","")) -> REMINDER LETTER SHOULD BE SENT | L25: 45748 | M25: https://nafdacng.sharepoint.com/sites/PMSLAGOS/Shared Documents/GSDP (GOOD STORAGE AND DISTRIBUTION PRACTICE)/GSDP COMPANY FILES\NANCIL1 | N25: =IF(M25="","",HYPERLINK(M25,B25)) -> NAFRO PHARMA NIG. LTD.
A26: 27 | B26: THOMPSON & GRACE PHARM. LTD. | C26: 7, MORONU MADUAGWU STR., OFF MASHA, SURULERE | D26: Pharm. Anthony Otaigbe 07060954163 | E26: GDP | F26: 45763 | G26: Medium-Risk (B) | J26: CAPA TO BE SUBMITTED | K26: =IF(I26="YES","CAPA VERIFICATION SHOULD BE SCHEDULED",IF(I26="NO","REMINDER LETTER SHOULD BE SENT","")) | L26: 45748 | M26: https://nafdacng.sharepoint.com/sites/PMSLAGOS/Shared Documents/GSDP (GOOD STORAGE AND DISTRIBUTION PRACTICE)/GSDP COMPANY FILES\Thompson & Grace Pharm | N26: =IF(M26="","",HYPERLINK(M26,B26)) -> THOMPSON & GRACE PHARM. LTD.
A27: 28 | B27: GLOBAL ONE WORD HEALTHCARE | C27: 30B TOWOLAWI, COKER VILLAGE, ORILE IGANMU, SURULERE | D27: PHARM. IFE ADETIFA 07033775248 | E27: GDP | F27: 45763 | G27: Medium-Risk (B) | H27: 24TH APRIL 2025 | I27: YES | J27: CAPA SUBMITTED | K27: =IF(I27="YES","CAPA VERIFICATION SHOULD BE SCHEDULED",IF(I27="NO","REMINDER LETTER SHOULD BE SENT","")) -> CAPA VERIFICATION SHOULD BE SCHEDULED | L27: 45748 | M27: https://nafdacng.sharepoint.com/sites/PMSLAGOS/Shared Documents/GSDP (GOOD STORAGE AND DISTRIBUTION PRACTICE)/GSDP COMPANY FILES\Global One healthcare | N27: =IF(M27="","",HYPERLINK(M27,B27)) -> GLOBAL ONE WORD HEALTHCARE
A28: 29 | B28: LABETA DRUGS LTD. | C28: 16, BADARU STREET, BY MASHA BUSSTOP, SURULERE | D28: Elizabeth Amomo 08023263729 | E28: GDP | F28: 45763 | G28: Medium-Risk (B) | H28: 24TH APRIL 2025 | I28: YES | J28: CAPA SUBMITTED | K28: =IF(I28="YES","CAPA VERIFICATION SHOULD BE SCHEDULED",IF(I28="NO","REMINDER LETTER SHOULD BE SENT","")) -> CAPA VERIFICATION SHOULD BE SCHEDULED | L28: 45748 | M28: https://nafdacng.sharepoint.com/sites/PMSLAGOS/Shared Documents/GSDP (GOOD STORAGE AND DISTRIBUTION PRACTICE)/GSDP COMPANY FILES\LABETA | N28: =IF(M28="","",HYPERLINK(M28,B28)) -> LABETA DRUGS LTD.
A29: 30 | B29: MULTIBASE PHARMA IND. NIG. LTD | C29: 7A, AJIBADE OKE STR., AJAO ESTATE | D29: 8033183813 | E29: GDP | F29: 45764 | G29: Low-Risk (A) | I29: YES | J29: NO CAPA UNTIL IMPORTATION BEGINS | K29: =IF(I29="YES","CAPA VERIFICATION SHOULD BE SCHEDULED",IF(I29="NO","REMINDER LETTER SHOULD BE SENT","")) -> CAPA VERIFICATION SHOULD BE SCHEDULED | L29: 46113 | M29: https://nafdacng.sharepoint.com/sites/PMSLAGOS/Shared Documents/GSDP (GOOD STORAGE AND DISTRIBUTION PRACTICE)/GSDP COMPANY FILES\MULTICHARIS PHARMACY & CHEM | N29: =IF(M29="","",HYPERLINK(M29,B29)) -> MULTIBASE PHARMA IND. NIG. LTD
A30: 31 | B30: GENERICS & SPECIALITIES LTD (CAPA) | C30: 9, DAVE ANAZODO STREET, NEAR CHIVITA COMPANY, AJAO ESTATE | D30: Pharm. Cyril Odidika | E30: CAPA | F30: 45764 | G30: Low-Risk (A) | J30: CLOSED | K30: CONTINOUS MONITORING TO ENSURE COMPLAINCE | L30: SATISFACTORY | M30: https://nafdacng.sharepoint.com/sites/PMSLAGOS/Shared Documents/GSDP (GOOD STORAGE AND DISTRIBUTION PRACTICE)/GSDP COMPANY FILES\GENERICS & SPECIALITIES | N30: =IF(M30="","",HYPERLINK(M30,B30)) -> GENERICS & SPECIALITIES LTD (CAPA)
A31: 32 | B31: NANCIL NIG. LTD. | C31: 1, CEDAR ROAD, OFF OJODU ABIODUN ROAD, OJODU BERGER | D31: Pharm. Chizoba Akubue | E31: GDP | F31: 45764 | G31: Medium-Risk (B) | H31: 22ND APRIL 2025 | I31: YES | J31: CAPA SUBMITTED | K31: DONE | L31: SATISFACTORY | M31: https://nafdacng.sharepoint.com/sites/PMSLAGOS/Shared Documents/GSDP (GOOD STORAGE AND DISTRIBUTION PRACTICE)/GSDP COMPANY FILES\NEAT LINE PHARM LTD | N31: =IF(M31="","",HYPERLINK(M31,B31)) -> NANCIL NIG. LTD.
A32: 33 | B32: TETA PHARM. LTD.(CAPA) | C32: 4, OKEHO STREET, IREAKARI ESTATE, ISOLO | D32: Pharm. George Akinsuli | E32: CAPA | F32: 45764 | G32: Medium-Risk (B) | H32: 24TH APRIL 2025 | I32: YES | J32: CAPA SUBMITTED | K32: =IF(I32="YES","CAPA VERIFICATION SHOULD BE SCHEDULED",IF(I32="NO","REMINDER LETTER SHOULD BE SENT","")) -> CAPA VERIFICATION SHOULD BE SCHEDULED | L32: 45748 | M32: https://nafdacng.sharepoint.com/sites/PMSLAGOS/Shared Documents/GSDP (GOOD STORAGE AND DISTRIBUTION PRACTICE)/GSDP COMPANY FILES\TEKA PHARM | N32: =IF(M32="","",HYPERLINK(M32,B32)) -> TETA PHARM. LTD.(CAPA)
A33: 34 | B33: VITANE PHARM. NIG. LTD. | D33: M.ALATEEKS | E33: GDP | F33: 45762 | G33: Low-Risk (A) | J33: CAPA TO BE SUBMITTED | K33: =IF(I33="YES","CAPA VERIFICATION SHOULD BE SCHEDULED",IF(I33="NO","REMINDER LETTER SHOULD BE SENT","")) | L33: 46113 | N33: =IF(M33="","",HYPERLINK(M33,B33))
A34: 35 | B34: ORANGE DRUGS LTD. | C34: 66/68, TOWN PLANNING WAY, ILUPEJU | D34: 8036005454 | E34: GDP | F34: 45797 | G34: Medium-Risk (B) | H34: 21ST MAY 2025 | I34: NO | J34: CAPA TO BE SUBMITTED | K34: =IF(I34="YES","CAPA VERIFICATION SHOULD BE SCHEDULED",IF(I34="NO","REMINDER LETTER SHOULD BE SENT","")) -> REMINDER LETTER SHOULD BE SENT | L34: 45778 | M34: https://nafdacng.sharepoint.com/sites/PMSLAGOS/Shared Documents/GSDP (GOOD STORAGE AND DISTRIBUTION PRACTICE)/GSDP COMPANY FILES\Orange drugs ltd | N34: =IF(M34="","",HYPERLINK(M34,B34)) -> ORANGE DRUGS LTD.
A35: 36 | B35: GLOBAL HEALTHCARE LTD | C35: 12, OLUSOJI IDOWU STREET, OFF ADEKUNLE ODUNLAMI CRESCERNT, ILUPEJU | D35: OLADIMEJI GBOTOSO 08033371573 | E35: GDP | F35: 45797 | G35: Medium-Risk (B) | H35: 21ST MAY 2025 | I35: NO | J35: CAPA TO BE SUBMITTED | K35: =IF(I35="YES","CAPA VERIFICATION SHOULD BE SCHEDULED",IF(I35="NO","REMINDER LETTER SHOULD BE SENT","")) -> REMINDER LETTER SHOULD BE SENT | L35: 45778 | M35: https://nafdacng.sharepoint.com/sites/PMSLAGOS/Shared Documents/GSDP (GOOD STORAGE AND DISTRIBUTION PRACTICE)/GSDP COMPANY FILES\Global Healthcare Ltd | N35: =IF(M35="","",HYPERLINK(M35,B35)) -> GLOBAL HEALTHCARE LTD
A36: 37 | B36: OXUS PHARMA LTD. | C36: 20, OGUNAIKE STREET, OFF SHIPEOLU STREET, PALMGROOVE | D36: PHARM. EGBUNIKE 08065139357 | E36: GDP | F36: 45797 | G36: Medium-Risk (B) | H36: 21ST MAY 2025 | I36: NO | J36: CAPA TO BE SUBMITTED | K36: =IF(I36="YES","CAPA VERIFICATION SHOULD BE SCHEDULED",IF(I36="NO","REMINDER LETTER SHOULD BE SENT","")) -> REMINDER LETTER SHOULD BE SENT | L36: 45778 | M36: https://nafdacng.sharepoint.com/sites/PMSLAGOS/Shared Documents/GSDP (GOOD STORAGE AND DISTRIBUTION PRACTICE)/GSDP COMPANY FILES\Oxus pharma | N36: =IF(M36="","",HYPERLINK(M36,B36)) -> OXUS PHARMA LTD.
A37: 38 | B37: MICRONOVA PHARM. INDT. LTD | C37: PLOT 3, BILLINGS WAY, OREGUN IND ESTATE, IKEJA | D37: OGUEF SOLOMON 08033555665 | E37: GDP | F37: 45797 | G37: Medium-Risk (B) | H37: 26TH MAY 2025 | I37: NO | J37: CAPA TO BE SUBMITTED | K37: =IF(I37="YES","CAPA VERIFICATION SHOULD BE SCHEDULED",IF(I37="NO","REMINDER LETTER SHOULD BE SENT","")) -> REMINDER LETTER SHOULD BE SENT | L37: 45778 | M37: https://nafdacng.sharepoint.com/sites/PMSLAGOS/Shared Documents/GSDP (GOOD STORAGE AND DISTRIBUTION PRACTICE)/GSDP COMPANY FILES\Mid century Agro Allied Ventures | N37: =IF(M37="","",HYPERLINK(M37,B37)) -> MICRONOVA PHARM. INDT. LTD
A38: 39 | B38: TURNER WRIGHT LTD. | C38: 15, ADENEKAN SALAKO STR., OGBA, IKEJA | D38: PHARM. F. AKINDELE 08033068480 | E38: GDP | F38: 45797 | G38: Medium-Risk (B) | H38: 25TH MAY 2025 | I38: NO | J38: CAPA TO BE SUBMITTED | K38: =IF(I38="YES","CAPA VERIFICATION SHOULD BE SCHEDULED",IF(I38="NO","REMINDER LETTER SHOULD BE SENT","")) -> REMINDER LETTER SHOULD BE SENT | L38: 45778 | M38: https://nafdacng.sharepoint.com/sites/PMSLAGOS/Shared%20Documents/GDP%20(GOOD%20DISTRIBUTION%20PRATICE)/GSDP%20COMPANY%20FILES/TURNER%20WRIGHT%20LTD | N38: =IF(M38="","",HYPERLINK(M38,B38)) -> TURNER WRIGHT LTD.
A39: 40 | B39: BRIAN MUNRO LTD | C39: 25, IZE IYAMU STR., OFF BILLINGSWAY, OREGUN | D39: PHARM. OLORUNSOLA BOLUWATIFE 08060378307 | E39: GDP | F39: 45799 | G39: Medium-Risk (B) | H39: 23RD MAY 2025 | I39: NO | J39: CAPA TO BE SUBMITTED | K39: =IF(I39="YES","CAPA VERIFICATION SHOULD BE SCHEDULED",IF(I39="NO","REMINDER LETTER SHOULD BE SENT","")) -> REMINDER LETTER SHOULD BE SENT | L39: 45778 | M39: https://nafdacng.sharepoint.com/sites/PMSLAGOS/Shared Documents/GSDP (GOOD STORAGE AND DISTRIBUTION PRACTICE)/GSDP COMPANY FILES\Brian Munroe | N39: =IF(M39="","",HYPERLINK(M39,B39)) -> BRIAN MUNRO LTD
A40: 41 | B40: SAGAR VITACEUTICALS (CAPA) | C40: PLOT 2, LADIPO OLUWOLE STR., OFF AKRAN AVENUE, IKEJA | D40: PHARM. AJENIFUJA 08023692457 | E40: CAPA | F40: 45799 | G40: Low-Risk (A) | H40: 23RD MAY 2025 | I40: YES | J40: CAPA SUBMITTED | K40: CLOSED | L40: 45778 | M40: https://nafdacng.sharepoint.com/sites/PMSLAGOS/Shared Documents/GSDP (GOOD STORAGE AND DISTRIBUTION PRACTICE)/GSDP COMPANY FILES\SAGAR VITACEAUTICALS NIG LTD | N40: =IF(M40="","",HYPERLINK(M40,B40)) -> SAGAR VITACEUTICALS (CAPA)
A41: 42 | B41: NEIMETH INTERNATIONAL PHARMACEUTICALS PLC | C41: PLOT 16, AKANNI DOHERTY LAYOUT, BILLINGS WAY OREGUN INDUSTRIAL ROAD | D41: PHARM. ONWUBUYA PHILIP 08085246483 | E41: GDP | F41: 45799 | G41: Medium-Risk (B) | H41: 23RD MAY 2025 | I41: YES | J41: CAPA SUBMITTED | K41: =IF(I41="YES","CAPA VERIFICATION SHOULD BE SCHEDULED",IF(I41="NO","REMINDER LETTER SHOULD BE SENT","")) -> CAPA VERIFICATION SHOULD BE SCHEDULED | L41: 46143 | M41: https://nafdacng.sharepoint.com/sites/PMSLAGOS/Shared Documents/GSDP (GOOD STORAGE AND DISTRIBUTION PRACTICE)/GSDP COMPANY FILES\NEMITT PHARMACEUTICALS LTD | N41: =IF(M41="","",HYPERLINK(M41,B41)) -> NEIMETH INTERNATIONAL PHARMACEUTICALS PLC
A42: 43 | B42: EVERSHINE PHARMACEUTICAL NIG. LTD. (CAPA) | C42: 41, AMOKE ALASALA STREET, IYANA IPAJA, LAGOS. | D42: PHARM. CLETHS S.N. 08062744196 | E42: CAPA | F42: 45799 | G42: Medium-Risk (B) | H42: 23RD MAY 2025 | I42: NO | J42: CAPA TO BE SUBMITTED | K42: =IF(I42="YES","CAPA VERIFICATION SHOULD BE SCHEDULED",IF(I42="NO","REMINDER LETTER SHOULD BE SENT","")) -> REMINDER LETTER SHOULD BE SENT | L42: 45778 | M42: https://nafdacng.sharepoint.com/sites/PMSLAGOS/Shared Documents/GSDP (GOOD STORAGE AND DISTRIBUTION PRACTICE)/GSDP COMPANY FILES\EVERSHINE PHARMA NIG LTD | N42: =IF(M42="","",HYPERLINK(M42,B42)) -> EVERSHINE PHARMACEUTICAL NIG. LTD. (CAPA)
A43: 44 | B43: ASSENE-LABOREX LTD | C43: PLT. 2 & 4, BLK. D, IND. SCHEME, APAPA-OSHODI E-WAY | D43: PHARM. TIMI ESO 08184544791 | E43: GDP | F43: 45799 | G43: Low-Risk (A) | H43: N/A | I43: NO | J43: CLOSED | K43: CLOSED | L43: SATISFACTORY | M43: https://nafdacng.sharepoint.com/sites/PMSLAGOS/Shared Documents/GSDP (GOOD STORAGE AND DISTRIBUTION PRACTICE)/GSDP COMPANY FILES\Assene-LABOREX | N43: =IF(M43="","",HYPERLINK(M43,B43)) -> ASSENE-LABOREX LTD
A44: 45 | B44: PEMASON PHARMACY LTD | C44: NO. 15, REGINAL PETER CHIDIEBERE STREET, HOPE ESTATE, ISOLO | D44: PHARM. OGBANUSI 08034000540 | E44: GDP | F44: 45799 | G44: Medium-Risk (B) | H44: N/A | I44: NO | J44: CAPA TO BE SUBMITTED | K44: =IF(I44="YES","CAPA VERIFICATION SHOULD BE SCHEDULED",IF(I44="NO","REMINDER LETTER SHOULD BE SENT","")) -> REMINDER LETTER SHOULD BE SENT | L44: 45778 | M44: https://nafdacng.sharepoint.com/sites/PMSLAGOS/Shared Documents/GSDP (GOOD STORAGE AND DISTRIBUTION PRACTICE)/GSDP COMPANY FILES\PEMASON | N44: =IF(M44="","",HYPERLINK(M44,B44)) -> PEMASON PHARMACY LTD
A45: 46 | B45: NKOYO CHEMIST | C45: 23, AGBONYIN STREET, AGUDA, SURULERE | D45: PHARM. CHISOM 08035747466 | E45: GDP | F45: 45799 | G45: Medium-Risk (B) | H45: N/A | I45: NO | J45: CAPA TO BE SUBMITTED | K45: =IF(I45="YES","CAPA VERIFICATION SHOULD BE SCHEDULED",IF(I45="NO","REMINDER LETTER SHOULD BE SENT","")) -> REMINDER LETTER SHOULD BE SENT | L45: 45778 | M45: https://nafdacng.sharepoint.com/sites/PMSLAGOS/Shared Documents/GSDP (GOOD STORAGE AND DISTRIBUTION PRACTICE)/GSDP COMPANY FILES/EUROMED | N45: =IF(M45="","",HYPERLINK(M45,B45)) -> NKOYO CHEMIST
A46: 47 | B46: EVANS THERAPEUTICS | C46: 24,ABIMBOLA WAY,ISOLO LAGOS | D46: PHARM. ADEMOLA ADEKUNLE | E46: GDP | F46: 45827 | G46: Low-Risk (A) | H46: 24th june 2025 | I46: NO | J46: CAPA TO BE SUBMITTED | K46: =IF(I46="YES","CAPA VERIFICATION SHOULD BE SCHEDULED",IF(I46="NO","REMINDER LETTER SHOULD BE SENT","")) -> REMINDER LETTER SHOULD BE SENT | L46: 46174 | M46: https://nafdacng.sharepoint.com/sites/PMSLAGOS/Shared Documents/GSDP (GOOD STORAGE AND DISTRIBUTION PRACTICE)/GSDP COMPANY FILES\EVANS THERAPEUTICS | N46: =IF(M46="","",HYPERLINK(M46,B46)) -> EVANS THERAPEUTICS
A47: 48 | B47: STRIDES LIFESCIENCES LTD | C47: CHEMLINE HOUSE 7,OBASA STREET,OFF OBA AKRAN AVENUE,IKEJA | D47: PHARM. KELECHI EKE | E47: GDP | F47: 45827 | G47: Medium-Risk (B) | H47: 24th june 2025 | I47: NO | J47: CAPA TO BE SUBMITTED | K47: =IF(I47="YES","CAPA VERIFICATION SHOULD BE SCHEDULED",IF(I47="NO","REMINDER LETTER SHOULD BE SENT","")) -> REMINDER LETTER SHOULD BE SENT | L47: 45809 | M47: https://nafdacng.sharepoint.com/sites/PMSLAGOS/Shared Documents/GSDP (GOOD STORAGE AND DISTRIBUTION PRACTICE)/GSDP COMPANY FILES\STRIDELIFESCIENCES | N47: =IF(M47="","",HYPERLINK(M47,B47)) -> STRIDES LIFESCIENCES LTD
A48: 49 | B48: KUNIMED PHARMACHEM LTD | C48: 18/20 MORTUNE AVENUE,VALLEY ESTATE,IKEJA | D48: PHARM. EZEAMA EMMANUEL | E48: GDP | F48: 45827 | G48: Medium-Risk (B) | H48: 24th june 2025 | I48: NO | J48: CAPA TO BE SUBMITTED | K48: =IF(I48="YES","CAPA VERIFICATION SHOULD BE SCHEDULED",IF(I48="NO","REMINDER LETTER SHOULD BE SENT","")) -> REMINDER LETTER SHOULD BE SENT | L48: 45809 | M48: https://nafdacng.sharepoint.com/sites/PMSLAGOS/Shared Documents/GSDP (GOOD STORAGE AND DISTRIBUTION PRACTICE)/GSDP COMPANY FILES\KUNIMED1 | N48: =IF(M48="","",HYPERLINK(M48,B48)) -> KUNIMED PHARMACHEM LTD
A49: 50 | B49: PACMAI INTL LTD | C49: 4, SHOWEMIMO STREET,BEHIND ION FILLING STATION AFTER ABULE,BEFORE OJO BARRACKS | D49: PHARM. GBENGA AJERO | E49: GDP | F49: 45828 | G49: High-Risk (C) | H49: 30th june 2025 | I49: NO | J49: CAPA TO BE SUBMITTED | K49: =IF(I49="YES","CAPA VERIFICATION SHOULD BE SCHEDULED",IF(I49="NO","REMINDER LETTER SHOULD BE SENT","")) -> REMINDER LETTER SHOULD BE SENT | L49: 46174 | M49: https://nafdacng.sharepoint.com/sites/PMSLAGOS/Shared Documents/GSDP (GOOD STORAGE AND DISTRIBUTION PRACTICE)/GSDP COMPANY FILES\Pacmal intl ltd | N49: =IF(M49="","",HYPERLINK(M49,B49)) -> PACMAI INTL LTD
A50: 51 | B50: SKIN PHARM LTD | C50: 230, IDEWU STREET,OLODI APAPA | D50: OPARAOCHA MARYEY | E50: GDP | F50: 45828 | G50: Medium-Risk (B) | H50: 30th june 2025 | I50: NO | J50: CAPA TO BE SUBMITTED | K50: =IF(I50="YES","CAPA VERIFICATION SHOULD BE SCHEDULED",IF(I50="NO","REMINDER LETTER SHOULD BE SENT","")) -> REMINDER LETTER SHOULD BE SENT | L50: 45809 | M50: https://nafdacng.sharepoint.com/sites/PMSLAGOS/Shared Documents/GSDP (GOOD STORAGE AND DISTRIBUTION PRACTICE)/GSDP COMPANY FILES\SKINPHARM | N50: =IF(M50="","",HYPERLINK(M50,B50)) -> SKIN PHARM LTD
A51: 52 | B51: AMAKIN PHARMACEUTICALS LTD | C51: 25, OTUNBA GBADAMOSI/ASADO STREET,OLODI APAPA | D51: PHARM MACDONALD A. | E51: GDP | F51: 45828 | G51: Medium-Risk (B) | H51: 30th june 2025 | I51: YES | J51: CAPA SUBMITTED | K51: =IF(I51="YES","CAPA VERIFICATION SHOULD BE SCHEDULED",IF(I51="NO","REMINDER LETTER SHOULD BE SENT","")) -> CAPA VERIFICATION SHOULD BE SCHEDULED | L51: 45809 | M51: https://nafdacng.sharepoint.com/sites/PMSLAGOS/Shared Documents/GSDP (GOOD STORAGE AND DISTRIBUTION PRACTICE)/GSDP COMPANY FILES\AMAKIN PHARM | N51: =IF(M51="","",HYPERLINK(M51,B51)) -> AMAKIN PHARMACEUTICALS LTD
A52: 53 | B52: MC FORIS PHARM LTD | C52: 7,APOSTOLIC CHURCH STREET,AJAO ESTATE | D52: PHARM ASHIMOLE PRECIOUS | E52: GDP | F52: 45828 | G52: Medium-Risk (B) | H52: 25th june 2025 | I52: NO | J52: CAPA TO BE SUBMITTED | K52: =IF(I52="YES","CAPA VERIFICATION SHOULD BE SCHEDULED",IF(I52="NO","REMINDER LETTER SHOULD BE SENT","")) -> REMINDER LETTER SHOULD BE SENT | L52: 45809 | M52: https://nafdacng.sharepoint.com/sites/PMSLAGOS/Shared Documents/GSDP (GOOD STORAGE AND DISTRIBUTION PRACTICE)/GSDP COMPANY FILES\MCFORIS Pharm ltd | N52: =IF(M52="","",HYPERLINK(M52,B52)) -> MC FORIS PHARM LTD
A53: 54 | B53: BERLIN PHARM & HEALTHCARE | C53: 42, COMFORT EBOH,KIRIKIRI INDUSTRIAL AREA,APAPA | D53: FELIX ANIKPEA | E53: GDP | F53: 45831 | G53: High-Risk (C) | H53: 24th june 2025 | I53: NO | J53: CAPA TO BE SUBMITTED | K53: =IF(I53="YES","CAPA VERIFICATION SHOULD BE SCHEDULED",IF(I53="NO","REMINDER LETTER SHOULD BE SENT","")) -> REMINDER LETTER SHOULD BE SENT | L53: 45992 | M53: https://nafdacng.sharepoint.com/sites/PMSLAGOS/Shared Documents/GSDP (GOOD STORAGE AND DISTRIBUTION PRACTICE)/GSDP COMPANY FILES\BERLIN PHARM | N53: =IF(M53="","",HYPERLINK(M53,B53)) -> BERLIN PHARM & HEALTHCARE
A54: 55 | B54: SUITE LIFE PHARMACEUTICALS | C54: SUITE LIFE CLOSE,HOPE ESTATE,AGO PALACE,OKOTA | D54: MRS JULIUS-IFEANYI UCHE | E54: GDP | F54: 45831 | G54: High-Risk (C) | H54: 24th june 2025 | I54: NO | J54: CAPA TO BE SUBMITTED | K54: =IF(I54="YES","CAPA VERIFICATION SHOULD BE SCHEDULED",IF(I54="NO","REMINDER LETTER SHOULD BE SENT","")) -> REMINDER LETTER SHOULD BE SENT | L54: 45992 | M54: https://nafdacng.sharepoint.com/sites/PMSLAGOS/Shared Documents/GSDP (GOOD STORAGE AND DISTRIBUTION PRACTICE)/GSDP COMPANY FILES\SUITELIFE | N54: =IF(M54="","",HYPERLINK(M54,B54)) -> SUITE LIFE PHARMACEUTICALS
A55: 56 | B55: GLOBAL ONE WORD HEALTHCARE | C55: 30B TOLAWI COKER VILLAGE ORILE IGANMU SURULERE | D55: PHARM. IFE ADETIFA | E55: CAPA | F55: 45831 | G55: Low-Risk (A) | H55: CLOSED | I55: YES | J55: CLOSED | K55: SATISFACTORY | L55: 46174 | M55: https://nafdacng.sharepoint.com/sites/PMSLAGOS/Shared Documents/GSDP (GOOD STORAGE AND DISTRIBUTION PRACTICE)/GSDP COMPANY FILES\Global One healthcare | N55: =IF(M55="","",HYPERLINK(M55,B55)) -> GLOBAL ONE WORD HEALTHCARE
A56: 57 | B56: FRESHBORN INDUSTRIES LTD | C56: PLOT 3164, BLOCK 68, MARIAN ROAD,AMUWO ODOFIN | D56: PHARM. EBURUO BONIFACE | E56: GDP | F56: 45831 | G56: Medium-Risk (B) | H56: 30th june 2025 | I56: NO | J56: CAPA TO BE SUBMITTED | K56: =IF(I56="YES","CAPA VERIFICATION SHOULD BE SCHEDULED",IF(I56="NO","REMINDER LETTER SHOULD BE SENT","")) -> REMINDER LETTER SHOULD BE SENT | L56: 45809 | M56: https://nafdacng.sharepoint.com/sites/PMSLAGOS/Shared Documents/GSDP (GOOD STORAGE AND DISTRIBUTION PRACTICE)/GSDP COMPANY FILES\FRESHBORN | N56: =IF(M56="","",HYPERLINK(M56,B56)) -> FRESHBORN INDUSTRIES LTD
A57: 58 | B57: EMINENT DRUGS LIMITED | C57: 6B OMONUBI ,OFF OMOLANI STREET,IJESHATEDO-SU | D57: PHARM. AKALUGO JUDE | E57: GDP | F57: 45831 | G57: High-Risk (C) | H57: 30th june 2025 | I57: NO | J57: CAPA TO BE SUBMITTED | K57: =IF(I57="YES","CAPA VERIFICATION SHOULD BE SCHEDULED",IF(I57="NO","REMINDER LETTER SHOULD BE SENT","")) -> REMINDER LETTER SHOULD BE SENT | L57: 45809 | M57: https://nafdacng.sharepoint.com/sites/PMSLAGOS/Shared Documents/GSDP (GOOD STORAGE AND DISTRIBUTION PRACTICE)/GSDP COMPANY FILES\EMINENT DRUGS | N57: =IF(M57="","",HYPERLINK(M57,B57)) -> EMINENT DRUGS LIMITED
A58: 59 | B58: MALVIN MEDICS | C58: 6, WILMERS STREET,ILUPEJU LAGOS | D58: PHARM. PETER OGINI | E58: GDP | F58: 45855 | G58: Medium-Risk (B) | H58: N/A | I58: NO | J58: CAPA TO BE SUBMITTED | K58: =IF(I58="YES","CAPA VERIFICATION SHOULD BE SCHEDULED",IF(I58="NO","REMINDER LETTER SHOULD BE SENT","")) -> REMINDER LETTER SHOULD BE SENT | L58: 45839 | M58: https://nafdacng.sharepoint.com/sites/PMSLAGOS/Shared Documents/GSDP (GOOD STORAGE AND DISTRIBUTION PRACTICE)/GSDP COMPANY FILES\MALVEN MEDICS LTD | N58: =IF(M58="","",HYPERLINK(M58,B58)) -> MALVIN MEDICS
A59: 60 | B59: PANGENE BIOTECH | C59: 64,BAYO OYEWALE STREET,AGO PALACE,OKOTA,LAGOS | D59: PHARM. NKESE UYOATA | E59: GDP | F59: 45855 | G59: High-Risk (C) | H59: 24TH JULY 2025 | I59: YES | J59: CAPA SUBMITTED | K59: =IF(I59="YES","CAPA VERIFICATION SHOULD BE SCHEDULED",IF(I59="NO","REMINDER LETTER SHOULD BE SENT","")) -> CAPA VERIFICATION SHOULD BE SCHEDULED | L59: 45962 | M59: https://nafdacng.sharepoint.com/sites/PMSLAGOS/Shared Documents/GSDP (GOOD STORAGE AND DISTRIBUTION PRACTICE)/GSDP COMPANY FILES\PANGENE BIOTECH | N59: =IF(M59="","",HYPERLINK(M59,B59)) -> PANGENE BIOTECH
A60: 61 | B60: CEEMIKE PHARMA LTD | C60: 41,SHEU HUSSEIN ARIKEKEWUYO ROAD,I/VIEW ESTATE PH2,AMUWO ODOFIN,LAGOS | D60: PHARM.EBINUM SUNDAY | E60: GDP | F60: 45854 | G60: High-Risk (C) | H60: 23RD JULY 2025 | I60: YES | J60: CAPA SUBMITTED | K60: =IF(I60="YES","CAPA VERIFICATION SHOULD BE SCHEDULED",IF(I60="NO","REMINDER LETTER SHOULD BE SENT","")) -> CAPA VERIFICATION SHOULD BE SCHEDULED | L60: 46023 | M60: https://nafdacng.sharepoint.com/sites/PMSLAGOS/Shared Documents/GSDP (GOOD STORAGE AND DISTRIBUTION PRACTICE)/GSDP COMPANY FILES\CEEMIKE | N60: =IF(M60="","",HYPERLINK(M60,B60)) -> CEEMIKE PHARMA LTD
A61: 62 | B61: TOC PHARMACEUTICALS | C61: 88,ILAMOYE STREET,IJESHATEDO,LAGOS | D61: PHARM. FASASI | E61: GDP | F61: 45855 | G61: High-Risk (C) | H61: 24TH JULY 2025 | I61: NO | J61: CAPA TO BE SUBMITTED | K61: =IF(I61="YES","CAPA VERIFICATION SHOULD BE SCHEDULED",IF(I61="NO","REMINDER LETTER SHOULD BE SENT","")) -> REMINDER LETTER SHOULD BE SENT | L61: 46023 | M61: https://nafdacng.sharepoint.com/sites/PMSLAGOS/Shared Documents/GSDP (GOOD STORAGE AND DISTRIBUTION PRACTICE)/GSDP COMPANY FILES\TOC PHARMACEUTICALS | N61: =IF(M61="","",HYPERLINK(M61,B61)) -> TOC PHARMACEUTICALS
A62: 63 | B62: GOLDEN GAZELLE | C62: 387,AGEGE MOTOR ROAD,MUSHIN, LAGOS | D62: PHARM. OKWUAKU MARTINS | E62: GDP | F62: 45856 | G62: Medium-Risk (B) | H62: 24TH JULY 2025 | I62: NO | J62: CAPA TO BE SUBMITTED | K62: =IF(I62="YES","CAPA VERIFICATION SHOULD BE SCHEDULED",IF(I62="NO","REMINDER LETTER SHOULD BE SENT","")) -> REMINDER LETTER SHOULD BE SENT | L62: 45839 | M62: https://nafdacng.sharepoint.com/sites/PMSLAGOS/Shared Documents/GSDP (GOOD STORAGE AND DISTRIBUTION PRACTICE)/GSDP COMPANY FILES/GOLDEN GAZELLE | N62: =IF(M62="","",HYPERLINK(M62,B62)) -> GOLDEN GAZELLE
A63: 64 | B63: SHEPHERD HEALTH & VETERINARY LTD. | C63: 24,MONTGOMERY ROAD,YABA,LAGOS | D63: PHARM ADETUNJI JOSEPH | E63: CAPA | F63: 45894 | G63: Low-Risk (A) | H63: 30TH AUGUST 2025 | I63: NO | J63: CAPA TO BE SUBMITTED | K63: =IF(I63="YES","CAPA VERIFICATION SHOULD BE SCHEDULED",IF(I63="NO","REMINDER LETTER SHOULD BE SENT","")) -> REMINDER LETTER SHOULD BE SENT | L63: 46600 | M63: https://nafdacng.sharepoint.com/sites/PMSLAGOS/Shared Documents/GSDP (GOOD STORAGE AND DISTRIBUTION PRACTICE)/GSDP COMPANY FILES/SHEPHERD HEALTH | N63: =IF(M63="","",HYPERLINK(M63,B63)) -> SHEPHERD HEALTH & VETERINARY LTD.
A64: 65 | B64: TRINITAS APO LIMITED | C64: 192,BABS ANIMASHAUN STREET, SURULERE LAGOS | D64: PHARM EZEAKOR EMEKA | E64: GDP | F64: 45894 | G64: Low-Risk (A) | H64: 30TH AUGUST 2025 | I64: NO | J64: CAPA TO BE SUBMITTED | K64: =IF(I64="YES","CAPA VERIFICATION SHOULD BE SCHEDULED",IF(I64="NO","REMINDER LETTER SHOULD BE SENT","")) -> REMINDER LETTER SHOULD BE SENT | L64: 46600 | M64: https://nafdacng.sharepoint.com/sites/PMSLAGOS/Shared Documents/GSDP (GOOD STORAGE AND DISTRIBUTION PRACTICE)/GSDP COMPANY FILES\TRINITAS | N64: =IF(M64="","",HYPERLINK(M64,B64)) -> TRINITAS APO LIMITED
A65: 66 | B65: RICNOS PHARMA NIG. LTD | C65: 12A, LASISI AKINWALE STR., COKER ORILE-IGANMU | D65: PHARM OGBEDI ONYINYE | E65: GDP | F65: 45894 | G65: Low-Risk (A) | H65: 30TH AUGUST 2025 | I65: NO | J65: CAPA TO BE SUBMITTED | K65: =IF(I65="YES","CAPA VERIFICATION SHOULD BE SCHEDULED",IF(I65="NO","REMINDER LETTER SHOULD BE SENT","")) -> REMINDER LETTER SHOULD BE SENT | L65: 46600 | M65: https://nafdacng.sharepoint.com/sites/PMSLAGOS/Shared Documents/GSDP (GOOD STORAGE AND DISTRIBUTION PRACTICE)/GSDP COMPANY FILES\RICNOS | N65: =IF(M65="","",HYPERLINK(M65,B65)) -> RICNOS PHARMA NIG. LTD
A66: 67 | B66: ABTEVIC PHARMACEUTICAL LTD | C66: 17A, SANNI BALOGUN OFF AGBE ROAD, ABULE EGBA | D66: PHARM AYODEJI-ONI OYINDAMOLA | E66: GDP | F66: 45894 | G66: Medium-Risk (B) | H66: 30TH AUGUST 2025 | I66: YES | J66: CAPA SUBMITTED | K66: =IF(I66="YES","CAPA VERIFICATION SHOULD BE SCHEDULED",IF(I66="NO","REMINDER LETTER SHOULD BE SENT","")) -> CAPA VERIFICATION SHOULD BE SCHEDULED | L66: 45986 | M66: https://nafdacng.sharepoint.com/sites/PMSLAGOS/Shared Documents/GSDP (GOOD STORAGE AND DISTRIBUTION PRACTICE)/GSDP COMPANY FILES\Abtevic | N66: =IF(M66="","",HYPERLINK(M66,B66)) -> ABTEVIC PHARMACEUTICAL LTD
A67: 68 | B67: GLOBAL ORGANICS LIMITED | C67: PLOT 868,KM 34,LAGOS-ABEOKUTA EXPRESSWAY, LAGOS | D67: LAWRENCE MUSA | E67: GDP | F67: 45894 | G67: Medium-Risk (B) | H67: 25TH AUGUST 2025 | I67: NO | J67: CAPA TO BE SUBMITTED | K67: =IF(I67="YES","CAPA VERIFICATION SHOULD BE SCHEDULED",IF(I67="NO","REMINDER LETTER SHOULD BE SENT","")) -> REMINDER LETTER SHOULD BE SENT | L67: 46235 | N67: =IF(M67="","",HYPERLINK(M67,B67))
A68: 69 | B68: MED EXPRESS | C68: 7A, ADEWALE KOLAWOLE CRESCENT, OFF KUBOYE STR., MARUWA, LEKKI | D68: NWACHI HENRY | E68: CAPA | F68: 45895 | G68: Low-Risk (A) | H68: CLOSED | I68: YES | J68: CLOSED | K68: CLOSED | L68: SATISFACTORY | M68: https://nafdacng.sharepoint.com/sites/PMSLAGOS/Shared Documents/GSDP (GOOD STORAGE AND DISTRIBUTION PRACTICE)/GSDP COMPANY FILES/MEDEXPRESS | N68: =IF(M68="","",HYPERLINK(M68,B68)) -> MED EXPRESS
A69: 70 | B69: EXPHARLAB LIMITED | C69: 387, AGEGE MOTOR ROAD, MUSHIN, LAGOS | D69: PHARM. DICKSON IKHUORIA | E69: GDP | F69: 45895 | G69: Medium-Risk (B) | H69: 2ND SEPTEMBER 2025 | I69: NO | J69: CAPA TO BE SUBMITTED | K69: =IF(I69="YES","CAPA VERIFICATION SHOULD BE SCHEDULED",IF(I69="NO","REMINDER LETTER SHOULD BE SENT","")) -> REMINDER LETTER SHOULD BE SENT | L69: 46235 | M69: https://nafdacng.sharepoint.com/sites/PMSLAGOS/Shared Documents/GSDP (GOOD STORAGE AND DISTRIBUTION PRACTICE)/GSDP COMPANY FILES\EXPHARLAB | N69: =IF(M69="","",HYPERLINK(M69,B69)) -> EXPHARLAB LIMITED
A70: 71 | B70: ICE REMEDIES LIMITED | C70: 12, ADEWOLU KUKU STREET, OFF EMMA ABIMBOLA,COLE STREET, LEKKI PHASE 1, LAGOS | D70: MARY JOHN NWOYE | E70: GDP | F70: 45895 | G70: Medium-Risk (B) | H70: 2ND SEPTEMBER 2025 | I70: NO | J70: CAPA TO BE SUBMITTED | K70: =IF(I70="YES","CAPA VERIFICATION SHOULD BE SCHEDULED",IF(I70="NO","REMINDER LETTER SHOULD BE SENT","")) -> REMINDER LETTER SHOULD BE SENT | L70: 46235 | M70: https://nafdacng.sharepoint.com/sites/PMSLAGOS/Shared%20Documents/GDP%20(GOOD%20DISTRIBUTION%20PRATICE)/GSDP%20COMPANY%20FILES/ICE%20REMEDIES | N70: =IF(M70="","",HYPERLINK(M70,B70)) -> ICE REMEDIES LIMITED
A71: 72 | B71: NOVO NORDISK PHARMA LTD | C71: GIL AUTOMATIONS BUILDING GBOLAHAN LAWAL STREET,CBD, ALAUSA, IKEJA LAGOS | D71: JUDE ABONU | E71: GDP | F71: 45896 | G71: Low-Risk (A) | H71: CLOSED | I71: N/A | J71: CLOSED | K71: SATISFACTORY | L71: 46600 | N71: =IF(M71="","",HYPERLINK(M71,B71))
A72: 73 | B72: OLPHARM NIG. LIMITED | C72: 13, AGBAOKUN STREET,OPEBI | D72: OMOWUNMI OKON | E72: GDP | F72: 45896 | G72: Medium-Risk (B) | H72: 30TH AUGUST 2025 | I72: NO | J72: CAPA TO BE SUBMITTED | K72: =IF(I72="YES","CAPA VERIFICATION SHOULD BE SCHEDULED",IF(I72="NO","REMINDER LETTER SHOULD BE SENT","")) -> REMINDER LETTER SHOULD BE SENT | L72: 46600 | M72: https://nafdacng.sharepoint.com/sites/PMSLAGOS/Shared Documents/GSDP (GOOD STORAGE AND DISTRIBUTION PRACTICE)/GSDP COMPANY FILES\Olpharm Nigeria Limited | N72: =IF(M72="","",HYPERLINK(M72,B72)) -> OLPHARM NIG. LIMITED
A73: 74 | B73: NANCIL NIG. LTD. | C73: 1,CEDAR ROAD,NIGERIA CEDAR COMPOUND,OJODU ABIODUN ROAD, OJODU BERGER, LAGOS | D73: Pharm. Chizoba Akubue | E73: CAPA | F73: 45896 | G73: Low-Risk (A) | H73: CLOSED | I73: N/A | J73: CLOSED | K73: SATISFACTORY | L73: 46600 | M73: https://nafdacng.sharepoint.com/sites/PMSLAGOS/Shared Documents/GSDP (GOOD STORAGE AND DISTRIBUTION PRACTICE)/GSDP COMPANY FILES/NANCIL1 | N73: =IF(M73="","",HYPERLINK(M73,B73)) -> NANCIL NIG. LTD.
A74: 75 | B74: AGARY PHARMACEUTICALS LTD | C74: PLOT C394, AMUWO ODOFIN COMM SCHEME, LAGOS STATE | D74: PHARM ICHE VICTOR 07064686455 | E74: CAPA | F74: 45896 | G74: Low-Risk (A) | H74: CLOSED | I74: N/A | J74: CLOSED | K74: SATISFACTORY | L74: 46600 | M74: https://nafdacng.sharepoint.com/sites/PMSLAGOS/Shared Documents/GSDP (GOOD STORAGE AND DISTRIBUTION PRACTICE)/GSDP COMPANY FILES\AGARY PHARMACEUTICALS LTD | N74: =IF(M74="","",HYPERLINK(M74,B74)) -> AGARY PHARMACEUTICALS LTD
A75: 76 | B75: TAYLEK DRUGS CO. | C75: PLOT 8,BLOCK M,ABIMBOLA STREET, ISOLO | D75: 8037158154 | E75: GDP | F75: 45896 | G75: Medium-Risk (B) | H75: 45939 | I75: NO | J75: CAPA TO BE SUBMITTED | K75: =IF(I75="YES","CAPA VERIFICATION SHOULD BE SCHEDULED",IF(I75="NO","REMINDER LETTER SHOULD BE SENT","")) -> REMINDER LETTER SHOULD BE SENT | L75: 46235 | N75: =IF(M75="","",HYPERLINK(M75,B75))
A76: 77 | B76: CHILINK PHARM LTD. | C76: 18A, DAODU STR, OSHODI, LAGOS | D76: 08035721052 | E76: GDP | F76: 45916 | G76: High-Risk (C) | H76: 30/09/25 | I76: NO | J76: CAPA TO BE SUBMITTED | K76: =IF(I76="YES","CAPA VERIFICATION SHOULD BE SCHEDULED",IF(I76="NO","REMINDER LETTER SHOULD BE SENT","")) -> REMINDER LETTER SHOULD BE SENT | L76: 46143 | M76: https://nafdacng.sharepoint.com/sites/PMSLAGOS/Shared Documents/GSDP (GOOD STORAGE AND DISTRIBUTION PRACTICE)/GSDP COMPANY FILES\CHILINK PHARM LTD | N76: =IF(M76="","",HYPERLINK(M76,B76)) -> CHILINK PHARM LTD.
A77: 78 | B77: FAES FARMA NIG LTD (CAPA) | C77: 25, LADOKE AKINTOLA ST, IKEJA GRA LAGOS | D77: N/A | E77: CAPA | F77: 45916 | G77: Low-Risk (A) | H77: CLOSED | I77: N/A | J77: CAPA CLOSED | K77: SATISFACTORY | L77: 46631 | M77: https://nafdacng.sharepoint.com/sites/PMSLAGOS/Shared Documents/GSDP (GOOD STORAGE AND DISTRIBUTION PRACTICE)/GSDP COMPANY FILES\Faes Farma ltd | N77: =IF(M77="","",HYPERLINK(M77,B77)) -> FAES FARMA NIG LTD (CAPA)
A78: 79 | B78: CEMCEE PHARM. LTD. | C78: 58, MUSHIN RD. ISOLO, LAGOS. | D78: 08069718539 | E78: GDP | F78: 45916 | G78: High-Risk (C) | H78: 23/O9/25 | I78: NO | J78: CAPA TO BE SUBMITTED | K78: =IF(I78="YES","CAPA VERIFICATION SHOULD BE SCHEDULED",IF(I78="NO","REMINDER LETTER SHOULD BE SENT","")) -> REMINDER LETTER SHOULD BE SENT | L78: 46143 | M78: https://nafdacng.sharepoint.com/sites/PMSLAGOS/Shared Documents/GSDP (GOOD STORAGE AND DISTRIBUTION PRACTICE)/GSDP COMPANY FILES\Cemcee | N78: =IF(M78="","",HYPERLINK(M78,B78)) -> CEMCEE PHARM. LTD.
A79: 80 | B79: LABETA DRUGS LTD (CAPA) | C79: 125C, OLAITAN ODULARU STREET, SURULERE LAGOS. | D79: 08023263729 | E79: CAPA | F79: 45916 | G79: Medium-Risk (B) | H79: 22/09/25 | I79: YES | J79: CAPA SUBMITTED | K79: =IF(I79="YES","CAPA VERIFICATION SHOULD BE SCHEDULED",IF(I79="NO","REMINDER LETTER SHOULD BE SENT","")) -> CAPA VERIFICATION SHOULD BE SCHEDULED | L79: 46266 | M79: https://nafdacng.sharepoint.com/sites/PMSLAGOS/Shared Documents/GSDP (GOOD STORAGE AND DISTRIBUTION PRACTICE)/GSDP COMPANY FILES\LABETA | N79: =IF(M79="","",HYPERLINK(M79,B79)) -> LABETA DRUGS LTD (CAPA)
A80: 81 | B80: PHARMADEAL NIG. LTD | C80: 1, CRYSTAL GLASS CLOSE, AMUWO-ODOFIN. | D80: 08038510048 | E80: GDP | F80: 45917 | G80: Medium-Risk (B) | H80: 19/09/25 | I80: NO | J80: CAPA TO BE SUBMITTED | K80: =IF(I80="YES","CAPA VERIFICATION SHOULD BE SCHEDULED",IF(I80="NO","REMINDER LETTER SHOULD BE SENT","")) -> REMINDER LETTER SHOULD BE SENT | L80: 46266 | M80: https://nafdacng.sharepoint.com/sites/PMSLAGOS/Shared Documents/GSDP (GOOD STORAGE AND DISTRIBUTION PRACTICE)/GSDP COMPANY FILES\Pharmadeal nig ltd | N80: =IF(M80="","",HYPERLINK(M80,B80)) -> PHARMADEAL NIG. LTD
A81: 82 | B81: AMAKIN PHARM (CAPA) | C81: 25, OTUNBA GBADAMOSI STREET, OLODI APAPA, LAGOS. | D81: 08032620225 | E81: CAPA | F81: 45917 | J81: CAPA TO BE SUBMITTED | K81: =IF(I81="YES","CAPA VERIFICATION SHOULD BE SCHEDULED",IF(I81="NO","REMINDER LETTER SHOULD BE SENT","")) | M81: https://nafdacng.sharepoint.com/sites/PMSLAGOS/Shared Documents/GSDP (GOOD STORAGE AND DISTRIBUTION PRACTICE)/GSDP COMPANY FILES\AMAKIN PHARM | N81: =IF(M81="","",HYPERLINK(M81,B81)) -> AMAKIN PHARM (CAPA)
A82: 83 | B82: SEAGREEN PHARMACEUTICALS (CAPA) | C82: 3, OKUNFOLAMI STREET, ANTHONY VILLAGE, LAGOS. | D82: N/A | E82: CAPA | F82: 45917 | G82: Low-Risk (A) | H82: 17/09/2025 | I82: NO | J82: CAPA TO BE SUBMITTED | K82: =IF(I82="YES","CAPA VERIFICATION SHOULD BE SCHEDULED",IF(I82="NO","REMINDER LETTER SHOULD BE SENT","")) -> REMINDER LETTER SHOULD BE SENT | L82: 46631 | M82: https://nafdacng.sharepoint.com/sites/PMSLAGOS/Shared Documents/GSDP (GOOD STORAGE AND DISTRIBUTION PRACTICE)/GSDP COMPANY FILES\Seagreen Pharmaceuticals | N82: =IF(M82="","",HYPERLINK(M82,B82)) -> SEAGREEN PHARMACEUTICALS (CAPA)
A83: 84 | B83: MAYDON PHARMACEUTICAL (CAPA) | C83: 15, WILMER STREET, OFF TOWN PLANNING WAY, ILUPEJU, LAGOS | D83: N/A | E83: CAPA | F83: 45917 | G83: Medium-Risk (B) | H83: 29/09/25 | I83: NO | J83: CAPA TO BE SUBMITTED | K83: =IF(I83="YES","CAPA VERIFICATION SHOULD BE SCHEDULED",IF(I83="NO","REMINDER LETTER SHOULD BE SENT","")) -> REMINDER LETTER SHOULD BE SENT | L83: 46266 | M83: https://nafdacng.sharepoint.com/sites/PMSLAGOS/Shared Documents/GSDP (GOOD STORAGE AND DISTRIBUTION PRACTICE)/GSDP COMPANY FILES/MAYDON | N83: =IF(M83="","",HYPERLINK(M83,B83)) -> MAYDON PHARMACEUTICAL (CAPA)
A84: 85 | B84: EXXON PHARM (CAPA) | C84: AREA TEXTILE MILL COMP, PLOT A, BLK 2B, ASWANI STREET, ISOLO, LAGOS. | D84: N/A | E84: CAPA | F84: 45917 | G84: Medium-Risk (B) | I84: NO | J84: CAPA TO BE SUBMITTED | K84: =IF(I84="YES","CAPA VERIFICATION SHOULD BE SCHEDULED",IF(I84="NO","REMINDER LETTER SHOULD BE SENT","")) -> REMINDER LETTER SHOULD BE SENT | M84: https://nafdacng.sharepoint.com/sites/PMSLAGOS/Shared Documents/GSDP (GOOD STORAGE AND DISTRIBUTION PRACTICE)/GSDP COMPANY FILES\exxon | N84: =IF(M84="","",HYPERLINK(M84,B84)) -> EXXON PHARM (CAPA)
A85: 86 | B85: ADCEM (CAPA) | C85: 2, NILWIL CLOSE, OBA AKRAN AVENUE,IKEJA LAGOS | D85: N/A | E85: CAPA | F85: 45951 | G85: Medium-Risk (B) | J85: CAPA TO BE SUBMITTED | K85: =IF(I85="YES","CAPA VERIFICATION SHOULD BE SCHEDULED",IF(I85="NO","REMINDER LETTER SHOULD BE SENT","")) | M85: https://nafdacng.sharepoint.com/sites/PMSLAGOS/Shared Documents/GSDP (GOOD STORAGE AND DISTRIBUTION PRACTICE)/GSDP COMPANY FILES\Adcem | N85: =IF(M85="","",HYPERLINK(M85,B85)) -> ADCEM (CAPA)
A86: 87 | B86: JIN SPECTRAL PHARMACEUTICAL | C86: BLOCK 4A PLOT 29/31, LINK ROAD, ODOFIN, LAGOS | D86: 08037878762 | E86: GDP | F86: 45951 | G86: Medium-Risk (B) | H86: 24/10/25 | I86: NO | J86: CAPA TO BE SUBMITTED | K86: =IF(I86="YES","CAPA VERIFICATION SHOULD BE SCHEDULED",IF(I86="NO","REMINDER LETTER SHOULD BE SENT","")) -> REMINDER LETTER SHOULD BE SENT | L86: 46143 | M86: https://nafdacng.sharepoint.com/sites/PMSLAGOS/Shared Documents/GSDP (GOOD STORAGE AND DISTRIBUTION PRACTICE)/GSDP COMPANY FILES\JIN SPECTRAL PHARMACEUTICAL | N86: =IF(M86="","",HYPERLINK(M86,B86)) -> JIN SPECTRAL PHARMACEUTICAL
A87: 88 | B87: AFRAB-CHEM LIMITED | C87: 22, ABIMBOLA STREET, ISOLO, LAGOS | D87: 08099928893 | E87: GDP | F87: 45951 | G87: Low-Risk (A) | J87: CAPA SUBMITTED | K87: =IF(I87="YES","CAPA VERIFICATION SHOULD BE SCHEDULED",IF(I87="NO","REMINDER LETTER SHOULD BE SENT","")) | L87: 46296 | M87: https://nafdacng.sharepoint.com/sites/PMSLAGOS/Shared%20Documents/GDP%20(GOOD%20DISTRIBUTION%20PRATICE)/GSDP%20COMPANY%20FILES/NKOYO%20CHEMIST | N87: =IF(M87="","",HYPERLINK(M87,B87)) -> AFRAB-CHEM LIMITED
A88: 89 | B88: ARTEMIS LIFE SCIENCE LTD | C88: 2EB OPPOSITE OSOLO WAY, ASWANI MARKET OSHODI INDUSTRIAL SCHEME, ISOLO, LAGOS. | D88: 07087023420 | E88: CAPA | F88: 45951 | G88: Low-Risk (A) | I88: YES | J88: CAPA SUBMITTED | K88: =IF(I88="YES","CAPA VERIFICATION SHOULD BE SCHEDULED",IF(I88="NO","REMINDER LETTER SHOULD BE SENT","")) -> CAPA VERIFICATION SHOULD BE SCHEDULED | L88: 46661 | M88: https://nafdacng.sharepoint.com/sites/PMSLAGOS/Shared Documents/GSDP (GOOD STORAGE AND DISTRIBUTION PRACTICE)/GSDP COMPANY FILES\ARTEMIS | N88: =IF(M88="","",HYPERLINK(M88,B88)) -> ARTEMIS LIFE SCIENCE LTD
A89: 90 | B89: STANDARD GENERICS LTD | C89: 7 AGBOR STREET OFF OSOLOWAY AJAO ESTATE LAGOS | D89: 08033168492 | E89: GDP | F89: 45951 | G89: Medium-Risk (B) | J89: CAPA TO BE SUBMITTED | K89: =IF(I89="YES","CAPA VERIFICATION SHOULD BE SCHEDULED",IF(I89="NO","REMINDER LETTER SHOULD BE SENT","")) | L89: 46296 | M89: https://nafdacng.sharepoint.com/sites/PMSLAGOS/Shared Documents/GSDP (GOOD STORAGE AND DISTRIBUTION PRACTICE)/GSDP COMPANY FILES\STANDARD GENERICS | N89: =IF(M89="","",HYPERLINK(M89,B89)) -> STANDARD GENERICS LTD
A90: 91 | B90: PHARMABOX VENTURES LIMITED | C90: NO.4 OHAFIA STREET, OFF AGO PALACE WAY OKOTA LAGOS | D90: 07045115225 | E90: GDP | F90: 45951 | G90: Medium-Risk (B) | H90: 22/10/25 | I90: NO | J90: CAPA TO BE SUBMITTED | K90: =IF(I90="YES","CAPA VERIFICATION SHOULD BE SCHEDULED",IF(I90="NO","REMINDER LETTER SHOULD BE SENT","")) -> REMINDER LETTER SHOULD BE SENT | L90: 46296 | M90: https://nafdacng.sharepoint.com/sites/PMSLAGOS/Shared Documents/GSDP (GOOD STORAGE AND DISTRIBUTION PRACTICE)/GSDP COMPANY FILES\PHARMABOX VENTURES LTD | N90: =IF(M90="","",HYPERLINK(M90,B90)) -> PHARMABOX VENTURES LIMITED
A91: 92 | B91: JONCO PHARMACEUTICS | C91: NO.5 SERIKI CLOSE ALEPERE, KETU.LAGOS | D91: 08088227984 | E91: GDP | F91: 45952 | G91: High-Risk (C) | H91: 28/10/25 | I91: NO | J91: CAPA TO BE SUBMITTED | K91: =IF(I91="YES","CAPA VERIFICATION SHOULD BE SCHEDULED",IF(I91="NO","REMINDER LETTER SHOULD BE SENT","")) -> REMINDER LETTER SHOULD BE SENT | L91: 46143 | M91: https://nafdacng.sharepoint.com/sites/PMSLAGOS/Shared Documents/GSDP (GOOD STORAGE AND DISTRIBUTION PRACTICE)/GSDP COMPANY FILES\JONCO PHARMACEUTICAL LTD | N91: =IF(M91="","",HYPERLINK(M91,B91)) -> JONCO PHARMACEUTICS
A92: 93 | B92: BOUCIA LIMITED | C92: 1, SERAH AROBIEKE STREET, AMUWO ODOFIN LAGOS | D92: 08028115008 | E92: GDP | F92: 45952 | G92: Medium-Risk (B) | H92: 22/10/25 | I92: NO | J92: CAPA TO BE SUBMITTED | K92: =IF(I92="YES","CAPA VERIFICATION SHOULD BE SCHEDULED",IF(I92="NO","REMINDER LETTER SHOULD BE SENT","")) -> REMINDER LETTER SHOULD BE SENT | L92: 46296 | M92: https://nafdacng.sharepoint.com/sites/PMSLAGOS/Shared Documents/GSDP (GOOD STORAGE AND DISTRIBUTION PRACTICE)/GSDP COMPANY FILES\BOUCIA LIMITED | N92: =IF(M92="","",HYPERLINK(M92,B92)) -> BOUCIA LIMITED
A93: 94 | B93: BASIC PHARMACEUTICAL & HERBAL HEALTHCARE LTD | C93: 24, ODELOLA STREET, SURULERE, LAGOS | D93: 08060523512 | E93: GDP | F93: 45953 | G93: High-Risk (C) | H93: 28/10/25 | I93: YES | J93: CAPA SUBMITTED | K93: =IF(I93="YES","CAPA VERIFICATION SHOULD BE SCHEDULED",IF(I93="NO","REMINDER LETTER SHOULD BE SENT","")) -> CAPA VERIFICATION SHOULD BE SCHEDULED | L93: 46143 | M93: https://nafdacng.sharepoint.com/sites/PMSLAGOS/Shared Documents/GSDP (GOOD STORAGE AND DISTRIBUTION PRACTICE)/GSDP COMPANY FILES\BASIC PHARMACEUTICAL HERBAL HEALTHCARE LIMITED | N93: =IF(M93="","",HYPERLINK(M93,B93)) -> BASIC PHARMACEUTICAL & HERBAL HEALTHCARE LTD
A94: 95 | B94: BAZREAL GLOBAL LIMITED | C94: 2, OGUNYOMI ST. OWORONSHOKI LAGOS | D94: 08033951167 | E94: GDP | F94: 45953 | G94: Low-Risk (A) | H94: 28/10/25 | I94: NO | J94: CAPA TO BE SUBMITTED | K94: =IF(I94="YES","CAPA VERIFICATION SHOULD BE SCHEDULED",IF(I94="NO","REMINDER LETTER SHOULD BE SENT","")) -> REMINDER LETTER SHOULD BE SENT | L94: 46661 | M94: https://nafdacng.sharepoint.com/sites/PMSLAGOS/Shared Documents/GSDP (GOOD STORAGE AND DISTRIBUTION PRACTICE)/GSDP COMPANY FILES\BAZREAL GLOBAL LIMITED | N94: =IF(M94="","",HYPERLINK(M94,B94)) -> BAZREAL GLOBAL LIMITED
A95: 96 | B95: IDEAL EAGLE LIMITED (CAPA) | C95: 3, DACOSTA STREET, ONIKE, OFF IWAYA ROAD, YABA | D95: 8037247821 | E95: CAPA | F95: 45953 | G95: Low-Risk (A) | H95: 28/10/25 | I95: NO | J95: CAPA TO BE SUBMITTED | K95: =IF(I95="YES","CAPA VERIFICATION SHOULD BE SCHEDULED",IF(I95="NO","REMINDER LETTER SHOULD BE SENT","")) -> REMINDER LETTER SHOULD BE SENT | L95: 46661 | M95: https://nafdacng.sharepoint.com/sites/PMSLAGOS/Shared Documents/GSDP (GOOD STORAGE AND DISTRIBUTION PRACTICE)/GSDP COMPANY FILES\IDEAL EAGLES | N95: =IF(M95="","",HYPERLINK(M95,B95)) -> IDEAL EAGLE LIMITED (CAPA)
A96: 97 | B96: THOMPSON AND GRACE (CAPA) | C96: 7, MORONU MADUAGWU STR., OFF MASHA, SURULERE, LAGO | D96: 7060954163 | E96: CAPA | F96: 45953 | G96: Low-Risk (A) | H96: CLOSED | I96: N/A | J96: CAPA SUBMITTED | K96: SATISFACTORY | L96: 46661 | M96: https://nafdacng.sharepoint.com/sites/PMSLAGOS/Shared Documents/GSDP (GOOD STORAGE AND DISTRIBUTION PRACTICE)/GSDP COMPANY FILES/Thompson & Grace Pharm | N96: =IF(M96="","",HYPERLINK(M96,B96)) -> THOMPSON AND GRACE (CAPA)
A97: 98 | B97: BLUE SUMMIT HEALTH CARE LTD | C97: 42 COLE STREET OFF OJUELEGBA, LAGOS | D97: 08037792209 | E97: GDP | F97: 45953 | G97: High-Risk (C) | H97: 28/10/25 | I97: NO | J97: CAPA TO BE SUBMITTED | K97: REMINDER LETTER SHOULD BE SENT | L97: 46143 | M97: https://nafdacng.sharepoint.com/sites/PMSLAGOS/Shared%20Documents/GDP%20(GOOD%20DISTRIBUTION%20PRATICE)/GSDP%20COMPANY%20FILES/BLUE%20SUMMIT%20HEALTH | N97: =IF(M97="","",HYPERLINK(M97,B97)) -> BLUE SUMMIT HEALTH CARE LTD
A98: 99 | B98: BRIGHTMEX PHARMACY LIMITED | C98: NO 47, MAKINDE STREET ,MAFOLUKU OSHODI | D98: 7064946450 | E98: CAPA | F98: 45979 | G98: Medium-Risk (B) | H98: 18/11/25 | I98: NO | J98: CAPA TO BE SUBMITTED | K98: =IF(I98="YES","CAPA VERIFICATION SHOULD BE SCHEDULED",IF(I98="NO","REMINDER LETTER SHOULD BE SENT","")) -> REMINDER LETTER SHOULD BE SENT | L98: 46327 | M98: https://nafdacng.sharepoint.com/sites/PMSLAGOS/Shared Documents/GSDP (GOOD STORAGE AND DISTRIBUTION PRACTICE)/GSDP COMPANY FILES\BRIGHT MEX | N98: =IF(M98="","",HYPERLINK(M98,B98)) -> BRIGHTMEX PHARMACY LIMITED
A99: 100 | B99: JAWA INTL LIMITED | C99: PLOT 6, ABIMBOLA WAY,ISOLO IND ESTATE, LAGOS | D99: 8162734653 | E99: GDP | F99: 45979 | G99: Low-Risk (A) | H99: 18/11/25 | I99: YES | J99: CAPA SUBMITTED | K99: =IF(I99="YES","CAPA VERIFICATION SHOULD BE SCHEDULED",IF(I99="NO","REMINDER LETTER SHOULD BE SENT","")) -> CAPA VERIFICATION SHOULD BE SCHEDULED | L99: 46692 | M99: https://nafdacng.sharepoint.com/sites/PMSLAGOS/Shared Documents/GSDP (GOOD STORAGE AND DISTRIBUTION PRACTICE)/GSDP COMPANY FILES\JAWA INTERNATIONAL LTD | N99: =IF(M99="","",HYPERLINK(M99,B99)) -> JAWA INTL LIMITED
A100: 101 | B100: CLARION MEDICALS LTD (CAPA) | C100: 23, AFOLABI LESI STREET, ILUPEJU LAGOS | D100: 8158990100 | E100: CAPA | F100: 45979 | G100: High-Risk (C) | H100: 18/11/25 | I100: NO | J100: CAPA TO BE SUBMITTED | K100: =IF(I100="YES","CAPA VERIFICATION SHOULD BE SCHEDULED",IF(I100="NO","REMINDER LETTER SHOULD BE SENT","")) -> REMINDER LETTER SHOULD BE SENT | L100: 46143 | M100: https://nafdacng.sharepoint.com/sites/PMSLAGOS/Shared Documents/GSDP (GOOD STORAGE AND DISTRIBUTION PRACTICE)/GSDP COMPANY FILES\CLARION HEALTHCARE | N100: =IF(M100="","",HYPERLINK(M100,B100)) -> CLARION MEDICALS LTD (CAPA)
...

Sheet January
A1: GDP INSPECTION CLASSIFICATION DATA BASE AS AT 2025
A2: S/N | B2: NAME OF MANUFACTURER | C2: LOCATION ADDRESS | D2: CONTACT | E2: TYPE OF LAST INSPECTION | F2: DATE OF LAST INSPECTION | G2: FINDINGS | H2: DATE CAPA ISSUED | I2: CAPA SUBMITTED | J2: CONCLUSION | K2: REMARKS | L2: EXPECTED DATE OF INSPECTION | M2: CC | N2: COMPANY FILE | O2: Column1
A3: 1 | B3: SANTECARE LIMITED | C3: 55, COKER ROAD, ILUPEJU | D3: 8127926887 | E3: GDP | F3: 45678 | G3: Medium-Risk (B) | H3: 26th january 2025 | I3: NO | J3: CAPA TO BE SUBMITTED | K3: =IF(I3="YES","CAPA VERIFICATION SHOULD BE SCHEDULED",IF(I3="NO","REMINDER LETTER SHOULD BE SENT","")) -> REMINDER LETTER SHOULD BE SENT | L3: 46023 | M3: https://nafdacng.sharepoint.com/sites/PMSLAGOS/Shared Documents/GSDP (GOOD STORAGE AND DISTRIBUTION PRACTICE)/GSDP COMPANY FILES\Santa Care LTD | N3: SANTA CARE | O3: https://nafdacng.sharepoint.com/sites/PMSLAGOS/Shared%20Documents/GSDP%20(GOOD%20STORAGE%20AND%20DISTRIBUTION%20PRACTICE)/GSDP%20COMPANY%20FILES/A.N%20CHIDOZIE%20PHARMACEUTICAL%20LTD
A4: 2 | B4: JANE-MADOK PHARMACY & WELLNESS CENTER | C4: 3, ISHERI OSUN RD., JAKANDE GATE, ISOLO | D4: 9035803090 | E4: GDP | F4: 45680 | G4: Medium-Risk (B) | H4: 25th january 2025 | I4: NO | J4: CAPA TO BE SUBMITTED | K4: =IF(I4="YES","CAPA VERIFICATION SHOULD BE SCHEDULED",IF(I4="NO","REMINDER LETTER SHOULD BE SENT","")) -> REMINDER LETTER SHOULD BE SENT | L4: 46023 | M4: https://nafdacng.sharepoint.com/sites/PMSLAGOS/Shared Documents/GSDP (GOOD STORAGE AND DISTRIBUTION PRACTICE)/GSDP COMPANY FILES\Jane-Madok | N4: =IF(M4="","",HYPERLINK(M4,B4)) -> JANE-MADOK PHARMACY & WELLNESS CENTER | O4: https://nafdacng.sharepoint.com/sites/PMSLAGOS/Shared Documents/GSDP (GOOD STORAGE AND DISTRIBUTION PRACTICE)/GSDP COMPANY FILES/A.N CHIDOZIE PHARMACEUTICAL LTD
A5: 3 | B5: ROCHE PRODUCTS LIMITED (MEDICAL DEVICES) | C5: AGL WAREHOUSE, KILOMETER11, OPPOSITE TOP MOUNTAIN UNIVERSITY, ALONG LAGOS IBADAN EXPRESSWAY, IBAFO | D5: 7033089165 | E5: GDP | F5: 45680 | G5: Medium-Risk (B) | H5: 11th February 2025 | I5: NO | J5: CAPA TO BE SUBMITTED | K5: =IF(I5="YES","CAPA VERIFICATION SHOULD BE SCHEDULED",IF(I5="NO","REMINDER LETTER SHOULD BE SENT","")) -> REMINDER LETTER SHOULD BE SENT | L5: 46054 | M5: https://nafdacng.sharepoint.com/sites/PMSLAGOS/Shared Documents/GSDP (GOOD STORAGE AND DISTRIBUTION PRACTICE)/GSDP COMPANY FILES\Roche Products ltd | N5: =IF(M5="","",HYPERLINK(M5,B5)) -> ROCHE PRODUCTS LIMITED (MEDICAL DEVICES)
A6: 4 | B6: KCH CONSUMER HEALTHCARE LTD. (CAPA) | C6: 2B KWAME NKRUMAH LANE, CROWN ESTATE, LEKKI-EPE EXPRESSWAY, AJAH | D6: 8022317625 | E6: CAPA | F6: 45685 | G6: Medium-Risk (B) | H6: 28th january 2025 | I6: YES | J6: CAPA SUBMITTED | K6: =IF(I6="YES","CAPA VERIFICATION SHOULD BE SCHEDULED",IF(I6="NO","REMINDER LETTER SHOULD BE SENT","")) -> CAPA VERIFICATION SHOULD BE SCHEDULED | L6: 46023 | M6: https://nafdacng.sharepoint.com/sites/PMSLAGOS/Shared Documents/GSDP (GOOD STORAGE AND DISTRIBUTION PRACTICE)/GSDP COMPANY FILES\KCH CONSUMER | N6: =IF(M6="","",HYPERLINK(M6,B6)) -> KCH CONSUMER HEALTHCARE LTD. (CAPA)
A7: 5 | B7: MUJID HEALTHCARE LTD | C7: PLOT B, GREENLAND ESTATE, AJAH | D7: 8033268130 | E7: GDP | F7: 45685 | G7: Medium-Risk (B) | H7: 45685 | I7: NO | J7: CAPA TO BE SUBMITTED | K7: =IF(I7="YES","CAPA VERIFICATION SHOULD BE SCHEDULED",IF(I7="NO","REMINDER LETTER SHOULD BE SENT","")) -> REMINDER LETTER SHOULD BE SENT | L7: 46023 | M7: https://nafdacng.sharepoint.com/sites/PMSLAGOS/Shared Documents/GSDP (GOOD STORAGE AND DISTRIBUTION PRACTICE)/GSDP COMPANY FILES\MULTIBASE | N7: =IF(M7="","",HYPERLINK(M7,B7)) -> MUJID HEALTHCARE LTD

Sheet February
A1: GDP INSPECTION CLASSIFICATION DATA BASE AS AT 2025
A2: S/N | B2: NAME OF MANUFACTURER | C2: LOCATION ADDRESS | D2: CONTACT | E2: TYPE OF LAST INSPECTION | F2: DATE OF LAST INSPECTION | G2: FINDINGS | H2: DATE CAPA ISSUED | I2: CAPA SUBMITTED | J2: CONCLUSION | K2: REMARKS | L2: EXPECTED DATE OF INSPECTION | M2: CC | N2: COMPANY FILE
A3: 6 | B3: ROCHE PRODUCTS LIMITED (MEDICAL DEVICES) | C3: ISN MEDICAL 40-42 ASSOCIATION AVENUE, ILUPEJU | D3: 7044644915 | E3: GDP | F3: 45693 | G3: Medium-Risk (B) | H3: 45685 | I3: NO | J3: CAPA TO BE SUBMITTED | K3: =IF(I3="YES","CAPA VERIFICATION SHOULD BE SCHEDULED",IF(I3="NO","REMINDER LETTER SHOULD BE SENT","")) -> REMINDER LETTER SHOULD BE SENT | L3: 45683 | N3: =IF(M3="","",HYPERLINK(M3,B3))

Sheet March
A1: GDP INSPECTION CLASSIFICATION DATA BASE AS AT 2025
A2: S/N | B2: NAME OF MANUFACTURER | C2: LOCATION ADDRESS | D2: CONTACT | E2: TYPE OF LAST INSPECTION | F2: DATE OF LAST INSPECTION | G2: FINDINGS | H2: DATE CAPA ISSUED | I2: CAPA SUBMITTED | J2: CONCLUSION | K2: REMARKS | L2: EXPECTED DATE OF INSPECTION | M2: CC | N2: COMPANY FILE
A3: 7 | B3: EUROMED LTD | E3: GDP | F3: 45734 | G3: Medium-Risk (B) | H3: 25TH MARCH 2025 | I3: YES | J3: CAPA SUBMITTED | K3: =IF(I3="YES","CAPA VERIFICATION SHOULD BE SCHEDULED",IF(I3="NO","REMINDER LETTER SHOULD BE SENT","")) -> CAPA VERIFICATION SHOULD BE SCHEDULED | L3: 45870 | M3: https://nafdacng.sharepoint.com/sites/PMSLAGOS/Shared Documents/GSDP (GOOD STORAGE AND DISTRIBUTION PRACTICE)/GSDP COMPANY FILES\EUROMED | N3: =IF(M3="","",HYPERLINK(M3,B3)) -> EUROMED LTD
A4: 8 | B4: GREENLIFE PHARMA CEUTICALS LTD. (CAPA) | C4: 35A, ASSOCIATION AVENUE, OFF OBANIKORO BUS STOP, ILUPEJU | D4: 8132993626 | E4: CAPA | F4: 45734 | G4: Low-Risk (A) | H4: N/A | I4: YES | J4: CLOSED | K4: CLOSED | L4: 46447 | M4: https://nafdacng.sharepoint.com/sites/PMSLAGOS/Shared Documents/GSDP (GOOD STORAGE AND DISTRIBUTION PRACTICE)/GSDP COMPANY FILES\GREENLIFE PHARM. LTD | N4: =IF(M4="","",HYPERLINK(M4,B4)) -> GREENLIFE PHARMA CEUTICALS LTD. (CAPA)
A5: 9 | B5: DORTEMAG PHARM. & STORES | C5: 381G, TITILAYO ADEDOYIN STR., OMOLE EST. PHASE 1, OGBA-IKEJA | D5: PHARM. SEYE AGBOOLA 0803315214 | E5: GDP | F5: 45734 | G5: Medium-Risk (B) | H5: 18TH MARCH 2025 | I5: NO | J5: CAPA TO BE SUBMITTED | K5: =IF(I5="YES","CAPA VERIFICATION SHOULD BE SCHEDULED",IF(I5="NO","REMINDER LETTER SHOULD BE SENT","")) -> REMINDER LETTER SHOULD BE SENT | L5: 46082 | M5: https://nafdacng.sharepoint.com/sites/PMSLAGOS/Shared Documents/GSDP (GOOD STORAGE AND DISTRIBUTION PRACTICE)/GSDP COMPANY FILES\DORTEMAG | N5: =IF(M5="","",HYPERLINK(M5,B5)) -> DORTEMAG PHARM. & STORES
A6: 10 | B6: HEALTHLINE NIG. LTD | C6: 29, ADENIYI JONES AVENUE, IKEJA | D6: MRS. ITUNU AJAYI 08030678801 | E6: GDP | F6: 45734 | G6: Medium-Risk (B) | H6: 18TH MRCH 2025 | I6: NO | J6: CAPA TO BE SUBMITTED | K6: =IF(I6="YES","CAPA VERIFICATION SHOULD BE SCHEDULED",IF(I6="NO","REMINDER LETTER SHOULD BE SENT","")) -> REMINDER LETTER SHOULD BE SENT | L6: 45717 | M6: https://nafdacng.sharepoint.com/sites/PMSLAGOS/Shared Documents/GSDP (GOOD STORAGE AND DISTRIBUTION PRACTICE)/GSDP COMPANY FILES\HEALTHLINE NIG. LTD | N6: =IF(M6="","",HYPERLINK(M6,B6)) -> HEALTHLINE NIG. LTD
A7: 11 | B7: GETZPHARMA NIG. LTD | C7: PLOT 2, IJA ODOLA CLOSE IKEJA GRA | D7: OBEGOLU NNEKA 08165370750 | E7: GDP | F7: 45734 | G7: Medium-Risk (B) | H7: 18TH MARCH 2025 | I7: NO | J7: CAPA TO BE SUBMITTED | K7: =IF(I7="YES","CAPA VERIFICATION SHOULD BE SCHEDULED",IF(I7="NO","REMINDER LETTER SHOULD BE SENT","")) -> REMINDER LETTER SHOULD BE SENT | L7: 45717 | M7: https://nafdacng.sharepoint.com/sites/PMSLAGOS/Shared Documents/GSDP (GOOD STORAGE AND DISTRIBUTION PRACTICE)/GSDP COMPANY FILES\GETZ PHARM NIG. LTD | N7: =IF(M7="","",HYPERLINK(M7,B7)) -> GETZPHARMA NIG. LTD
A8: 12 | B8: SHEPHERD HEALTH & VETERINARY LTD. | C8: 24, MONTGOMERY RD., YABA | D8: JOSEPH ADETUNJI 08037184254 | E8: GDP | F8: 45735 | G8: Medium-Risk (B) | H8: 19TH MARCH 2025 | I8: YES | J8: CAPA TO BE SUBMITTED | K8: =IF(I8="YES","CAPA VERIFICATION SHOULD BE SCHEDULED",IF(I8="NO","REMINDER LETTER SHOULD BE SENT","")) -> CAPA VERIFICATION SHOULD BE SCHEDULED | L8: 45717 | M8: https://nafdacng.sharepoint.com/sites/PMSLAGOS/Shared Documents/GSDP (GOOD STORAGE AND DISTRIBUTION PRACTICE)/GSDP COMPANY FILES\SHEPHERD HEALTH | N8: =IF(M8="","",HYPERLINK(M8,B8)) -> SHEPHERD HEALTH & VETERINARY LTD.
A9: 13 | B9: ADCEM PHARMACEUTICALS LTD | C9: 2, NIWILI CLOSE, IKEJA | D9: OKEKE ONYEKACHI 08123915479 | E9: GDP | F9: 45735 | G9: Medium-Risk (B) | I9: N/A | J9: CAPA TO BE SUBMITTED | K9: =IF(I9="YES","CAPA VERIFICATION SHOULD BE SCHEDULED",IF(I9="NO","REMINDER LETTER SHOULD BE SENT","")) | L9: 45717 | M9: https://nafdacng.sharepoint.com/sites/PMSLAGOS/Shared Documents/GSDP (GOOD STORAGE AND DISTRIBUTION PRACTICE)/GSDP COMPANY FILES\Adcem | N9: =IF(M9="","",HYPERLINK(M9,B9)) -> ADCEM PHARMACEUTICALS LTD
A10: 14 | B10: ADDMORE PHARMACY | C10: 251, AGEGE-MOTOR ROAD, MUSHIN | D10: BENSON NDULUE 08023019928 | E10: GDP | F10: 45735 | G10: Medium-Risk (B) | H10: 19TH MARCH 2025 | I10: NO | J10: CAPA TO BE SUBMITTED | K10: =IF(I10="YES","CAPA VERIFICATION SHOULD BE SCHEDULED",IF(I10="NO","REMINDER LETTER SHOULD BE SENT","")) -> REMINDER LETTER SHOULD BE SENT | L10: 45717 | M10: https://nafdacng.sharepoint.com/sites/PMSLAGOS/Shared Documents/GSDP (GOOD STORAGE AND DISTRIBUTION PRACTICE)/GSDP COMPANY FILES\Addmore | N10: =IF(M10="","",HYPERLINK(M10,B10)) -> ADDMORE PHARMACY
A11: 15 | B11: AXION PHARMACEUTICALS LTD | C11: 13, MODUPE STREET, SOMOLU, LAGOS. | D11: PHARM. ONYINYE 07061902283 | E11: GDP | F11: 45736 | G11: High-Risk (C) | H11: N/A | I11: NO | J11: CAPA TO BE SUBMITTED | K11: =IF(I11="YES","CAPA VERIFICATION SHOULD BE SCHEDULED",IF(I11="NO","REMINDER LETTER SHOULD BE SENT","")) -> REMINDER LETTER SHOULD BE SENT | L11: 45901 | M11: https://nafdacng.sharepoint.com/sites/PMSLAGOS/Shared Documents/GSDP (GOOD STORAGE AND DISTRIBUTION PRACTICE)/GSDP COMPANY FILES\Axion | N11: =IF(M11="","",HYPERLINK(M11,B11)) -> AXION PHARMACEUTICALS LTD
A12: 16 | B12: MED EXPRESS | C12: 7A, ADEWALE KOLAWOLE CRESCENT, OFF KUBOYE STR., MARUWA, LEKKI | D12: RUEMU OKUNDIA 08033001059 | E12: GDP | F12: 45736 | G12: Low-Risk (A) | H12: 19TH MARCH 2025 | I12: YES | J12: CAPA SUBMITTED | K12: DONE | L12: SATISFACTORY | M12: https://nafdacng.sharepoint.com/sites/PMSLAGOS/Shared Documents/GSDP (GOOD STORAGE AND DISTRIBUTION PRACTICE)/GSDP COMPANY FILES\MEDEXPRESS | N12: =IF(M12="","",HYPERLINK(M12,B12)) -> MED EXPRESS
A13: 20 | B13: SOLID ACCORD LTD | C13: 85B, FEMI KILLA RD., OFF AGO PALACE WAY, OKOTA | D13: MR FRANCIS OHALE 08033738531 | E13: GDP | F13: 45736 | G13: High-Risk (C) | H13: 21ST MARCH 2025 | I13: YES | J13: CAPA SUBMITTED | K13: =IF(I13="YES","CAPA VERIFICATION SHOULD BE SCHEDULED",IF(I13="NO","REMINDER LETTER SHOULD BE SENT","")) -> CAPA VERIFICATION SHOULD BE SCHEDULED | L13: 45742 | M13: https://nafdacng.sharepoint.com/sites/PMSLAGOS/Shared Documents/GSDP (GOOD STORAGE AND DISTRIBUTION PRACTICE)/GSDP COMPANY FILES\Solid Accord | N13: =IF(M13="","",HYPERLINK(M13,B13)) -> SOLID ACCORD LTD
A14: 21 | B14: AQUATIX PHARM. LTD | C14: 9, DAVE ANAZODO STREET, NEAR CHIVITA COMPANY, AJAO ESTATE | D14: MR. PRADEEP CHAUDHARY 08025555568 | E14: GDP | F14: 45736 | G14: Low-Risk (A) | H14: 21ST MARCH 2025 | I14: NO | J14: CAPA TO BE SUBMITTED | K14: =IF(I14="YES","CAPA VERIFICATION SHOULD BE SCHEDULED",IF(I14="NO","REMINDER LETTER SHOULD BE SENT","")) -> REMINDER LETTER SHOULD BE SENT | L14: 45925 | M14: https://nafdacng.sharepoint.com/sites/PMSLAGOS/Shared Documents/GSDP (GOOD STORAGE AND DISTRIBUTION PRACTICE)/GSDP COMPANY FILES\AQUATIX | N14: =IF(M14="","",HYPERLINK(M14,B14)) -> AQUATIX PHARM. LTD
A15: 22 | B15: SAI SAGAR | C15: 2, KAARA STREET.,OFF OSOLO WAY,AJAO ESTATE,LAGOS | D15: PHARM. OKEKE UCHE 07055244581 | E15: GDP | F15: 45736 | G15: High-Risk (C) | H15: 21ST MARCH 2025 | I15: NO | J15: CAPA TO BE SUBMITTED | K15: =IF(I15="YES","CAPA VERIFICATION SHOULD BE SCHEDULED",IF(I15="NO","REMINDER LETTER SHOULD BE SENT","")) -> REMINDER LETTER SHOULD BE SENT | L15: 45901 | M15: https://nafdacng.sharepoint.com/sites/PMSLAGOS/Shared%20Documents/GDP%20(GOOD%20DISTRIBUTION%20PRATICE)/GSDP%20COMPANY%20FILES/ICE%20REMEDIES | N15: =IF(M15="","",HYPERLINK(M15,B15)) -> SAI SAGAR

Sheet April
A1: GDP INSPECTION CLASSIFICATION DATA BASE AS AT 2025
A2: S/N | B2: NAME OF MANUFACTURER | C2: LOCATION ADDRESS | D2: CONTACT | E2: TYPE OF LAST INSPECTION | F2: DATE OF LAST INSPECTION | G2: FINDINGS | H2: DATE CAPA ISSUED | I2: CAPA SUBMITTED | J2: CONCLUSION | K2: REMARKS | L2: EXPECTED DATE OF INSPECTION | M2: CC | N2: COMPANY FILE
A3: 23 | B3: MAYDON PHARM. & CHEM. CO. LTD. | C3: 15, WILMER STREET, OFF TOWN PLANNING WAY, ILUPEJU | D3: Pharm. PE Orazukile 08034304758 | E3: GDP | F3: 45762 | G3: Medium-Risk (B) | H3: 5TH MAY 2025 | I3: YES | J3: CAPA SUBMITTED | K3: =IF(I3="YES","CAPA VERIFICATION SHOULD BE SCHEDULED",IF(I3="NO","REMINDER LETTER SHOULD BE SENT","")) -> CAPA VERIFICATION SHOULD BE SCHEDULED | L3: 45748 | M3: https://nafdacng.sharepoint.com/sites/PMSLAGOS/Shared Documents/GSDP (GOOD STORAGE AND DISTRIBUTION PRACTICE)/GSDP COMPANY FILES\MAYDON | N3: =IF(M3="","",HYPERLINK(M3,B3)) -> MAYDON PHARM. & CHEM. CO. LTD.
A4: 24 | B4: ALMOND ETHICALS LTD | C4: 2B, MOJOLA STREET, AJAO ESTATE, ANTHONY VILLAGE LAGOS | D4: THEODORE R. OKAFOR 08033324448 | E4: GDP | F4: 45762 | G4: Medium-Risk (B) | H4: 5TH MAY 2025 | I4: NO | J4: CAPA TO BE SUBMITTED | K4: =IF(I4="YES","CAPA VERIFICATION SHOULD BE SCHEDULED",IF(I4="NO","REMINDER LETTER SHOULD BE SENT","")) -> REMINDER LETTER SHOULD BE SENT | L4: 45748 | M4: https://nafdacng.sharepoint.com/sites/PMSLAGOS/Shared%20Documents/GDP%20(GOOD%20DISTRIBUTION%20PRATICE)/GSDP%20COMPANY%20FILES\ALMOND%20ETHICALS | N4: =IF(M4="","",HYPERLINK(M4,B4)) -> ALMOND ETHICALS LTD
A5: 25 | B5: EJIMATH PHARMACY LTD. | C5: 10, ABEOKUTA STREET, OFF ABEOKUTA EXPRESS ROAD, PLEASURE, ALIMOSHO, LAGOS | D5: Pharm. (Dr.) Agu Nnamdulu | E5: GDP | F5: 45762 | G5: Medium-Risk (B) | H5: 23RD APRIL 2025 | I5: NO | J5: CAPA TO BE SUBMITTED | K5: =IF(I5="YES","CAPA VERIFICATION SHOULD BE SCHEDULED",IF(I5="NO","REMINDER LETTER SHOULD BE SENT","")) -> REMINDER LETTER SHOULD BE SENT | L5: 45773 | M5: https://nafdacng.sharepoint.com/sites/PMSLAGOS/Shared Documents/GSDP (GOOD STORAGE AND DISTRIBUTION PRACTICE)/GSDP COMPANY FILES\EJIMATH | N5: =IF(M5="","",HYPERLINK(M5,B5)) -> EJIMATH PHARMACY LTD.
A6: 26 | B6: NAFRO PHARMA NIG. LTD. | C6: SUITE B16, AMORI SHOPPING PLAZA, EGBEDA. | D6: Abasilim 08033262248 | E6: GDP | F6: 45762 | G6: Medium-Risk (B) | H6: 23RD APRIL 2025 | I6: NO | J6: CAPA TO BE SUBMITTED | K6: =IF(I6="YES","CAPA VERIFICATION SHOULD BE SCHEDULED",IF(I6="NO","REMINDER LETTER SHOULD BE SENT","")) -> REMINDER LETTER SHOULD BE SENT | L6: 45748 | M6: https://nafdacng.sharepoint.com/sites/PMSLAGOS/Shared Documents/GSDP (GOOD STORAGE AND DISTRIBUTION PRACTICE)/GSDP COMPANY FILES\NANCIL1 | N6: =IF(M6="","",HYPERLINK(M6,B6)) -> NAFRO PHARMA NIG. LTD.
A7: 27 | B7: THOMPSON & GRACE PHARM. LTD. | C7: 7, MORONU MADUAGWU STR., OFF MASHA, SURULERE | D7: Pharm. Anthony Otaigbe 07060954163 | E7: GDP | F7: 45763 | G7: Medium-Risk (B) | J7: CAPA TO BE SUBMITTED | K7: =IF(I7="YES","CAPA VERIFICATION SHOULD BE SCHEDULED",IF(I7="NO","REMINDER LETTER SHOULD BE SENT","")) | L7: 45748 | M7: https://nafdacng.sharepoint.com/sites/PMSLAGOS/Shared Documents/GSDP (GOOD STORAGE AND DISTRIBUTION PRACTICE)/GSDP COMPANY FILES\Thompson & Grace Pharm | N7: =IF(M7="","",HYPERLINK(M7,B7)) -> THOMPSON & GRACE PHARM. LTD.
A8: 28 | B8: GLOBAL ONE WORD HEALTHCARE | C8: 30B TOWOLAWI, COKER VILLAGE, ORILE IGANMU, SURULERE | D8: PHARM. IFE ADETIFA 07033775248 | E8: GDP | F8: 45763 | G8: Medium-Risk (B) | H8: 24TH APRIL 2025 | I8: YES | J8: CAPA SUBMITTED | K8: =IF(I8="YES","CAPA VERIFICATION SHOULD BE SCHEDULED",IF(I8="NO","REMINDER LETTER SHOULD BE SENT","")) -> CAPA VERIFICATION SHOULD BE SCHEDULED | L8: 45748 | M8: https://nafdacng.sharepoint.com/sites/PMSLAGOS/Shared Documents/GSDP (GOOD STORAGE AND DISTRIBUTION PRACTICE)/GSDP COMPANY FILES\Global One healthcare | N8: =IF(M8="","",HYPERLINK(M8,B8)) -> GLOBAL ONE WORD HEALTHCARE
A9: 29 | B9: LABETA DRUGS LTD. | C9: 16, BADARU STREET, BY MASHA BUSSTOP, SURULERE | D9: Elizabeth Amomo 08023263729 | E9: GDP | F9: 45763 | G9: Medium-Risk (B) | H9: 24TH APRIL 2025 | I9: YES | J9: CAPA SUBMITTED | K9: =IF(I9="YES","CAPA VERIFICATION SHOULD BE SCHEDULED",IF(I9="NO","REMINDER LETTER SHOULD BE SENT","")) -> CAPA VERIFICATION SHOULD BE SCHEDULED | L9: 45748 | M9: https://nafdacng.sharepoint.com/sites/PMSLAGOS/Shared Documents/GSDP (GOOD STORAGE AND DISTRIBUTION PRACTICE)/GSDP COMPANY FILES\LABETA | N9: =IF(M9="","",HYPERLINK(M9,B9)) -> LABETA DRUGS LTD.
A10: 30 | B10: MULTIBASE PHARMA IND. NIG. LTD | C10: 7A, AJIBADE OKE STR., AJAO ESTATE | D10: 8033183813 | E10: GDP | F10: 45764 | G10: Low-Risk (A) | I10: YES | J10: NO CAPA UNTIL IMPORTATION BEGINS | K10: =IF(I10="YES","CAPA VERIFICATION SHOULD BE SCHEDULED",IF(I10="NO","REMINDER LETTER SHOULD BE SENT","")) -> CAPA VERIFICATION SHOULD BE SCHEDULED | L10: 46113 | M10: https://nafdacng.sharepoint.com/sites/PMSLAGOS/Shared Documents/GSDP (GOOD STORAGE AND DISTRIBUTION PRACTICE)/GSDP COMPANY FILES\MULTICHARIS PHARMACY & CHEM | N10: =IF(M10="","",HYPERLINK(M10,B10)) -> MULTIBASE PHARMA IND. NIG. LTD
A11: 31 | B11: GENERICS & SPECIALITIES LTD (CAPA) | C11: 9, DAVE ANAZODO STREET, NEAR CHIVITA COMPANY, AJAO ESTATE | D11: Pharm. Cyril Odidika | E11: CAPA | F11: 45764 | G11: Low-Risk (A) | J11: CLOSED | K11: CONTINOUS MONITORING TO ENSURE COMPLAINCE | L11: SATISFACTORY | M11: https://nafdacng.sharepoint.com/sites/PMSLAGOS/Shared Documents/GSDP (GOOD STORAGE AND DISTRIBUTION PRACTICE)/GSDP COMPANY FILES\GENERICS & SPECIALITIES | N11: =IF(M11="","",HYPERLINK(M11,B11)) -> GENERICS & SPECIALITIES LTD (CAPA)
A12: 32 | B12: NANCIL NIG. LTD. | C12: 1, CEDAR ROAD, OFF OJODU ABIODUN ROAD, OJODU BERGER | D12: Pharm. Chizoba Akubue | E12: GDP | F12: 45764 | G12: Medium-Risk (B) | H12: 22ND APRIL 2025 | I12: YES | J12: CAPA SUBMITTED | K12: DONE | L12: SATISFACTORY | M12: https://nafdacng.sharepoint.com/sites/PMSLAGOS/Shared Documents/GSDP (GOOD STORAGE AND DISTRIBUTION PRACTICE)/GSDP COMPANY FILES\NEAT LINE PHARM LTD | N12: =IF(M12="","",HYPERLINK(M12,B12)) -> NANCIL NIG. LTD.
A13: 33 | B13: TETA PHARM. LTD.(CAPA) | C13: 4, OKEHO STREET, IREAKARI ESTATE, ISOLO | D13: Pharm. George Akinsuli | E13: CAPA | F13: 45764 | G13: Medium-Risk (B) | H13: 24TH APRIL 2025 | I13: YES | J13: CAPA SUBMITTED | K13: =IF(I13="YES","CAPA VERIFICATION SHOULD BE SCHEDULED",IF(I13="NO","REMINDER LETTER SHOULD BE SENT","")) -> CAPA VERIFICATION SHOULD BE SCHEDULED | L13: 45748 | M13: https://nafdacng.sharepoint.com/sites/PMSLAGOS/Shared Documents/GSDP (GOOD STORAGE AND DISTRIBUTION PRACTICE)/GSDP COMPANY FILES\TEKA PHARM | N13: =IF(M13="","",HYPERLINK(M13,B13)) -> TETA PHARM. LTD.(CAPA)
A14: 34 | B14: VITANE PHARM. NIG. LTD. | D14: M.ALATEEKS | E14: GDP | F14: 45762 | G14: Low-Risk (A) | J14: CAPA TO BE SUBMITTED | K14: =IF(I14="YES","CAPA VERIFICATION SHOULD BE SCHEDULED",IF(I14="NO","REMINDER LETTER SHOULD BE SENT","")) | L14: 46113 | N14: =IF(M14="","",HYPERLINK(M14,B14))

Sheet May
A1: GDP INSPECTION CLASSIFICATION DATA BASE AS AT 2025
A2: S/N | B2: NAME OF MANUFACTURER | C2: LOCATION ADDRESS | D2: CONTACT | E2: TYPE OF LAST INSPECTION | F2: DATE OF LAST INSPECTION | G2: FINDINGS | H2: DATE CAPA ISSUED | I2: CAPA SUBMITTED | J2: CONCLUSION | K2: REMARKS | L2: EXPECTED DATE OF INSPECTION | M2: CC | N2: COMPANY FILE
A3: 35 | B3: ORANGE DRUGS LTD. | C3: 66/68, TOWN PLANNING WAY, ILUPEJU | D3: 8036005454 | E3: GDP | F3: 45797 | G3: Medium-Risk (B) | H3: 21ST MAY 2025 | I3: NO | J3: CAPA TO BE SUBMITTED | K3: =IF(I3="YES","CAPA VERIFICATION SHOULD BE SCHEDULED",IF(I3="NO","REMINDER LETTER SHOULD BE SENT","")) -> REMINDER LETTER SHOULD BE SENT | L3: 45778 | M3: https://nafdacng.sharepoint.com/sites/PMSLAGOS/Shared Documents/GSDP (GOOD STORAGE AND DISTRIBUTION PRACTICE)/GSDP COMPANY FILES\Orange drugs ltd | N3: =IF(M3="","",HYPERLINK(M3,B3)) -> ORANGE DRUGS LTD.
A4: 36 | B4: GLOBAL HEALTHCARE LTD | C4: 12, OLUSOJI IDOWU STREET, OFF ADEKUNLE ODUNLAMI CRESCERNT, ILUPEJU | D4: OLADIMEJI GBOTOSO 08033371573 | E4: GDP | F4: 45797 | G4: Medium-Risk (B) | H4: 21ST MAY 2025 | I4: NO | J4: CAPA TO BE SUBMITTED | K4: =IF(I4="YES","CAPA VERIFICATION SHOULD BE SCHEDULED",IF(I4="NO","REMINDER LETTER SHOULD BE SENT","")) -> REMINDER LETTER SHOULD BE SENT | L4: 45778 | M4: https://nafdacng.sharepoint.com/sites/PMSLAGOS/Shared Documents/GSDP (GOOD STORAGE AND DISTRIBUTION PRACTICE)/GSDP COMPANY FILES\Global Healthcare Ltd | N4: =IF(M4="","",HYPERLINK(M4,B4)) -> GLOBAL HEALTHCARE LTD
A5: 37 | B5: OXUS PHARMA LTD. | C5: 20, OGUNAIKE STREET, OFF SHIPEOLU STREET, PALMGROOVE | D5: PHARM. EGBUNIKE 08065139357 | E5: GDP | F5: 45797 | G5: Medium-Risk (B) | H5: 21ST MAY 2025 | I5: NO | J5: CAPA TO BE SUBMITTED | K5: =IF(I5="YES","CAPA VERIFICATION SHOULD BE SCHEDULED",IF(I5="NO","REMINDER LETTER SHOULD BE SENT","")) -> REMINDER LETTER SHOULD BE SENT | L5: 45778 | M5: https://nafdacng.sharepoint.com/sites/PMSLAGOS/Shared Documents/GSDP (GOOD STORAGE AND DISTRIBUTION PRACTICE)/GSDP COMPANY FILES\Oxus pharma | N5: =IF(M5="","",HYPERLINK(M5,B5)) -> OXUS PHARMA LTD.
A6: 38 | B6: MICRONOVA PHARM. INDT. LTD | C6: PLOT 3, BILLINGS WAY, OREGUN IND ESTATE, IKEJA | D6: OGUEF SOLOMON 08033555665 | E6: GDP | F6: 45797 | G6: Medium-Risk (B) | H6: 26TH MAY 2025 | I6: NO | J6: CAPA TO BE SUBMITTED | K6: =IF(I6="YES","CAPA VERIFICATION SHOULD BE SCHEDULED",IF(I6="NO","REMINDER LETTER SHOULD BE SENT","")) -> REMINDER LETTER SHOULD BE SENT | L6: 45778 | M6: https://nafdacng.sharepoint.com/sites/PMSLAGOS/Shared Documents/GSDP (GOOD STORAGE AND DISTRIBUTION PRACTICE)/GSDP COMPANY FILES\Mid century Agro Allied Ventures | N6: =IF(M6="","",HYPERLINK(M6,B6)) -> MICRONOVA PHARM. INDT. LTD
A7: 39 | B7: TURNER WRIGHT LTD. | C7: 15, ADENEKAN SALAKO STR., OGBA, IKEJA | D7: PHARM. F. AKINDELE 08033068480 | E7: GDP | F7: 45797 | G7: Medium-Risk (B) | H7: 25TH MAY 2025 | I7: NO | J7: CAPA TO BE SUBMITTED | K7: =IF(I7="YES","CAPA VERIFICATION SHOULD BE SCHEDULED",IF(I7="NO","REMINDER LETTER SHOULD BE SENT","")) -> REMINDER LETTER SHOULD BE SENT | L7: 45778 | M7: https://nafdacng.sharepoint.com/sites/PMSLAGOS/Shared%20Documents/GDP%20(GOOD%20DISTRIBUTION%20PRATICE)/GSDP%20COMPANY%20FILES/TURNER%20WRIGHT%20LTD | N7: =IF(M7="","",HYPERLINK(M7,B7)) -> TURNER WRIGHT LTD.
A8: 40 | B8: BRIAN MUNRO LTD | C8: 25, IZE IYAMU STR., OFF BILLINGSWAY, OREGUN | D8: PHARM. OLORUNSOLA BOLUWATIFE 08060378307 | E8: GDP | F8: 45799 | G8: Medium-Risk (B) | H8: 23RD MAY 2025 | I8: NO | J8: CAPA TO BE SUBMITTED | K8: =IF(I8="YES","CAPA VERIFICATION SHOULD BE SCHEDULED",IF(I8="NO","REMINDER LETTER SHOULD BE SENT","")) -> REMINDER LETTER SHOULD BE SENT | L8: 45778 | M8: https://nafdacng.sharepoint.com/sites/PMSLAGOS/Shared Documents/GSDP (GOOD STORAGE AND DISTRIBUTION PRACTICE)/GSDP COMPANY FILES\Brian Munroe | N8: =IF(M8="","",HYPERLINK(M8,B8)) -> BRIAN MUNRO LTD
A9: 41 | B9: SAGAR VITACEUTICALS (CAPA) | C9: PLOT 2, LADIPO OLUWOLE STR., OFF AKRAN AVENUE, IKEJA | D9: PHARM. AJENIFUJA 08023692457 | E9: CAPA | F9: 45799 | G9: Low-Risk (A) | H9: 23RD MAY 2025 | I9: YES | J9: CAPA SUBMITTED | K9: CLOSED | L9: 45778 | M9: https://nafdacng.sharepoint.com/sites/PMSLAGOS/Shared Documents/GSDP (GOOD STORAGE AND DISTRIBUTION PRACTICE)/GSDP COMPANY FILES\SAGAR VITACEAUTICALS NIG LTD | N9: =IF(M9="","",HYPERLINK(M9,B9)) -> SAGAR VITACEUTICALS (CAPA)
A10: 42 | B10: NEIMETH INTERNATIONAL PHARMACEUTICALS PLC | C10: PLOT 16, AKANNI DOHERTY LAYOUT, BILLINGS WAY OREGUN INDUSTRIAL ROAD | D10: PHARM. ONWUBUYA PHILIP 08085246483 | E10: GDP | F10: 45799 | G10: Medium-Risk (B) | H10: 23RD MAY 2025 | I10: YES | J10: CAPA SUBMITTED | K10: =IF(I10="YES","CAPA VERIFICATION SHOULD BE SCHEDULED",IF(I10="NO","REMINDER LETTER SHOULD BE SENT","")) -> CAPA VERIFICATION SHOULD BE SCHEDULED | L10: 46143 | M10: https://nafdacng.sharepoint.com/sites/PMSLAGOS/Shared Documents/GSDP (GOOD STORAGE AND DISTRIBUTION PRACTICE)/GSDP COMPANY FILES\NEMITT PHARMACEUTICALS LTD | N10: =IF(M10="","",HYPERLINK(M10,B10)) -> NEIMETH INTERNATIONAL PHARMACEUTICALS PLC
A11: 43 | B11: EVERSHINE PHARMACEUTICAL NIG. LTD. (CAPA) | C11: 41, AMOKE ALASALA STREET, IYANA IPAJA, LAGOS. | D11: PHARM. CLETHS S.N. 08062744196 | E11: CAPA | F11: 45799 | G11: Medium-Risk (B) | H11: 23RD MAY 2025 | I11: NO | J11: CAPA TO BE SUBMITTED | K11: =IF(I11="YES","CAPA VERIFICATION SHOULD BE SCHEDULED",IF(I11="NO","REMINDER LETTER SHOULD BE SENT","")) -> REMINDER LETTER SHOULD BE SENT | L11: 45778 | M11: https://nafdacng.sharepoint.com/sites/PMSLAGOS/Shared Documents/GSDP (GOOD STORAGE AND DISTRIBUTION PRACTICE)/GSDP COMPANY FILES\EVERSHINE PHARMA NIG LTD | N11: =IF(M11="","",HYPERLINK(M11,B11)) -> EVERSHINE PHARMACEUTICAL NIG. LTD. (CAPA)
A12: 44 | B12: ASSENE-LABOREX LTD | C12: PLT. 2 & 4, BLK. D, IND. SCHEME, APAPA-OSHODI E-WAY | D12: PHARM. TIMI ESO 08184544791 | E12: GDP | F12: 45799 | G12: Low-Risk (A) | H12: N/A | I12: NO | J12: CLOSED | K12: CLOSED | L12: SATISFACTORY | M12: https://nafdacng.sharepoint.com/sites/PMSLAGOS/Shared Documents/GSDP (GOOD STORAGE AND DISTRIBUTION PRACTICE)/GSDP COMPANY FILES\Assene-LABOREX | N12: =IF(M12="","",HYPERLINK(M12,B12)) -> ASSENE-LABOREX LTD
A13: 45 | B13: PEMASON PHARMACY LTD | C13: NO. 15, REGINAL PETER CHIDIEBERE STREET, HOPE ESTATE, ISOLO | D13: PHARM. OGBANUSI 08034000540 | E13: GDP | F13: 45799 | G13: Medium-Risk (B) | H13: N/A | I13: NO | J13: CAPA TO BE SUBMITTED | K13: =IF(I13="YES","CAPA VERIFICATION SHOULD BE SCHEDULED",IF(I13="NO","REMINDER LETTER SHOULD BE SENT","")) -> REMINDER LETTER SHOULD BE SENT | L13: 45778 | M13: https://nafdacng.sharepoint.com/sites/PMSLAGOS/Shared Documents/GSDP (GOOD STORAGE AND DISTRIBUTION PRACTICE)/GSDP COMPANY FILES\PEMASON | N13: =IF(M13="","",HYPERLINK(M13,B13)) -> PEMASON PHARMACY LTD
A14: 46 | B14: NKOYO CHEMIST | C14: 23, AGBONYIN STREET, AGUDA, SURULERE | D14: PHARM. CHISOM 08035747466 | E14: GDP | F14: 45799 | G14: Medium-Risk (B) | H14: N/A | I14: NO | J14: CAPA TO BE SUBMITTED | K14: =IF(I14="YES","CAPA VERIFICATION SHOULD BE SCHEDULED",IF(I14="NO","REMINDER LETTER SHOULD BE SENT","")) -> REMINDER LETTER SHOULD BE SENT | L14: 45778 | M14: https://nafdacng.sharepoint.com/sites/PMSLAGOS/Shared Documents/GSDP (GOOD STORAGE AND DISTRIBUTION PRACTICE)/GSDP COMPANY FILES/EUROMED | N14: =IF(M14="","",HYPERLINK(M14,B14)) -> NKOYO CHEMIST

Sheet June
A1: GDP INSPECTION CLASSIFICATION DATA BASE AS AT 2025
A2: S/N | B2: NAME OF MANUFACTURER | C2: LOCATION ADDRESS | D2: CONTACT | E2: TYPE OF LAST INSPECTION | F2: DATE OF LAST INSPECTION | G2: FINDINGS | H2: DATE CAPA ISSUED | I2: CAPA SUBMITTED | J2: CONCLUSION | K2: REMARKS | L2: EXPECTED DATE OF INSPECTION | M2: CC | N2: COMPANY FILE
A3: 47 | B3: EVANS THERAPEUTICS | C3: 24,ABIMBOLA WAY,ISOLO LAGOS | D3: PHARM. ADEMOLA ADEKUNLE | E3: GDP | F3: 45827 | G3: Low-Risk (A) | H3: 24th june 2025 | I3: NO | J3: CAPA TO BE SUBMITTED | K3: =IF(I3="YES","CAPA VERIFICATION SHOULD BE SCHEDULED",IF(I3="NO","REMINDER LETTER SHOULD BE SENT","")) -> REMINDER LETTER SHOULD BE SENT | L3: 46174 | M3: https://nafdacng.sharepoint.com/sites/PMSLAGOS/Shared Documents/GSDP (GOOD STORAGE AND DISTRIBUTION PRACTICE)/GSDP COMPANY FILES\EVANS THERAPEUTICS | N3: =IF(M3="","",HYPERLINK(M3,B3)) -> EVANS THERAPEUTICS
A4: 48 | B4: STRIDES LIFESCIENCES LTD | C4: CHEMLINE HOUSE 7,OBASA STREET,OFF OBA AKRAN AVENUE,IKEJA | D4: PHARM. KELECHI EKE | E4: GDP | F4: 45827 | G4: Medium-Risk (B) | H4: 24th june 2025 | I4: NO | J4: CAPA TO BE SUBMITTED | K4: =IF(I4="YES","CAPA VERIFICATION SHOULD BE SCHEDULED",IF(I4="NO","REMINDER LETTER SHOULD BE SENT","")) -> REMINDER LETTER SHOULD BE SENT | L4: 45809 | M4: https://nafdacng.sharepoint.com/sites/PMSLAGOS/Shared Documents/GSDP (GOOD STORAGE AND DISTRIBUTION PRACTICE)/GSDP COMPANY FILES\STRIDELIFESCIENCES | N4: =IF(M4="","",HYPERLINK(M4,B4)) -> STRIDES LIFESCIENCES LTD
A5: 49 | B5: KUNIMED PHARMACHEM LTD | C5: 18/20 MORTUNE AVENUE,VALLEY ESTATE,IKEJA | D5: PHARM. EZEAMA EMMANUEL | E5: GDP | F5: 45827 | G5: Medium-Risk (B) | H5: 24th june 2025 | I5: NO | J5: CAPA TO BE SUBMITTED | K5: =IF(I5="YES","CAPA VERIFICATION SHOULD BE SCHEDULED",IF(I5="NO","REMINDER LETTER SHOULD BE SENT","")) -> REMINDER LETTER SHOULD BE SENT | L5: 45809 | M5: https://nafdacng.sharepoint.com/sites/PMSLAGOS/Shared Documents/GSDP (GOOD STORAGE AND DISTRIBUTION PRACTICE)/GSDP COMPANY FILES\KUNIMED1 | N5: =IF(M5="","",HYPERLINK(M5,B5)) -> KUNIMED PHARMACHEM LTD
A6: 50 | B6: PACMAI INTL LTD | C6: 4, SHOWEMIMO STREET,BEHIND ION FILLING STATION AFTER ABULE,BEFORE OJO BARRACKS | D6: PHARM. GBENGA AJERO | E6: GDP | F6: 45828 | G6: High-Risk (C) | H6: 30th june 2025 | I6: NO | J6: CAPA TO BE SUBMITTED | K6: =IF(I6="YES","CAPA VERIFICATION SHOULD BE SCHEDULED",IF(I6="NO","REMINDER LETTER SHOULD BE SENT","")) -> REMINDER LETTER SHOULD BE SENT | L6: 46174 | M6: https://nafdacng.sharepoint.com/sites/PMSLAGOS/Shared Documents/GSDP (GOOD STORAGE AND DISTRIBUTION PRACTICE)/GSDP COMPANY FILES\Pacmal intl ltd | N6: =IF(M6="","",HYPERLINK(M6,B6)) -> PACMAI INTL LTD
A7: 51 | B7: SKIN PHARM LTD | C7: 230, IDEWU STREET,OLODI APAPA | D7: OPARAOCHA MARYEY | E7: GDP | F7: 45828 | G7: Medium-Risk (B) | H7: 30th june 2025 | I7: NO | J7: CAPA TO BE SUBMITTED | K7: =IF(I7="YES","CAPA VERIFICATION SHOULD BE SCHEDULED",IF(I7="NO","REMINDER LETTER SHOULD BE SENT","")) -> REMINDER LETTER SHOULD BE SENT | L7: 45809 | M7: https://nafdacng.sharepoint.com/sites/PMSLAGOS/Shared Documents/GSDP (GOOD STORAGE AND DISTRIBUTION PRACTICE)/GSDP COMPANY FILES\SKINPHARM | N7: =IF(M7="","",HYPERLINK(M7,B7)) -> SKIN PHARM LTD
A8: 52 | B8: AMAKIN PHARMACEUTICALS LTD | C8: 25, OTUNBA GBADAMOSI/ASADO STREET,OLODI APAPA | D8: PHARM MACDONALD A. | E8: GDP | F8: 45828 | G8: Medium-Risk (B) | H8: 30th june 2025 | I8: YES | J8: CAPA SUBMITTED | K8: =IF(I8="YES","CAPA VERIFICATION SHOULD BE SCHEDULED",IF(I8="NO","REMINDER LETTER SHOULD BE SENT","")) -> CAPA VERIFICATION SHOULD BE SCHEDULED | L8: 45809 | M8: https://nafdacng.sharepoint.com/sites/PMSLAGOS/Shared Documents/GSDP (GOOD STORAGE AND DISTRIBUTION PRACTICE)/GSDP COMPANY FILES\AMAKIN PHARM | N8: =IF(M8="","",HYPERLINK(M8,B8)) -> AMAKIN PHARMACEUTICALS LTD
A9: 53 | B9: MC FORIS PHARM LTD | C9: 7,APOSTOLIC CHURCH STREET,AJAO ESTATE | D9: PHARM ASHIMOLE PRECIOUS | E9: GDP | F9: 45828 | G9: Medium-Risk (B) | H9: 25th june 2025 | I9: NO | J9: CAPA TO BE SUBMITTED | K9: =IF(I9="YES","CAPA VERIFICATION SHOULD BE SCHEDULED",IF(I9="NO","REMINDER LETTER SHOULD BE SENT","")) -> REMINDER LETTER SHOULD BE SENT | L9: 45809 | M9: https://nafdacng.sharepoint.com/sites/PMSLAGOS/Shared Documents/GSDP (GOOD STORAGE AND DISTRIBUTION PRACTICE)/GSDP COMPANY FILES\MCFORIS Pharm ltd | N9: =IF(M9="","",HYPERLINK(M9,B9)) -> MC FORIS PHARM LTD
A10: 54 | B10: BERLIN PHARM & HEALTHCARE | C10: 42, COMFORT EBOH,KIRIKIRI INDUSTRIAL AREA,APAPA | D10: FELIX ANIKPEA 08060817888 | E10: GDP | F10: 45831 | G10: High-Risk (C) | H10: 24th june 2025 | I10: NO | J10: CAPA TO BE SUBMITTED | K10: =IF(I10="YES","CAPA VERIFICATION SHOULD BE SCHEDULED",IF(I10="NO","REMINDER LETTER SHOULD BE SENT","")) -> REMINDER LETTER SHOULD BE SENT | L10: 45992 | M10: https://nafdacng.sharepoint.com/sites/PMSLAGOS/Shared Documents/GSDP (GOOD STORAGE AND DISTRIBUTION PRACTICE)/GSDP COMPANY FILES\BERLIN PHARM | N10: =IF(M10="","",HYPERLINK(M10,B10)) -> BERLIN PHARM & HEALTHCARE
A11: 55 | B11: SUITE LIFE PHARMACEUTICALS | C11: SUITE LIFE CLOSE,HOPE ESTATE,AGO PALACE,OKOTA | D11: MRS JULIUS-IFEANYI UCHE | E11: GDP | F11: 45831 | G11: High-Risk (C) | H11: 24th june 2025 | I11: NO | J11: CAPA TO BE SUBMITTED | K11: =IF(I11="YES","CAPA VERIFICATION SHOULD BE SCHEDULED",IF(I11="NO","REMINDER LETTER SHOULD BE SENT","")) -> REMINDER LETTER SHOULD BE SENT | L11: 45992 | M11: https://nafdacng.sharepoint.com/sites/PMSLAGOS/Shared Documents/GSDP (GOOD STORAGE AND DISTRIBUTION PRACTICE)/GSDP COMPANY FILES\SUITELIFE | N11: =IF(M11="","",HYPERLINK(M11,B11)) -> SUITE LIFE PHARMACEUTICALS
A12: 56 | B12: GLOBAL ONE WORD HEALTHCARE | C12: 30B TOLAWI COKER VILLAGE ORILE IGANMU SURULERE | D12: PHARM. IFE ADETIFA | E12: CAPA | F12: 45831 | G12: Low-Risk (A) | H12: CLOSED | I12: YES | J12: CLOSED | K12: SATISFACTORY | L12: 46174 | M12: https://nafdacng.sharepoint.com/sites/PMSLAGOS/Shared Documents/GSDP (GOOD STORAGE AND DISTRIBUTION PRACTICE)/GSDP COMPANY FILES\Global One healthcare | N12: =IF(M12="","",HYPERLINK(M12,B12)) -> GLOBAL ONE WORD HEALTHCARE
A13: 57 | B13: FRESHBORN INDUSTRIES LTD | C13: PLOT 3164, BLOCK 68, MARIAN ROAD,AMUWO ODOFIN | D13: PHARM. EBURUO BONIFACE | E13: GDP | F13: 45831 | G13: Medium-Risk (B) | H13: 30th june 2025 | I13: NO | J13: CAPA TO BE SUBMITTED | K13: =IF(I13="YES","CAPA VERIFICATION SHOULD BE SCHEDULED",IF(I13="NO","REMINDER LETTER SHOULD BE SENT","")) -> REMINDER LETTER SHOULD BE SENT | L13: 45809 | M13: https://nafdacng.sharepoint.com/sites/PMSLAGOS/Shared Documents/GSDP (GOOD STORAGE AND DISTRIBUTION PRACTICE)/GSDP COMPANY FILES\FRESHBORN | N13: =IF(M13="","",HYPERLINK(M13,B13)) -> FRESHBORN INDUSTRIES LTD
A14: 58 | B14: EMINENT DRUGS LIMITED | C14: 6B OMONUBI ,OFF OMOLANI STREET,IJESHATEDO-SU | D14: PHARM. AKALUGO JUDE | E14: GDP | F14: 45831 | G14: High-Risk (C) | H14: 30th june 2025 | I14: NO | J14: CAPA TO BE SUBMITTED | K14: =IF(I14="YES","CAPA VERIFICATION SHOULD BE SCHEDULED",IF(I14="NO","REMINDER LETTER SHOULD BE SENT","")) -> REMINDER LETTER SHOULD BE SENT | L14: 45809 | M14: https://nafdacng.sharepoint.com/sites/PMSLAGOS/Shared Documents/GSDP (GOOD STORAGE AND DISTRIBUTION PRACTICE)/GSDP COMPANY FILES\EMINENT DRUGS | N14: =IF(M14="","",HYPERLINK(M14,B14)) -> EMINENT DRUGS LIMITED

Sheet July
A1: GDP INSPECTION CLASSIFICATION DATA BASE AS AT 2025
A2: S/N | B2: NAME OF MANUFACTURER | C2: LOCATION ADDRESS | D2: CONTACT | E2: TYPE OF LAST INSPECTION | F2: DATE OF LAST INSPECTION | G2: FINDINGS | H2: DATE CAPA ISSUED | I2: CAPA SUBMITTED | J2: CONCLUSION | K2: REMARKS | L2: EXPECTED DATE OF INSPECTION | M2: CC | N2: COMPANY FILE
A3: 59 | B3: MALVIN MEDICS | C3: 6, WILMERS STREET,ILUPEJU LAGOS | D3: PHARM. PETER OGINI | E3: GDP | F3: 45855 | G3: Medium-Risk (B) | H3: N/A | I3: NO | J3: CAPA TO BE SUBMITTED | K3: =IF(I3="YES","CAPA VERIFICATION SHOULD BE SCHEDULED",IF(I3="NO","REMINDER LETTER SHOULD BE SENT","")) -> REMINDER LETTER SHOULD BE SENT | L3: 45839 | M3: https://nafdacng.sharepoint.com/sites/PMSLAGOS/Shared Documents/GSDP (GOOD STORAGE AND DISTRIBUTION PRACTICE)/GSDP COMPANY FILES\MALVEN MEDICS LTD | N3: =IF(M3="","",HYPERLINK(M3,B3)) -> MALVIN MEDICS
A4: 60 | B4: PANGENE BIOTECH | C4: 64,BAYO OYEWALE STREET,AGO PALACE,OKOTA,LAGOS | D4: PHARM. NKESE UYOATA | E4: GDP | F4: 45855 | G4: High-Risk (C) | H4: 24TH JULY 2025 | I4: YES | J4: CAPA SUBMITTED | K4: =IF(I4="YES","CAPA VERIFICATION SHOULD BE SCHEDULED",IF(I4="NO","REMINDER LETTER SHOULD BE SENT","")) -> CAPA VERIFICATION SHOULD BE SCHEDULED | L4: 45962 | M4: https://nafdacng.sharepoint.com/sites/PMSLAGOS/Shared Documents/GSDP (GOOD STORAGE AND DISTRIBUTION PRACTICE)/GSDP COMPANY FILES\PANGENE BIOTECH | N4: =IF(M4="","",HYPERLINK(M4,B4)) -> PANGENE BIOTECH
A5: 61 | B5: CEEMIKE PHARMA LTD | C5: 41,SHEU HUSSEIN ARIKEKEWUYO ROAD,I/VIEW ESTATE PH2,AMUWO ODOFIN,LAGOS | D5: PHARM.EBINUM SUNDAY | E5: GDP | F5: 45854 | G5: High-Risk (C) | H5: 23RD JULY 2025 | I5: YES | J5: CAPA SUBMITTED | K5: =IF(I5="YES","CAPA VERIFICATION SHOULD BE SCHEDULED",IF(I5="NO","REMINDER LETTER SHOULD BE SENT","")) -> CAPA VERIFICATION SHOULD BE SCHEDULED | L5: 46023 | M5: https://nafdacng.sharepoint.com/sites/PMSLAGOS/Shared Documents/GSDP (GOOD STORAGE AND DISTRIBUTION PRACTICE)/GSDP COMPANY FILES\CEEMIKE | N5: =IF(M5="","",HYPERLINK(M5,B5)) -> CEEMIKE PHARMA LTD
A6: 62 | B6: TOC PHARMACEUTICALS | C6: 88,ILAMOYE STREET,IJESHATEDO,LAGOS | D6: PHARM. FASASI | E6: GDP | F6: 45855 | G6: High-Risk (C) | H6: 24TH JULY 2025 | I6: NO | J6: CAPA TO BE SUBMITTED | K6: =IF(I6="YES","CAPA VERIFICATION SHOULD BE SCHEDULED",IF(I6="NO","REMINDER LETTER SHOULD BE SENT","")) -> REMINDER LETTER SHOULD BE SENT | L6: 46023 | M6: https://nafdacng.sharepoint.com/sites/PMSLAGOS/Shared Documents/GSDP (GOOD STORAGE AND DISTRIBUTION PRACTICE)/GSDP COMPANY FILES\TOC PHARMACEUTICALS | N6: =IF(M6="","",HYPERLINK(M6,B6)) -> TOC PHARMACEUTICALS
A7: 63 | B7: GOLDEN GAZELLE | C7: 387,AGEGE MOTOR ROAD,MUSHIN, LAGOS | D7: PHARM. OKWUAKU MARTINS | E7: GDP | F7: 45856 | G7: Medium-Risk (B) | H7: 24TH JULY 2025 | I7: NO | J7: CAPA TO BE SUBMITTED | K7: =IF(I7="YES","CAPA VERIFICATION SHOULD BE SCHEDULED",IF(I7="NO","REMINDER LETTER SHOULD BE SENT","")) -> REMINDER LETTER SHOULD BE SENT | L7: 45839 | M7: https://nafdacng.sharepoint.com/sites/PMSLAGOS/Shared Documents/GSDP (GOOD STORAGE AND DISTRIBUTION PRACTICE)/GSDP COMPANY FILES/GOLDEN GAZELLE | N7: =IF(M7="","",HYPERLINK(M7,B7)) -> GOLDEN GAZELLE

Sheet August
A1: GDP INSPECTION CLASSIFICATION DATA BASE AS AT 2025
A2: S/N | B2: NAME OF MANUFACTURER | C2: LOCATION ADDRESS | D2: CONTACT | E2: TYPE OF LAST INSPECTION | F2: DATE OF LAST INSPECTION | G2: FINDINGS | H2: DATE CAPA ISSUED | I2: CAPA SUBMITTED | J2: CONCLUSION | K2: REMARKS | L2: EXPECTED DATE OF INSPECTION | M2: CC | N2: COMPANY FILE
A3: 64 | B3: SHEPHERD HEALTH & VETERINARY LTD. | C3: 24,MONTGOMERY ROAD,YABA,LAGOS | D3: PHARM ADETUNJI JOSEPH | E3: CAPA | F3: 45894 | G3: Low-Risk (A) | H3: 30TH AUGUST 2025 | I3: NO | J3: CAPA TO BE SUBMITTED | K3: =IF(I3="YES","CAPA VERIFICATION SHOULD BE SCHEDULED",IF(I3="NO","REMINDER LETTER SHOULD BE SENT","")) -> REMINDER LETTER SHOULD BE SENT | L3: 46600 | M3: https://nafdacng.sharepoint.com/sites/PMSLAGOS/Shared Documents/GSDP (GOOD STORAGE AND DISTRIBUTION PRACTICE)/GSDP COMPANY FILES/SHEPHERD HEALTH | N3: =IF(M3="","",HYPERLINK(M3,B3)) -> SHEPHERD HEALTH & VETERINARY LTD.
A4: 65 | B4: TRINITAS APO LIMITED | C4: 192,BABS ANIMASHAUN STREET, SURULERE LAGOS | D4: PHARM EZEAKOR EMEKA | E4: GDP | F4: 45894 | G4: Low-Risk (A) | H4: 30TH AUGUST 2025 | I4: NO | J4: CAPA TO BE SUBMITTED | K4: =IF(I4="YES","CAPA VERIFICATION SHOULD BE SCHEDULED",IF(I4="NO","REMINDER LETTER SHOULD BE SENT","")) -> REMINDER LETTER SHOULD BE SENT | L4: 46600 | M4: https://nafdacng.sharepoint.com/sites/PMSLAGOS/Shared Documents/GSDP (GOOD STORAGE AND DISTRIBUTION PRACTICE)/GSDP COMPANY FILES\TRINITAS | N4: =IF(M4="","",HYPERLINK(M4,B4)) -> TRINITAS APO LIMITED
A5: 66 | B5: RICNOS PHARMA NIG. LTD | C5: 12A, LASISI AKINWALE STR., COKER ORILE-IGANMU | D5: PHARM OGBEDI ONYINYE | E5: GDP | F5: 45894 | G5: Low-Risk (A) | H5: 30TH AUGUST 2025 | I5: NO | J5: CAPA TO BE SUBMITTED | K5: =IF(I5="YES","CAPA VERIFICATION SHOULD BE SCHEDULED",IF(I5="NO","REMINDER LETTER SHOULD BE SENT","")) -> REMINDER LETTER SHOULD BE SENT | L5: 46600 | M5: https://nafdacng.sharepoint.com/sites/PMSLAGOS/Shared Documents/GSDP (GOOD STORAGE AND DISTRIBUTION PRACTICE)/GSDP COMPANY FILES\RICNOS | N5: =IF(M5="","",HYPERLINK(M5,B5)) -> RICNOS PHARMA NIG. LTD
A6: 67 | B6: ABTEVIC PHARMACEUTICAL LTD | C6: 17A, SANNI BALOGUN OFF AGBE ROAD, ABULE EGBA | D6: PHARM AYODEJI-ONI OYINDAMOLA | E6: GDP | F6: 45894 | G6: Medium-Risk (B) | H6: 30TH AUGUST 2025 | I6: YES | J6: CAPA SUBMITTED | K6: =IF(I6="YES","CAPA VERIFICATION SHOULD BE SCHEDULED",IF(I6="NO","REMINDER LETTER SHOULD BE SENT","")) -> CAPA VERIFICATION SHOULD BE SCHEDULED | L6: 45986 | M6: https://nafdacng.sharepoint.com/sites/PMSLAGOS/Shared Documents/GSDP (GOOD STORAGE AND DISTRIBUTION PRACTICE)/GSDP COMPANY FILES\Abtevic | N6: =IF(M6="","",HYPERLINK(M6,B6)) -> ABTEVIC PHARMACEUTICAL LTD
A7: 68 | B7: GLOBAL ORGANICS LIMITED | C7: PLOT 868,KM 34,LAGOS-ABEOKUTA EXPRESSWAY, LAGOS | D7: LAWRENCE MUSA | E7: GDP | F7: 45894 | G7: Medium-Risk (B) | H7: 25TH AUGUST 2025 | I7: NO | J7: CAPA TO BE SUBMITTED | K7: =IF(I7="YES","CAPA VERIFICATION SHOULD BE SCHEDULED",IF(I7="NO","REMINDER LETTER SHOULD BE SENT","")) -> REMINDER LETTER SHOULD BE SENT | L7: 46235 | N7: =IF(M7="","",HYPERLINK(M7,B7))
A8: 69 | B8: MED EXPRESS | C8: 7A, ADEWALE KOLAWOLE CRESCENT, OFF KUBOYE STR., MARUWA, LEKKI | D8: NWACHI HENRY | E8: CAPA | F8: 45895 | G8: Low-Risk (A) | H8: CLOSED | I8: YES | J8: CLOSED | K8: CLOSED | L8: SATISFACTORY | M8: https://nafdacng.sharepoint.com/sites/PMSLAGOS/Shared Documents/GSDP (GOOD STORAGE AND DISTRIBUTION PRACTICE)/GSDP COMPANY FILES/MEDEXPRESS | N8: =IF(M8="","",HYPERLINK(M8,B8)) -> MED EXPRESS
A9: 70 | B9: EXPHARLAB LIMITED | C9: 387, AGEGE MOTOR ROAD, MUSHIN, LAGOS | D9: PHARM. DICKSON IKHUORIA | E9: GDP | F9: 45895 | G9: Medium-Risk (B) | H9: 2ND SEPTEMBER 2025 | I9: NO | J9: CAPA TO BE SUBMITTED | K9: =IF(I9="YES","CAPA VERIFICATION SHOULD BE SCHEDULED",IF(I9="NO","REMINDER LETTER SHOULD BE SENT","")) -> REMINDER LETTER SHOULD BE SENT | L9: 46235 | M9: https://nafdacng.sharepoint.com/sites/PMSLAGOS/Shared Documents/GSDP (GOOD STORAGE AND DISTRIBUTION PRACTICE)/GSDP COMPANY FILES\EXPHARLAB | N9: =IF(M9="","",HYPERLINK(M9,B9)) -> EXPHARLAB LIMITED
A10: 71 | B10: ICE REMEDIES LIMITED | C10: 12, ADEWOLU KUKU STREET, OFF EMMA ABIMBOLA,COLE STREET, LEKKI PHASE 1, LAGOS | D10: MARY JOHN NWOYE | E10: GDP | F10: 45895 | G10: Medium-Risk (B) | H10: 2ND SEPTEMBER 2025 | I10: NO | J10: CAPA TO BE SUBMITTED | K10: =IF(I10="YES","CAPA VERIFICATION SHOULD BE SCHEDULED",IF(I10="NO","REMINDER LETTER SHOULD BE SENT","")) -> REMINDER LETTER SHOULD BE SENT | L10: 46235 | M10: https://nafdacng.sharepoint.com/sites/PMSLAGOS/Shared%20Documents/GDP%20(GOOD%20DISTRIBUTION%20PRATICE)/GSDP%20COMPANY%20FILES/ICE%20REMEDIES | N10: =IF(M10="","",HYPERLINK(M10,B10)) -> ICE REMEDIES LIMITED
A11: 72 | B11: NOVO NORDISK PHARMA LTD | C11: GIL AUTOMATIONS BUILDING GBOLAHAN LAWAL STREET,CBD, ALAUSA, IKEJA LAGOS | D11: JUDE ABONU | E11: GDP | F11: 45896 | G11: Low-Risk (A) | H11: CLOSED | I11: N/A | J11: CLOSED | K11: SATISFACTORY | L11: 46600 | N11: =IF(M11="","",HYPERLINK(M11,B11))
A12: 73 | B12: OLPHARM NIG. LIMITED | C12: 13, AGBAOKUN STREET,OPEBI | D12: OMOWUNMI OKON | E12: GDP | F12: 45896 | G12: Medium-Risk (B) | H12: 30TH AUGUST 2025 | I12: NO | J12: CAPA TO BE SUBMITTED | K12: =IF(I12="YES","CAPA VERIFICATION SHOULD BE SCHEDULED",IF(I12="NO","REMINDER LETTER SHOULD BE SENT","")) -> REMINDER LETTER SHOULD BE SENT | L12: 46600 | M12: https://nafdacng.sharepoint.com/sites/PMSLAGOS/Shared Documents/GSDP (GOOD STORAGE AND DISTRIBUTION PRACTICE)/GSDP COMPANY FILES\Olpharm Nigeria Limited | N12: =IF(M12="","",HYPERLINK(M12,B12)) -> OLPHARM NIG. LIMITED
A13: 74 | B13: NANCIL NIG. LTD. | C13: 1,CEDAR ROAD,NIGERIA CEDAR COMPOUND,OJODU ABIODUN ROAD, OJODU BERGER, LAGOS | D13: Pharm. Chizoba Akubue | E13: CAPA | F13: 45896 | G13: Low-Risk (A) | H13: CLOSED | I13: N/A | J13: CLOSED | K13: SATISFACTORY | L13: 46600 | M13: https://nafdacng.sharepoint.com/sites/PMSLAGOS/Shared Documents/GSDP (GOOD STORAGE AND DISTRIBUTION PRACTICE)/GSDP COMPANY FILES/NANCIL1 | N13: =IF(M13="","",HYPERLINK(M13,B13)) -> NANCIL NIG. LTD.
A14: 75 | B14: AGARY PHARMACEUTICALS LTD | C14: PLOT C394, AMUWO ODOFIN COMM SCHEME, LAGOS STATE | D14: PHARM ICHE VICTOR 07064686455 | E14: CAPA | F14: 45896 | G14: Low-Risk (A) | H14: CLOSED | I14: N/A | J14: CLOSED | K14: SATISFACTORY | L14: 46600 | M14: https://nafdacng.sharepoint.com/sites/PMSLAGOS/Shared Documents/GSDP (GOOD STORAGE AND DISTRIBUTION PRACTICE)/GSDP COMPANY FILES\AGARY PHARMACEUTICALS LTD | N14: =IF(M14="","",HYPERLINK(M14,B14)) -> AGARY PHARMACEUTICALS LTD
A15: 76 | B15: TAYLEK DRUGS CO. | C15: PLOT 8,BLOCK M,ABIMBOLA STREET, ISOLO | D15: 8037158154 | E15: GDP | F15: 45896 | G15: Medium-Risk (B) | H15: 45939 | I15: NO | J15: CAPA TO BE SUBMITTED | K15: =IF(I15="YES","CAPA VERIFICATION SHOULD BE SCHEDULED",IF(I15="NO","REMINDER LETTER SHOULD BE SENT","")) -> REMINDER LETTER SHOULD BE SENT | L15: 46235 | N15: =IF(M15="","",HYPERLINK(M15,B15))

Sheet September
A1: GDP INSPECTION CLASSIFICATION DATA BASE AS AT 2025
A2: S/N | B2: NAME OF MANUFACTURER | C2: LOCATION ADDRESS | D2: CONTACT | E2: TYPE OF LAST INSPECTION | F2: DATE OF LAST INSPECTION | G2: FINDINGS | H2: DATE CAPA ISSUED | I2: CAPA SUBMITTED | J2: CONCLUSION | K2: REMARKS | L2: EXPECTED DATE OF INSPECTION | M2: CC | N2: COMPANY FILE
A3: 77 | B3: CHILINK PHARM LTD. | C3: 18A, DAODU STR, OSHODI, LAGOS | D3: 08035721052 | E3: GDP | F3: 45916 | G3: High-Risk (C) | H3: 30/09/25 | I3: NO | J3: CAPA TO BE SUBMITTED | K3: =IF(I3="YES","CAPA VERIFICATION SHOULD BE SCHEDULED",IF(I3="NO","REMINDER LETTER SHOULD BE SENT","")) -> REMINDER LETTER SHOULD BE SENT | L3: 46143 | M3: https://nafdacng.sharepoint.com/sites/PMSLAGOS/Shared Documents/GSDP (GOOD STORAGE AND DISTRIBUTION PRACTICE)/GSDP COMPANY FILES\CHILINK PHARM LTD | N3: =IF(M3="","",HYPERLINK(M3,B3)) -> CHILINK PHARM LTD.
A4: 78 | B4: FAES FARMA NIG LTD (CAPA) | C4: 25, LADOKE AKINTOLA ST, IKEJA GRA LAGOS | D4: N/A | E4: CAPA | F4: 45916 | G4: Low-Risk (A) | H4: CLOSED | I4: N/A | J4: CAPA CLOSED | K4: SATISFACTORY | L4: 46631 | M4: https://nafdacng.sharepoint.com/sites/PMSLAGOS/Shared Documents/GSDP (GOOD STORAGE AND DISTRIBUTION PRACTICE)/GSDP COMPANY FILES\Faes Farma ltd | N4: =IF(M4="","",HYPERLINK(M4,B4)) -> FAES FARMA NIG LTD (CAPA)
A5: 79 | B5: CEMCEE PHARM. LTD. | C5: 58, MUSHIN RD. ISOLO, LAGOS. | D5: 08069718539 | E5: GDP | F5: 45916 | G5: High-Risk (C) | H5: 23/O9/25 | I5: NO | J5: CAPA TO BE SUBMITTED | K5: =IF(I5="YES","CAPA VERIFICATION SHOULD BE SCHEDULED",IF(I5="NO","REMINDER LETTER SHOULD BE SENT","")) -> REMINDER LETTER SHOULD BE SENT | L5: 46143 | M5: https://nafdacng.sharepoint.com/sites/PMSLAGOS/Shared Documents/GSDP (GOOD STORAGE AND DISTRIBUTION PRACTICE)/GSDP COMPANY FILES\Cemcee | N5: =IF(M5="","",HYPERLINK(M5,B5)) -> CEMCEE PHARM. LTD.
A6: 80 | B6: LABETA DRUGS LTD (CAPA) | C6: 125C, OLAITAN ODULARU STREET, SURULERE LAGOS. | D6: 08023263729 | E6: CAPA | F6: 45916 | G6: Medium-Risk (B) | H6: 22/09/25 | I6: YES | J6: CAPA SUBMITTED | K6: =IF(I6="YES","CAPA VERIFICATION SHOULD BE SCHEDULED",IF(I6="NO","REMINDER LETTER SHOULD BE SENT","")) -> CAPA VERIFICATION SHOULD BE SCHEDULED | L6: 46266 | M6: https://nafdacng.sharepoint.com/sites/PMSLAGOS/Shared Documents/GSDP (GOOD STORAGE AND DISTRIBUTION PRACTICE)/GSDP COMPANY FILES\LABETA | N6: =IF(M6="","",HYPERLINK(M6,B6)) -> LABETA DRUGS LTD (CAPA)
A7: 81 | B7: PHARMADEAL NIG. LTD | C7: 1, CRYSTAL GLASS CLOSE, AMUWO-ODOFIN. | D7: 08038510048 | E7: GDP | F7: 45917 | G7: Medium-Risk (B) | H7: 19/09/25 | I7: NO | J7: CAPA TO BE SUBMITTED | K7: =IF(I7="YES","CAPA VERIFICATION SHOULD BE SCHEDULED",IF(I7="NO","REMINDER LETTER SHOULD BE SENT","")) -> REMINDER LETTER SHOULD BE SENT | L7: 46266 | M7: https://nafdacng.sharepoint.com/sites/PMSLAGOS/Shared Documents/GSDP (GOOD STORAGE AND DISTRIBUTION PRACTICE)/GSDP COMPANY FILES\Pharmadeal nig ltd | N7: =IF(M7="","",HYPERLINK(M7,B7)) -> PHARMADEAL NIG. LTD
A8: 82 | B8: AMAKIN PHARM (CAPA) | C8: 25, OTUNBA GBADAMOSI STREET, OLODI APAPA, LAGOS. | D8: 08032620225 | E8: CAPA | F8: 45917 | J8: CAPA TO BE SUBMITTED | K8: =IF(I8="YES","CAPA VERIFICATION SHOULD BE SCHEDULED",IF(I8="NO","REMINDER LETTER SHOULD BE SENT","")) | M8: https://nafdacng.sharepoint.com/sites/PMSLAGOS/Shared Documents/GSDP (GOOD STORAGE AND DISTRIBUTION PRACTICE)/GSDP COMPANY FILES\AMAKIN PHARM | N8: =IF(M8="","",HYPERLINK(M8,B8)) -> AMAKIN PHARM (CAPA)
A9: 83 | B9: SEAGREEN PHARMACEUTICALS (CAPA) | C9: 3, OKUNFOLAMI STREET, ANTHONY VILLAGE, LAGOS. | D9: N/A | E9: CAPA | F9: 45917 | G9: Low-Risk (A) | H9: 17/09/2025 | I9: NO | J9: CAPA TO BE SUBMITTED | K9: =IF(I9="YES","CAPA VERIFICATION SHOULD BE SCHEDULED",IF(I9="NO","REMINDER LETTER SHOULD BE SENT","")) -> REMINDER LETTER SHOULD BE SENT | L9: 46631 | M9: https://nafdacng.sharepoint.com/sites/PMSLAGOS/Shared Documents/GSDP (GOOD STORAGE AND DISTRIBUTION PRACTICE)/GSDP COMPANY FILES\Seagreen Pharmaceuticals | N9: =IF(M9="","",HYPERLINK(M9,B9)) -> SEAGREEN PHARMACEUTICALS (CAPA)
A10: 84 | B10: MAYDON PHARMACEUTICAL (CAPA) | C10: 15, WILMER STREET, OFF TOWN PLANNING WAY, ILUPEJU, LAGOS | D10: N/A | E10: CAPA | F10: 45917 | G10: Medium-Risk (B) | H10: 29/09/25 | I10: NO | J10: CAPA TO BE SUBMITTED | K10: =IF(I10="YES","CAPA VERIFICATION SHOULD BE SCHEDULED",IF(I10="NO","REMINDER LETTER SHOULD BE SENT","")) -> REMINDER LETTER SHOULD BE SENT | L10: 46266 | M10: https://nafdacng.sharepoint.com/sites/PMSLAGOS/Shared Documents/GSDP (GOOD STORAGE AND DISTRIBUTION PRACTICE)/GSDP COMPANY FILES/MAYDON | N10: =IF(M10="","",HYPERLINK(M10,B10)) -> MAYDON PHARMACEUTICAL (CAPA)
A11: 85 | B11: EXXON PHARM (CAPA) | C11: AREA TEXTILE MILL COMP, PLOT A, BLK 2B, ASWANI STREET, ISOLO, LAGOS. | D11: N/A | E11: CAPA | F11: 45917 | G11: Medium-Risk (B) | I11: NO | J11: CAPA TO BE SUBMITTED | K11: =IF(I11="YES","CAPA VERIFICATION SHOULD BE SCHEDULED",IF(I11="NO","REMINDER LETTER SHOULD BE SENT","")) -> REMINDER LETTER SHOULD BE SENT | M11: https://nafdacng.sharepoint.com/sites/PMSLAGOS/Shared Documents/GSDP (GOOD STORAGE AND DISTRIBUTION PRACTICE)/GSDP COMPANY FILES\exxon | N11: =IF(M11="","",HYPERLINK(M11,B11)) -> EXXON PHARM (CAPA)

Sheet October
A1: GDP INSPECTION CLASSIFICATION DATA BASE AS AT 2025
A2: S/N | B2: NAME OF MANUFACTURER | C2: LOCATION ADDRESS | D2: CONTACT | E2: TYPE OF LAST INSPECTION | F2: DATE OF LAST INSPECTION | G2: FINDINGS | H2: DATE CAPA ISSUED | I2: CAPA SUBMITTED | J2: CONCLUSION | K2: REMARKS | L2: EXPECTED DATE OF INSPECTION | M2: CC | N2: COMPANY FILE
A3: 86 | B3: ADCEM (CAPA) | C3: 2, NILWIL CLOSE, OBA AKRAN AVENUE,IKEJA LAGOS | D3: N/A | E3: CAPA | F3: 45951 | G3: Medium-Risk (B) | J3: CAPA TO BE SUBMITTED | K3: =IF(I3="YES","CAPA VERIFICATION SHOULD BE SCHEDULED",IF(I3="NO","REMINDER LETTER SHOULD BE SENT","")) | M3: https://nafdacng.sharepoint.com/sites/PMSLAGOS/Shared Documents/GSDP (GOOD STORAGE AND DISTRIBUTION PRACTICE)/GSDP COMPANY FILES\Adcem | N3: =IF(M3="","",HYPERLINK(M3,B3)) -> ADCEM (CAPA)
A4: 87 | B4: JIN SPECTRAL PHARMACEUTICAL | C4: BLOCK 4A PLOT 29/31, LINK ROAD, ODOFIN, LAGOS | D4: 08037878762 | E4: GDP | F4: 45951 | G4: Medium-Risk (B) | H4: 24/10/25 | I4: NO | J4: CAPA TO BE SUBMITTED | K4: =IF(I4="YES","CAPA VERIFICATION SHOULD BE SCHEDULED",IF(I4="NO","REMINDER LETTER SHOULD BE SENT","")) -> REMINDER LETTER SHOULD BE SENT | L4: 46143 | M4: https://nafdacng.sharepoint.com/sites/PMSLAGOS/Shared Documents/GSDP (GOOD STORAGE AND DISTRIBUTION PRACTICE)/GSDP COMPANY FILES\JIN SPECTRAL PHARMACEUTICAL | N4: =IF(M4="","",HYPERLINK(M4,B4)) -> JIN SPECTRAL PHARMACEUTICAL
A5: 88 | B5: AFRAB-CHEM LIMITED | C5: 22, ABIMBOLA STREET, ISOLO, LAGOS | D5: 08099928893 | E5: GDP | F5: 45951 | G5: Low-Risk (A) | J5: CAPA SUBMITTED | K5: =IF(I5="YES","CAPA VERIFICATION SHOULD BE SCHEDULED",IF(I5="NO","REMINDER LETTER SHOULD BE SENT","")) | L5: 46296 | M5: https://nafdacng.sharepoint.com/sites/PMSLAGOS/Shared%20Documents/GDP%20(GOOD%20DISTRIBUTION%20PRATICE)/GSDP%20COMPANY%20FILES/NKOYO%20CHEMIST | N5: =IF(M5="","",HYPERLINK(M5,B5)) -> AFRAB-CHEM LIMITED
A6: 89 | B6: ARTEMIS LIFE SCIENCE LTD | C6: 2EB OPPOSITE OSOLO WAY, ASWANI MARKET OSHODI INDUSTRIAL SCHEME, ISOLO, LAGOS. | D6: 07087023420 | E6: CAPA | F6: 45951 | G6: Low-Risk (A) | I6: YES | J6: CAPA SUBMITTED | K6: =IF(I6="YES","CAPA VERIFICATION SHOULD BE SCHEDULED",IF(I6="NO","REMINDER LETTER SHOULD BE SENT","")) -> CAPA VERIFICATION SHOULD BE SCHEDULED | L6: 46661 | M6: https://nafdacng.sharepoint.com/sites/PMSLAGOS/Shared Documents/GSDP (GOOD STORAGE AND DISTRIBUTION PRACTICE)/GSDP COMPANY FILES\ARTEMIS | N6: =IF(M6="","",HYPERLINK(M6,B6)) -> ARTEMIS LIFE SCIENCE LTD
A7: 90 | B7: STANDARD GENERICS LTD | C7: 7 AGBOR STREET OFF OSOLOWAY AJAO ESTATE LAGOS | D7: 08033168492 | E7: GDP | F7: 45951 | G7: Medium-Risk (B) | J7: CAPA TO BE SUBMITTED | K7: =IF(I7="YES","CAPA VERIFICATION SHOULD BE SCHEDULED",IF(I7="NO","REMINDER LETTER SHOULD BE SENT","")) | L7: 46296 | M7: https://nafdacng.sharepoint.com/sites/PMSLAGOS/Shared Documents/GSDP (GOOD STORAGE AND DISTRIBUTION PRACTICE)/GSDP COMPANY FILES\STANDARD GENERICS | N7: =IF(M7="","",HYPERLINK(M7,B7)) -> STANDARD GENERICS LTD
A8: 91 | B8: PHARMABOX VENTURES LIMITED | C8: NO.4 OHAFIA STREET, OFF AGO PALACE WAY OKOTA LAGOS | D8: 07045115225 | E8: GDP | F8: 45951 | G8: Medium-Risk (B) | H8: 22/10/25 | I8: NO | J8: CAPA TO BE SUBMITTED | K8: =IF(I8="YES","CAPA VERIFICATION SHOULD BE SCHEDULED",IF(I8="NO","REMINDER LETTER SHOULD BE SENT","")) -> REMINDER LETTER SHOULD BE SENT | L8: 46296 | M8: https://nafdacng.sharepoint.com/sites/PMSLAGOS/Shared Documents/GSDP (GOOD STORAGE AND DISTRIBUTION PRACTICE)/GSDP COMPANY FILES\PHARMABOX VENTURES LTD | N8: =IF(M8="","",HYPERLINK(M8,B8)) -> PHARMABOX VENTURES LIMITED
A9: 92 | B9: JONCO PHARMACEUTICS | C9: NO.5 SERIKI CLOSE ALEPERE, KETU.LAGOS | D9: 08088227984 | E9: GDP | F9: 45952 | G9: High-Risk (C) | H9: 28/10/25 | I9: NO | J9: CAPA TO BE SUBMITTED | K9: =IF(I9="YES","CAPA VERIFICATION SHOULD BE SCHEDULED",IF(I9="NO","REMINDER LETTER SHOULD BE SENT","")) -> REMINDER LETTER SHOULD BE SENT | L9: 46143 | M9: https://nafdacng.sharepoint.com/sites/PMSLAGOS/Shared Documents/GSDP (GOOD STORAGE AND DISTRIBUTION PRACTICE)/GSDP COMPANY FILES\JONCO PHARMACEUTICAL LTD | N9: =IF(M9="","",HYPERLINK(M9,B9)) -> JONCO PHARMACEUTICS
A10: 93 | B10: BOUCIA LIMITED | C10: 1, SERAH AROBIEKE STREET, AMUWO ODOFIN LAGOS | D10: 08028115008 | E10: GDP | F10: 45952 | G10: Medium-Risk (B) | H10: 22/10/25 | I10: NO | J10: CAPA TO BE SUBMITTED | K10: =IF(I10="YES","CAPA VERIFICATION SHOULD BE SCHEDULED",IF(I10="NO","REMINDER LETTER SHOULD BE SENT","")) -> REMINDER LETTER SHOULD BE SENT | L10: 46296 | M10: https://nafdacng.sharepoint.com/sites/PMSLAGOS/Shared Documents/GSDP (GOOD STORAGE AND DISTRIBUTION PRACTICE)/GSDP COMPANY FILES\BOUCIA LIMITED | N10: =IF(M10="","",HYPERLINK(M10,B10)) -> BOUCIA LIMITED
A11: 94 | B11: BASIC PHARMACEUTICAL & HERBAL HEALTHCARE LTD | C11: 24, ODELOLA STREET, SURULERE, LAGOS | D11: 08060523512 | E11: GDP | F11: 45953 | G11: High-Risk (C) | H11: 28/10/25 | I11: YES | J11: CAPA SUBMITTED | K11: =IF(I11="YES","CAPA VERIFICATION SHOULD BE SCHEDULED",IF(I11="NO","REMINDER LETTER SHOULD BE SENT","")) -> CAPA VERIFICATION SHOULD BE SCHEDULED | L11: 46143 | M11: https://nafdacng.sharepoint.com/sites/PMSLAGOS/Shared Documents/GSDP (GOOD STORAGE AND DISTRIBUTION PRACTICE)/GSDP COMPANY FILES\BASIC PHARMACEUTICAL HERBAL HEALTHCARE LIMITED | N11: =IF(M11="","",HYPERLINK(M11,B11)) -> BASIC PHARMACEUTICAL & HERBAL HEALTHCARE LTD
A12: 95 | B12: BAZREAL GLOBAL LIMITED | C12: 2, OGUNYOMI ST. OWORONSHOKI LAGOS | D12: 08033951167 | E12: GDP | F12: 45953 | G12: Low-Risk (A) | H12: 28/10/25 | I12: NO | J12: CAPA TO BE SUBMITTED | K12: =IF(I12="YES","CAPA VERIFICATION SHOULD BE SCHEDULED",IF(I12="NO","REMINDER LETTER SHOULD BE SENT","")) -> REMINDER LETTER SHOULD BE SENT | L12: 46661 | M12: https://nafdacng.sharepoint.com/sites/PMSLAGOS/Shared Documents/GSDP (GOOD STORAGE AND DISTRIBUTION PRACTICE)/GSDP COMPANY FILES\BAZREAL GLOBAL LIMITED | N12: =IF(M12="","",HYPERLINK(M12,B12)) -> BAZREAL GLOBAL LIMITED
A13: 96 | B13: IDEAL EAGLE LIMITED (CAPA) | C13: 3, DACOSTA STREET, ONIKE, OFF IWAYA ROAD, YABA | D13: 8037247821 | E13: CAPA | F13: 45953 | G13: Low-Risk (A) | H13: 28/10/25 | I13: NO | J13: CAPA TO BE SUBMITTED | K13: =IF(I13="YES","CAPA VERIFICATION SHOULD BE SCHEDULED",IF(I13="NO","REMINDER LETTER SHOULD BE SENT","")) -> REMINDER LETTER SHOULD BE SENT | L13: 46661 | M13: https://nafdacng.sharepoint.com/sites/PMSLAGOS/Shared Documents/GSDP (GOOD STORAGE AND DISTRIBUTION PRACTICE)/GSDP COMPANY FILES\IDEAL EAGLES | N13: =IF(M13="","",HYPERLINK(M13,B13)) -> IDEAL EAGLE LIMITED (CAPA)
A14: 97 | B14: THOMPSON AND GRACE (CAPA) | C14: 7, MORONU MADUAGWU STR., OFF MASHA, SURULERE, LAGO | D14: 7060954163 | E14: CAPA | F14: 45953 | G14: Low-Risk (A) | H14: CLOSED | I14: N/A | J14: CAPA SUBMITTED | K14: SATISFACTORY | L14: 46661 | M14: https://nafdacng.sharepoint.com/sites/PMSLAGOS/Shared Documents/GSDP (GOOD STORAGE AND DISTRIBUTION PRACTICE)/GSDP COMPANY FILES/Thompson & Grace Pharm | N14: =IF(M14="","",HYPERLINK(M14,B14)) -> THOMPSON AND GRACE (CAPA)
A15: 98 | B15: BLUE SUMMIT HEALTH CARE LTD | C15: 42 COLE STREET OFF OJUELEGBA, LAGOS | D15: 08037792209 | E15: GDP | F15: 45953 | G15: High-Risk (C) | H15: 28/10/25 | I15: NO | J15: CAPA TO BE SUBMITTED | K15: REMINDER LETTER SHOULD BE SENT | L15: 46143 | M15: https://nafdacng.sharepoint.com/sites/PMSLAGOS/Shared%20Documents/GDP%20(GOOD%20DISTRIBUTION%20PRATICE)/GSDP%20COMPANY%20FILES/BLUE%20SUMMIT%20HEALTH | N15: =IF(M15="","",HYPERLINK(M15,B15)) -> BLUE SUMMIT HEALTH CARE LTD

Sheet November
A1: GDP INSPECTION CLASSIFICATION DATA BASE AS AT 2025
A2: S/N | B2: NAME OF MANUFACTURER | C2: LOCATION ADDRESS | D2: CONTACT | E2: TYPE OF LAST INSPECTION | F2: DATE OF LAST INSPECTION | G2: FINDINGS | H2: DATE CAPA ISSUED | I2: CAPA SUBMITTED | J2: CONCLUSION | K2: REMARKS | L2: EXPECTED DATE OF INSPECTION | M2: CC | N2: COMPANY FILE
A3: 99 | B3: BRIGHTMEX PHARMACY LIMITED | C3: NO 47, MAKINDE STREET ,MAFOLUKU OSHODI | D3: 7064946450 | E3: CAPA | F3: 45979 | G3: Medium-Risk (B) | H3: 18/11/25 | I3: NO | J3: CAPA TO BE SUBMITTED | K3: =IF(I3="YES","CAPA VERIFICATION SHOULD BE SCHEDULED",IF(I3="NO","REMINDER LETTER SHOULD BE SENT","")) -> REMINDER LETTER SHOULD BE SENT | L3: 46327 | M3: https://nafdacng.sharepoint.com/sites/PMSLAGOS/Shared Documents/GSDP (GOOD STORAGE AND DISTRIBUTION PRACTICE)/GSDP COMPANY FILES\BRIGHT MEX | N3: =IF(M3="","",HYPERLINK(M3,B3)) -> BRIGHTMEX PHARMACY LIMITED
A4: 100 | B4: JAWA INTL LIMITED | C4: PLOT 6, ABIMBOLA WAY,ISOLO IND ESTATE, LAGOS | D4: 8162734653 | E4: GDP | F4: 45979 | G4: Low-Risk (A) | H4: 18/11/25 | I4: YES | J4: CAPA SUBMITTED | K4: =IF(I4="YES","CAPA VERIFICATION SHOULD BE SCHEDULED",IF(I4="NO","REMINDER LETTER SHOULD BE SENT","")) -> CAPA VERIFICATION SHOULD BE SCHEDULED | L4: 46692 | M4: https://nafdacng.sharepoint.com/sites/PMSLAGOS/Shared Documents/GSDP (GOOD STORAGE AND DISTRIBUTION PRACTICE)/GSDP COMPANY FILES\JAWA INTERNATIONAL LTD | N4: =IF(M4="","",HYPERLINK(M4,B4)) -> JAWA INTL LIMITED
A5: 101 | B5: CLARION MEDICALS LTD (CAPA) | C5: 23, AFOLABI LESI STREET, ILUPEJU LAGOS | D5: 8158990100 | E5: CAPA | F5: 45979 | G5: High-Risk (C) | H5: 18/11/25 | I5: NO | J5: CAPA TO BE SUBMITTED | K5: =IF(I5="YES","CAPA VERIFICATION SHOULD BE SCHEDULED",IF(I5="NO","REMINDER LETTER SHOULD BE SENT","")) -> REMINDER LETTER SHOULD BE SENT | L5: 46143 | M5: https://nafdacng.sharepoint.com/sites/PMSLAGOS/Shared Documents/GSDP (GOOD STORAGE AND DISTRIBUTION PRACTICE)/GSDP COMPANY FILES\CLARION HEALTHCARE | N5: =IF(M5="","",HYPERLINK(M5,B5)) -> CLARION MEDICALS LTD (CAPA)
A6: 102 | B6: GENEX LIFESCIENCE | C6: WAREHOUSE 2, NO 7 SAPARA WILLIAMS STREET, INDUSTRIAL ESTATE, IKEJA LAGOS | D6: 7064946450 | E6: GDP | F6: 45979 | G6: Medium-Risk (B) | H6: 21/11/25 | I6: NO | J6: CAPA TO BE SUBMITTED | K6: =IF(I6="YES","CAPA VERIFICATION SHOULD BE SCHEDULED",IF(I6="NO","REMINDER LETTER SHOULD BE SENT","")) -> REMINDER LETTER SHOULD BE SENT | L6: 46327 | M6: https://nafdacng.sharepoint.com/sites/PMSLAGOS/Shared Documents/GSDP (GOOD STORAGE AND DISTRIBUTION PRACTICE)/GSDP COMPANY FILES\GENEX LIFESCIENCE | N6: =IF(M6="","",HYPERLINK(M6,B6)) -> GENEX LIFESCIENCE
A7: 103 | B7: ARINZESON PHARM CO LTD (CAPA) | C7: 1, MUIBI STREET, MUSHIN , LAGOS | D7: 8030753413 | E7: CAPA | F7: 45979 | G7: Low-Risk (A) | H7: CLOSED | I7: N/A | J7: CAPA CLOSED | K7: SATISFACTORY | L7: 46692 | M7: https://nafdacng.sharepoint.com/sites/PMSLAGOS/Shared Documents/GSDP (GOOD STORAGE AND DISTRIBUTION PRACTICE)/GSDP COMPANY FILES\ARINZESON PHARM | N7: =IF(M7="","",HYPERLINK(M7,B7)) -> ARINZESON PHARM CO LTD (CAPA)
A8: 104 | B8: SEPAT PHARM LTD | C8: 5B, SUNDAY OGUNYADE STREET GBAGADA PHASE 2, LAGOS | E8: GDP | F8: 45979 | G8: High-Risk (C) | H8: 21/11/25 | I8: YES | J8: CAPA SUBMITTED | K8: =IF(I8="YES","CAPA VERIFICATION SHOULD BE SCHEDULED",IF(I8="NO","REMINDER LETTER SHOULD BE SENT","")) -> CAPA VERIFICATION SHOULD BE SCHEDULED | L8: 46143 | M8: https://nafdacng.sharepoint.com/sites/PMSLAGOS/Shared Documents/GSDP (GOOD STORAGE AND DISTRIBUTION PRACTICE)/GSDP COMPANY FILES\SEPAT PHARMACEUTICAL LIMITED | N8: =IF(M8="","",HYPERLINK(M8,B8)) -> SEPAT PHARM LTD
A9: 105 | B9: NUGENIC PHARMACEUTICAL LTD | C9: PLOT 1A, BLOCK J, BEDE ALUGBUE STREET, SEAGRAVE ESTATE, LEKKI LAGOS STATE | D9: 7068995285 | E9: GDP | F9: 45980 | G9: Medium-Risk (B) | H9: 25/11/25 | I9: NO | J9: CAPA TO BE SUBMITTED | K9: =IF(I9="YES","CAPA VERIFICATION SHOULD BE SCHEDULED",IF(I9="NO","REMINDER LETTER SHOULD BE SENT","")) -> REMINDER LETTER SHOULD BE SENT | L9: 46327 | M9: https://nafdacng.sharepoint.com/sites/PMSLAGOS/Shared Documents/GSDP (GOOD STORAGE AND DISTRIBUTION PRACTICE)/GSDP COMPANY FILES\NUGENIC | N9: =IF(M9="","",HYPERLINK(M9,B9)) -> NUGENIC PHARMACEUTICAL LTD
A10: 106 | B10: SAVOCENT PHARMA | C10: 90, LADIPO STREET, CLEAN JOHN HOUSE, MUSHIN LAGOS | D10: 8185905205 | E10: GDP | F10: 45981 | G10: Medium-Risk (B) | H10: 25/11/2025 | I10: NO | J10: CAPA TO BE SUBMITTED | K10: =IF(I10="YES","CAPA VERIFICATION SHOULD BE SCHEDULED",IF(I10="NO","REMINDER LETTER SHOULD BE SENT","")) -> REMINDER LETTER SHOULD BE SENT | L10: 46327 | M10: https://nafdacng.sharepoint.com/sites/PMSLAGOS/Shared Documents/GSDP (GOOD STORAGE AND DISTRIBUTION PRACTICE)/GSDP COMPANY FILES\SAVOCENT PHARMA | N10: =IF(M10="","",HYPERLINK(M10,B10)) -> SAVOCENT PHARMA
A11: 107 | B11: KENIX PHARMACY | C11: 78/80 COMMUNITY ROAD, OFF AGO PALACE | D11: 8036767902 | E11: GDP | F11: 45981 | G11: Medium-Risk (B) | H11: 26/11/25 | I11: NO | J11: CAPA TO BE SUBMITTED | K11: =IF(I11="YES","CAPA VERIFICATION SHOULD BE SCHEDULED",IF(I11="NO","REMINDER LETTER SHOULD BE SENT","")) -> REMINDER LETTER SHOULD BE SENT | L11: 46327 | M11: https://nafdacng.sharepoint.com/sites/PMSLAGOS/Shared Documents/GSDP (GOOD STORAGE AND DISTRIBUTION PRACTICE)/GSDP COMPANY FILES\KENIX PHARMACY | N11: =IF(M11="","",HYPERLINK(M11,B11)) -> KENIX PHARMACY
A12: 108 | B12: CA & JO (CAPA) | C12: ALFA NLA CAPITOL ROAD, AGEGE LAGOS | E12: CAPA | F12: 45981 | G12: High-Risk (C) | H12: 21/11/2025 | I12: NO | J12: CAPA TO BE SUBMITTED | K12: =IF(I12="YES","CAPA VERIFICATION SHOULD BE SCHEDULED",IF(I12="NO","REMINDER LETTER SHOULD BE SENT","")) -> REMINDER LETTER SHOULD BE SENT | L12: 46143 | M12: https://nafdacng.sharepoint.com/sites/PMSLAGOS/Shared Documents/GSDP (GOOD STORAGE AND DISTRIBUTION PRACTICE)/GSDP COMPANY FILES\CA AND JO PHARMACY | N12: =IF(M12="","",HYPERLINK(M12,B12)) -> CA & JO (CAPA)
A13: 109 | B13: ABTEVIC (CAPA) | C13: 71A, SANNI BALOGUN , ABULE EGBA | D13: 8023065270 | E13: CAPA | F13: 45981 | G13: Low-Risk (A) | H13: CLOSED | I13: N/A | J13: CAPA CLOSED | K13: SATISFACTORY | L13: 46692 | M13: https://nafdacng.sharepoint.com/sites/PMSLAGOS/Shared Documents/GSDP (GOOD STORAGE AND DISTRIBUTION PRACTICE)/GSDP COMPANY FILES\Abtevic | N13: =IF(M13="","",HYPERLINK(M13,B13)) -> ABTEVIC (CAPA)

Sheet VISUAL DATA
B2: GSDP INSPECTIONS | C2: CEVI INSPECTIONS | D2: CAPA SUBMITTED | E2: LOW RISK | F2: MEDIUM RISK | G2: HIGH RISK
A3: JANUARY | B3: =COUNTIFS( 'INSPECTED FACILITIES 2025'!E:E,"GDP", 'INSPECTED FACILITIES 2025'!F:F,">="&DATE(2025,MONTH(DATEVALUE(A3&" 1")),1), 'INSPECTED FACILITIES 2025'!F:F,"<"&EOMONTH(DATE(2025,MONTH(DATEVALUE(A3&" 1")),1),0)+1 ) -> 4 | C3: =COUNTIFS( 'INSPECTED FACILITIES 2025'!E:E,"CAPA", 'INSPECTED FACILITIES 2025'!F:F,">="&DATE(2025,MONTH(DATEVALUE(A3&" 1")),1), 'INSPECTED FACILITIES 2025'!F:F,"<"&EOMONTH(DATE(2025,MONTH(DATEVALUE(A3&" 1")),1),0)+1 ) -> 1 | D3: =COUNTIFS( 'INSPECTED FACILITIES 2025'!I:I,"YES", 'INSPECTED FACILITIES 2025'!F:F,">="&DATE(2025,MONTH(DATEVALUE(A3&" 1")),1), 'INSPECTED FACILITIES 2025'!F:F,"<"&EOMONTH(DATE(2025,MONTH(DATEVALUE(A3&" 1")),1),0)+1 ) -> 1 | E3: =COUNTIFS( 'INSPECTED FACILITIES 2025'!G:G,"Low-Risk (A)", 'INSPECTED FACILITIES 2025'!F:F,">="&DATE(2025,MONTH(DATEVALUE(A3&" 1")),1), 'INSPECTED FACILITIES 2025'!F:F,"<"&EOMONTH(DATE(2025,MONTH(DATEVALUE(A3&" 1")),1),0)+1 ) -> 0 | F3: =COUNTIFS( 'INSPECTED FACILITIES 2025'!G:G,"Medium-Risk (B)", 'INSPECTED FACILITIES 2025'!F:F,">="&DATE(2025,MONTH(DATEVALUE(A3&" 1")),1), 'INSPECTED FACILITIES 2025'!F:F,"<"&EOMONTH(DATE(2025,MONTH(DATEVALUE(A3&" 1")),1),0)+1 ) -> 5 | G3: =COUNTIFS( 'INSPECTED FACILITIES 2025'!G:G,"High-Risk (C)", 'INSPECTED FACILITIES 2025'!F:F,">="&DATE(2025,MONTH(DATEVALUE(A3&" 1")),1), 'INSPECTED FACILITIES 2025'!F:F,"<"&EOMONTH(DATE(2025,MONTH(DATEVALUE(A3&" 1")),1),0)+1 ) -> 0
A4: FEBRUARY | B4: =COUNTIFS( 'INSPECTED FACILITIES 2025'!E:E,"GDP", 'INSPECTED FACILITIES 2025'!F:F,">="&DATE(2025,MONTH(DATEVALUE(A4&" 1")),1), 'INSPECTED FACILITIES 2025'!F:F,"<"&EOMONTH(DATE(2025,MONTH(DATEVALUE(A4&" 1")),1),0)+1 ) -> 1 | C4: =COUNTIFS( 'INSPECTED FACILITIES 2025'!E:E,"CAPA", 'INSPECTED FACILITIES 2025'!F:F,">="&DATE(2025,MONTH(DATEVALUE(A4&" 1")),1), 'INSPECTED FACILITIES 2025'!F:F,"<"&EOMONTH(DATE(2025,MONTH(DATEVALUE(A4&" 1")),1),0)+1 ) -> 0 | D4: =COUNTIFS( 'INSPECTED FACILITIES 2025'!I:I,"YES", 'INSPECTED FACILITIES 2025'!F:F,">="&DATE(2025,MONTH(DATEVALUE(A4&" 1")),1), 'INSPECTED FACILITIES 2025'!F:F,"<"&EOMONTH(DATE(2025,MONTH(DATEVALUE(A4&" 1")),1),0)+1 ) -> 0 | E4: =COUNTIFS( 'INSPECTED FACILITIES 2025'!G:G,"Low-Risk (A)", 'INSPECTED FACILITIES 2025'!F:F,">="&DATE(2025,MONTH(DATEVALUE(A4&" 1")),1), 'INSPECTED FACILITIES 2025'!F:F,"<"&EOMONTH(DATE(2025,MONTH(DATEVALUE(A4&" 1")),1),0)+1 ) -> 0 | F4: =COUNTIFS( 'INSPECTED FACILITIES 2025'!G:G,"Medium-Risk (B)", 'INSPECTED FACILITIES 2025'!F:F,">="&DATE(2025,MONTH(DATEVALUE(A4&" 1")),1), 'INSPECTED FACILITIES 2025'!F:F,"<"&EOMONTH(DATE(2025,MONTH(DATEVALUE(A4&" 1")),1),0)+1 ) -> 1 | G4: =COUNTIFS( 'INSPECTED FACILITIES 2025'!G:G,"High-Risk (C)", 'INSPECTED FACILITIES 2025'!F:F,">="&DATE(2025,MONTH(DATEVALUE(A4&" 1")),1), 'INSPECTED FACILITIES 2025'!F:F,"<"&EOMONTH(DATE(2025,MONTH(DATEVALUE(A4&" 1")),1),0)+1 ) -> 0
A5: MARCH | B5: =COUNTIFS( 'INSPECTED FACILITIES 2025'!E:E,"GDP", 'INSPECTED FACILITIES 2025'!F:F,">="&DATE(2025,MONTH(DATEVALUE(A5&" 1")),1), 'INSPECTED FACILITIES 2025'!F:F,"<"&EOMONTH(DATE(2025,MONTH(DATEVALUE(A5&" 1")),1),0)+1 ) -> 12 | C5: =COUNTIFS( 'INSPECTED FACILITIES 2025'!E:E,"CAPA", 'INSPECTED FACILITIES 2025'!F:F,">="&DATE(2025,MONTH(DATEVALUE(A5&" 1")),1), 'INSPECTED FACILITIES 2025'!F:F,"<"&EOMONTH(DATE(2025,MONTH(DATEVALUE(A5&" 1")),1),0)+1 ) -> 1 | D5: =COUNTIFS( 'INSPECTED FACILITIES 2025'!I:I,"YES", 'INSPECTED FACILITIES 2025'!F:F,">="&DATE(2025,MONTH(DATEVALUE(A5&" 1")),1), 'INSPECTED FACILITIES 2025'!F:F,"<"&EOMONTH(DATE(2025,MONTH(DATEVALUE(A5&" 1")),1),0)+1 ) -> 5 | E5: =COUNTIFS( 'INSPECTED FACILITIES 2025'!G:G,"Low-Risk (A)", 'INSPECTED FACILITIES 2025'!F:F,">="&DATE(2025,MONTH(DATEVALUE(A5&" 1")),1), 'INSPECTED FACILITIES 2025'!F:F,"<"&EOMONTH(DATE(2025,MONTH(DATEVALUE(A5&" 1")),1),0)+1 ) -> 3 | F5: =COUNTIFS( 'INSPECTED FACILITIES 2025'!G:G,"Medium-Risk (B)", 'INSPECTED FACILITIES 2025'!F:F,">="&DATE(2025,MONTH(DATEVALUE(A5&" 1")),1), 'INSPECTED FACILITIES 2025'!F:F,"<"&EOMONTH(DATE(2025,MONTH(DATEVALUE(A5&" 1")),1),0)+1 ) -> 7 | G5: =COUNTIFS( 'INSPECTED FACILITIES 2025'!G:G,"High-Risk (C)", 'INSPECTED FACILITIES 2025'!F:F,">="&DATE(2025,MONTH(DATEVALUE(A5&" 1")),1), 'INSPECTED FACILITIES 2025'!F:F,"<"&EOMONTH(DATE(2025,MONTH(DATEVALUE(A5&" 1")),1),0)+1 ) -> 3
A6: APRIL | B6: =COUNTIFS( 'INSPECTED FACILITIES 2025'!E:E,"GDP", 'INSPECTED FACILITIES 2025'!F:F,">="&DATE(2025,MONTH(DATEVALUE(A6&" 1")),1), 'INSPECTED FACILITIES 2025'!F:F,"<"&EOMONTH(DATE(2025,MONTH(DATEVALUE(A6&" 1")),1),0)+1 ) -> 10 | C6: =COUNTIFS( 'INSPECTED FACILITIES 2025'!E:E,"CAPA", 'INSPECTED FACILITIES 2025'!F:F,">="&DATE(2025,MONTH(DATEVALUE(A6&" 1")),1), 'INSPECTED FACILITIES 2025'!F:F,"<"&EOMONTH(DATE(2025,MONTH(DATEVALUE(A6&" 1")),1),0)+1 ) -> 2 | D6: =COUNTIFS( 'INSPECTED FACILITIES 2025'!I:I,"YES", 'INSPECTED FACILITIES 2025'!F:F,">="&DATE(2025,MONTH(DATEVALUE(A6&" 1")),1), 'INSPECTED FACILITIES 2025'!F:F,"<"&EOMONTH(DATE(2025,MONTH(DATEVALUE(A6&" 1")),1),0)+1 ) -> 6 | E6: =COUNTIFS( 'INSPECTED FACILITIES 2025'!G:G,"Low-Risk (A)", 'INSPECTED FACILITIES 2025'!F:F,">="&DATE(2025,MONTH(DATEVALUE(A6&" 1")),1), 'INSPECTED FACILITIES 2025'!F:F,"<"&EOMONTH(DATE(2025,MONTH(DATEVALUE(A6&" 1")),1),0)+1 ) -> 3 | F6: =COUNTIFS( 'INSPECTED FACILITIES 2025'!G:G,"Medium-Risk (B)", 'INSPECTED FACILITIES 2025'!F:F,">="&DATE(2025,MONTH(DATEVALUE(A6&" 1")),1), 'INSPECTED FACILITIES 2025'!F:F,"<"&EOMONTH(DATE(2025,MONTH(DATEVALUE(A6&" 1")),1),0)+1 ) -> 9 | G6: =COUNTIFS( 'INSPECTED FACILITIES 2025'!G:G,"High-Risk (C)", 'INSPECTED FACILITIES 2025'!F:F,">="&DATE(2025,MONTH(DATEVALUE(A6&" 1")),1), 'INSPECTED FACILITIES 2025'!F:F,"<"&EOMONTH(DATE(2025,MONTH(DATEVALUE(A6&" 1")),1),0)+1 ) -> 0
A7: MAY | B7: =COUNTIFS( 'INSPECTED FACILITIES 2025'!E:E,"GDP", 'INSPECTED FACILITIES 2025'!F:F,">="&DATE(2025,MONTH(DATEVALUE(A7&" 1")),1), 'INSPECTED FACILITIES 2025'!F:F,"<"&EOMONTH(DATE(2025,MONTH(DATEVALUE(A7&" 1")),1),0)+1 ) -> 10 | C7: =COUNTIFS( 'INSPECTED FACILITIES 2025'!E:E,"CAPA", 'INSPECTED FACILITIES 2025'!F:F,">="&DATE(2025,MONTH(DATEVALUE(A7&" 1")),1), 'INSPECTED FACILITIES 2025'!F:F,"<"&EOMONTH(DATE(2025,MONTH(DATEVALUE(A7&" 1")),1),0)+1 ) -> 2 | D7: =COUNTIFS( 'INSPECTED FACILITIES 2025'!I:I,"YES", 'INSPECTED FACILITIES 2025'!F:F,">="&DATE(2025,MONTH(DATEVALUE(A7&" 1")),1), 'INSPECTED FACILITIES 2025'!F:F,"<"&EOMONTH(DATE(2025,MONTH(DATEVALUE(A7&" 1")),1),0)+1 ) -> 2 | E7: =COUNTIFS( 'INSPECTED FACILITIES 2025'!G:G,"Low-Risk (A)", 'INSPECTED FACILITIES 2025'!F:F,">="&DATE(2025,MONTH(DATEVALUE(A7&" 1")),1), 'INSPECTED FACILITIES 2025'!F:F,"<"&EOMONTH(DATE(2025,MONTH(DATEVALUE(A7&" 1")),1),0)+1 ) -> 2 | F7: =COUNTIFS( 'INSPECTED FACILITIES 2025'!G:G,"Medium-Risk (B)", 'INSPECTED FACILITIES 2025'!F:F,">="&DATE(2025,MONTH(DATEVALUE(A7&" 1")),1), 'INSPECTED FACILITIES 2025'!F:F,"<"&EOMONTH(DATE(2025,MONTH(DATEVALUE(A7&" 1")),1),0)+1 ) -> 10 | G7: =COUNTIFS( 'INSPECTED FACILITIES 2025'!G:G,"High-Risk (C)", 'INSPECTED FACILITIES 2025'!F:F,">="&DATE(2025,MONTH(DATEVALUE(A7&" 1")),1), 'INSPECTED FACILITIES 2025'!F:F,"<"&EOMONTH(DATE(2025,MONTH(DATEVALUE(A7&" 1")),1),0)+1 ) -> 0
A8: JUNE | B8: =COUNTIFS( 'INSPECTED FACILITIES 2025'!E:E,"GDP", 'INSPECTED FACILITIES 2025'!F:F,">="&DATE(2025,MONTH(DATEVALUE(A8&" 1")),1), 'INSPECTED FACILITIES 2025'!F:F,"<"&EOMONTH(DATE(2025,MONTH(DATEVALUE(A8&" 1")),1),0)+1 ) -> 11 | C8: =COUNTIFS( 'INSPECTED FACILITIES 2025'!E:E,"CAPA", 'INSPECTED FACILITIES 2025'!F:F,">="&DATE(2025,MONTH(DATEVALUE(A8&" 1")),1), 'INSPECTED FACILITIES 2025'!F:F,"<"&EOMONTH(DATE(2025,MONTH(DATEVALUE(A8&" 1")),1),0)+1 ) -> 1 | D8: =COUNTIFS( 'INSPECTED FACILITIES 2025'!I:I,"YES", 'INSPECTED FACILITIES 2025'!F:F,">="&DATE(2025,MONTH(DATEVALUE(A8&" 1")),1), 'INSPECTED FACILITIES 2025'!F:F,"<"&EOMONTH(DATE(2025,MONTH(DATEVALUE(A8&" 1")),1),0)+1 ) -> 2 | E8: =COUNTIFS( 'INSPECTED FACILITIES 2025'!G:G,"Low-Risk (A)", 'INSPECTED FACILITIES 2025'!F:F,">="&DATE(2025,MONTH(DATEVALUE(A8&" 1")),1), 'INSPECTED FACILITIES 2025'!F:F,"<"&EOMONTH(DATE(2025,MONTH(DATEVALUE(A8&" 1")),1),0)+1 ) -> 2 | F8: =COUNTIFS( 'INSPECTED FACILITIES 2025'!G:G,"Medium-Risk (B)", 'INSPECTED FACILITIES 2025'!F:F,">="&DATE(2025,MONTH(DATEVALUE(A8&" 1")),1), 'INSPECTED FACILITIES 2025'!F:F,"<"&EOMONTH(DATE(2025,MONTH(DATEVALUE(A8&" 1")),1),0)+1 ) -> 6 | G8: =COUNTIFS( 'INSPECTED FACILITIES 2025'!G:G,"High-Risk (C)", 'INSPECTED FACILITIES 2025'!F:F,">="&DATE(2025,MONTH(DATEVALUE(A8&" 1")),1), 'INSPECTED FACILITIES 2025'!F:F,"<"&EOMONTH(DATE(2025,MONTH(DATEVALUE(A8&" 1")),1),0)+1 ) -> 4
A9: JULY | B9: =COUNTIFS( 'INSPECTED FACILITIES 2025'!E:E,"GDP", 'INSPECTED FACILITIES 2025'!F:F,">="&DATE(2025,MONTH(DATEVALUE(A9&" 1")),1), 'INSPECTED FACILITIES 2025'!F:F,"<"&EOMONTH(DATE(2025,MONTH(DATEVALUE(A9&" 1")),1),0)+1 ) -> 5 | C9: =COUNTIFS( 'INSPECTED FACILITIES 2025'!E:E,"CAPA", 'INSPECTED FACILITIES 2025'!F:F,">="&DATE(2025,MONTH(DATEVALUE(A9&" 1")),1), 'INSPECTED FACILITIES 2025'!F:F,"<"&EOMONTH(DATE(2025,MONTH(DATEVALUE(A9&" 1")),1),0)+1 ) -> 0 | D9: =COUNTIFS( 'INSPECTED FACILITIES 2025'!I:I,"YES", 'INSPECTED FACILITIES 2025'!F:F,">="&DATE(2025,MONTH(DATEVALUE(A9&" 1")),1), 'INSPECTED FACILITIES 2025'!F:F,"<"&EOMONTH(DATE(2025,MONTH(DATEVALUE(A9&" 1")),1),0)+1 ) -> 2 | E9: =COUNTIFS( 'INSPECTED FACILITIES 2025'!G:G,"Low-Risk (A)", 'INSPECTED FACILITIES 2025'!F:F,">="&DATE(2025,MONTH(DATEVALUE(A9&" 1")),1), 'INSPECTED FACILITIES 2025'!F:F,"<"&EOMONTH(DATE(2025,MONTH(DATEVALUE(A9&" 1")),1),0)+1 ) -> 0 | F9: =COUNTIFS( 'INSPECTED FACILITIES 2025'!G:G,"Medium-Risk (B)", 'INSPECTED FACILITIES 2025'!F:F,">="&DATE(2025,MONTH(DATEVALUE(A9&" 1")),1), 'INSPECTED FACILITIES 2025'!F:F,"<"&EOMONTH(DATE(2025,MONTH(DATEVALUE(A9&" 1")),1),0)+1 ) -> 2 | G9: =COUNTIFS( 'INSPECTED FACILITIES 2025'!G:G,"High-Risk (C)", 'INSPECTED FACILITIES 2025'!F:F,">="&DATE(2025,MONTH(DATEVALUE(A9&" 1")),1), 'INSPECTED FACILITIES 2025'!F:F,"<"&EOMONTH(DATE(2025,MONTH(DATEVALUE(A9&" 1")),1),0)+1 ) -> 3
A10: AUGUST | B10: =COUNTIFS( 'INSPECTED FACILITIES 2025'!E:E,"GDP", 'INSPECTED FACILITIES 2025'!F:F,">="&DATE(2025,MONTH(DATEVALUE(A10&" 1")),1), 'INSPECTED FACILITIES 2025'!F:F,"<"&EOMONTH(DATE(2025,MONTH(DATEVALUE(A10&" 1")),1),0)+1 ) -> 9 | C10: =COUNTIFS( 'INSPECTED FACILITIES 2025'!E:E,"CAPA", 'INSPECTED FACILITIES 2025'!F:F,">="&DATE(2025,MONTH(DATEVALUE(A10&" 1")),1), 'INSPECTED FACILITIES 2025'!F:F,"<"&EOMONTH(DATE(2025,MONTH(DATEVALUE(A10&" 1")),1),0)+1 ) -> 4 | D10: =COUNTIFS( 'INSPECTED FACILITIES 2025'!I:I,"YES", 'INSPECTED FACILITIES 2025'!F:F,">="&DATE(2025,MONTH(DATEVALUE(A10&" 1")),1), 'INSPECTED FACILITIES 2025'!F:F,"<"&EOMONTH(DATE(2025,MONTH(DATEVALUE(A10&" 1")),1),0)+1 ) -> 2 | E10: =COUNTIFS( 'INSPECTED FACILITIES 2025'!G:G,"Low-Risk (A)", 'INSPECTED FACILITIES 2025'!F:F,">="&DATE(2025,MONTH(DATEVALUE(A10&" 1")),1), 'INSPECTED FACILITIES 2025'!F:F,"<"&EOMONTH(DATE(2025,MONTH(DATEVALUE(A10&" 1")),1),0)+1 ) -> 7 | F10: =COUNTIFS( 'INSPECTED FACILITIES 2025'!G:G,"Medium-Risk (B)", 'INSPECTED FACILITIES 2025'!F:F,">="&DATE(2025,MONTH(DATEVALUE(A10&" 1")),1), 'INSPECTED FACILITIES 2025'!F:F,"<"&EOMONTH(DATE(2025,MONTH(DATEVALUE(A10&" 1")),1),0)+1 ) -> 6 | G10: =COUNTIFS( 'INSPECTED FACILITIES 2025'!G:G,"High-Risk (C)", 'INSPECTED FACILITIES 2025'!F:F,">="&DATE(2025,MONTH(DATEVALUE(A10&" 1")),1), 'INSPECTED FACILITIES 2025'!F:F,"<"&EOMONTH(DATE(2025,MONTH(DATEVALUE(A10&" 1")),1),0)+1 ) -> 0
A11: SEPTEMBER | B11: =COUNTIFS( 'INSPECTED FACILITIES 2025'!E:E,"GDP", 'INSPECTED FACILITIES 2025'!F:F,">="&DATE(2025,MONTH(DATEVALUE(A11&" 1")),1), 'INSPECTED FACILITIES 2025'!F:F,"<"&EOMONTH(DATE(2025,MONTH(DATEVALUE(A11&" 1")),1),0)+1 ) -> 3 | C11: =COUNTIFS( 'INSPECTED FACILITIES 2025'!E:E,"CAPA", 'INSPECTED FACILITIES 2025'!F:F,">="&DATE(2025,MONTH(DATEVALUE(A11&" 1")),1), 'INSPECTED FACILITIES 2025'!F:F,"<"&EOMONTH(DATE(2025,MONTH(DATEVALUE(A11&" 1")),1),0)+1 ) -> 6 | D11: =COUNTIFS( 'INSPECTED FACILITIES 2025'!I:I,"YES", 'INSPECTED FACILITIES 2025'!F:F,">="&DATE(2025,MONTH(DATEVALUE(A11&" 1")),1), 'INSPECTED FACILITIES 2025'!F:F,"<"&EOMONTH(DATE(2025,MONTH(DATEVALUE(A11&" 1")),1),0)+1 ) -> 1 | E11: =COUNTIFS( 'INSPECTED FACILITIES 2025'!G:G,"Low-Risk (A)", 'INSPECTED FACILITIES 2025'!F:F,">="&DATE(2025,MONTH(DATEVALUE(A11&" 1")),1), 'INSPECTED FACILITIES 2025'!F:F,"<"&EOMONTH(DATE(2025,MONTH(DATEVALUE(A11&" 1")),1),0)+1 ) -> 2 | F11: =COUNTIFS( 'INSPECTED FACILITIES 2025'!G:G,"Medium-Risk (B)", 'INSPECTED FACILITIES 2025'!F:F,">="&DATE(2025,MONTH(DATEVALUE(A11&" 1")),1), 'INSPECTED FACILITIES 2025'!F:F,"<"&EOMONTH(DATE(2025,MONTH(DATEVALUE(A11&" 1")),1),0)+1 ) -> 4 | G11: =COUNTIFS( 'INSPECTED FACILITIES 2025'!G:G,"High-Risk (C)", 'INSPECTED FACILITIES 2025'!F:F,">="&DATE(2025,MONTH(DATEVALUE(A11&" 1")),1), 'INSPECTED FACILITIES 2025'!F:F,"<"&EOMONTH(DATE(2025,MONTH(DATEVALUE(A11&" 1")),1),0)+1 ) -> 2
A12: OCTOBER | B12: =COUNTIFS( 'INSPECTED FACILITIES 2025'!E:E,"GDP", 'INSPECTED FACILITIES 2025'!F:F,">="&DATE(2025,MONTH(DATEVALUE(A12&" 1")),1), 'INSPECTED FACILITIES 2025'!F:F,"<"&EOMONTH(DATE(2025,MONTH(DATEVALUE(A12&" 1")),1),0)+1 ) -> 9 | C12: =COUNTIFS( 'INSPECTED FACILITIES 2025'!E:E,"CAPA", 'INSPECTED FACILITIES 2025'!F:F,">="&DATE(2025,MONTH(DATEVALUE(A12&" 1")),1), 'INSPECTED FACILITIES 2025'!F:F,"<"&EOMONTH(DATE(2025,MONTH(DATEVALUE(A12&" 1")),1),0)+1 ) -> 4 | D12: =COUNTIFS( 'INSPECTED FACILITIES 2025'!I:I,"YES", 'INSPECTED FACILITIES 2025'!F:F,">="&DATE(2025,MONTH(DATEVALUE(A12&" 1")),1), 'INSPECTED FACILITIES 2025'!F:F,"<"&EOMONTH(DATE(2025,MONTH(DATEVALUE(A12&" 1")),1),0)+1 ) -> 2 | E12: =COUNTIFS( 'INSPECTED FACILITIES 2025'!G:G,"Low-Risk (A)", 'INSPECTED FACILITIES 2025'!F:F,">="&DATE(2025,MONTH(DATEVALUE(A12&" 1")),1), 'INSPECTED FACILITIES 2025'!F:F,"<"&EOMONTH(DATE(2025,MONTH(DATEVALUE(A12&" 1")),1),0)+1 ) -> 5 | F12: =COUNTIFS( 'INSPECTED FACILITIES 2025'!G:G,"Medium-Risk (B)", 'INSPECTED FACILITIES 2025'!F:F,">="&DATE(2025,MONTH(DATEVALUE(A12&" 1")),1), 'INSPECTED FACILITIES 2025'!F:F,"<"&EOMONTH(DATE(2025,MONTH(DATEVALUE(A12&" 1")),1),0)+1 ) -> 5 | G12: =COUNTIFS( 'INSPECTED FACILITIES 2025'!G:G,"High-Risk (C)", 'INSPECTED FACILITIES 2025'!F:F,">="&DATE(2025,MONTH(DATEVALUE(A12&" 1")),1), 'INSPECTED FACILITIES 2025'!F:F,"<"&EOMONTH(DATE(2025,MONTH(DATEVALUE(A12&" 1")),1),0)+1 ) -> 3
A13: NOVEMBER | B13: =COUNTIFS( 'INSPECTED FACILITIES 2025'!E:E,"GDP", 'INSPECTED FACILITIES 2025'!F:F,">="&DATE(2025,MONTH(DATEVALUE(A13&" 1")),1), 'INSPECTED FACILITIES 2025'!F:F,"<"&EOMONTH(DATE(2025,MONTH(DATEVALUE(A13&" 1")),1),0)+1 ) -> 6 | C13: =COUNTIFS( 'INSPECTED FACILITIES 2025'!E:E,"CAPA", 'INSPECTED FACILITIES 2025'!F:F,">="&DATE(2025,MONTH(DATEVALUE(A13&" 1")),1), 'INSPECTED FACILITIES 2025'!F:F,"<"&EOMONTH(DATE(2025,MONTH(DATEVALUE(A13&" 1")),1),0)+1 ) -> 5 | D13: =COUNTIFS( 'INSPECTED FACILITIES 2025'!I:I,"YES", 'INSPECTED FACILITIES 2025'!F:F,">="&DATE(2025,MONTH(DATEVALUE(A13&" 1")),1), 'INSPECTED FACILITIES 2025'!F:F,"<"&EOMONTH(DATE(2025,MONTH(DATEVALUE(A13&" 1")),1),0)+1 ) -> 2 | E13: =COUNTIFS( 'INSPECTED FACILITIES 2025'!G:G,"Low-Risk (A)", 'INSPECTED FACILITIES 2025'!F:F,">="&DATE(2025,MONTH(DATEVALUE(A13&" 1")),1), 'INSPECTED FACILITIES 2025'!F:F,"<"&EOMONTH(DATE(2025,MONTH(DATEVALUE(A13&" 1")),1),0)+1 ) -> 3 | F13: =COUNTIFS( 'INSPECTED FACILITIES 2025'!G:G,"Medium-Risk (B)", 'INSPECTED FACILITIES 2025'!F:F,">="&DATE(2025,MONTH(DATEVALUE(A13&" 1")),1), 'INSPECTED FACILITIES 2025'!F:F,"<"&EOMONTH(DATE(2025,MONTH(DATEVALUE(A13&" 1")),1),0)+1 ) -> 5 | G13: =COUNTIFS( 'INSPECTED FACILITIES 2025'!G:G,"High-Risk (C)", 'INSPECTED FACILITIES 2025'!F:F,">="&DATE(2025,MONTH(DATEVALUE(A13&" 1")),1), 'INSPECTED FACILITIES 2025'!F:F,"<"&EOMONTH(DATE(2025,MONTH(DATEVALUE(A13&" 1")),1),0)+1 ) -> 3
A14: DECEMBER | B14: =COUNTIFS( 'INSPECTED FACILITIES 2025'!E:E,"GDP", 'INSPECTED FACILITIES 2025'!F:F,">="&DATE(2025,MONTH(DATEVALUE(A14&" 1")),1), 'INSPECTED FACILITIES 2025'!F:F,"<"&EOMONTH(DATE(2025,MONTH(DATEVALUE(A14&" 1")),1),0)+1 ) -> 0 | C14: =COUNTIFS( 'INSPECTED FACILITIES 2025'!E:E,"CAPA", 'INSPECTED FACILITIES 2025'!F:F,">="&DATE(2025,MONTH(DATEVALUE(A14&" 1")),1), 'INSPECTED FACILITIES 2025'!F:F,"<"&EOMONTH(DATE(2025,MONTH(DATEVALUE(A14&" 1")),1),0)+1 ) -> 0 | D14: =COUNTIFS( 'INSPECTED FACILITIES 2025'!I:I,"YES", 'INSPECTED FACILITIES 2025'!F:F,">="&DATE(2025,MONTH(DATEVALUE(A14&" 1")),1), 'INSPECTED FACILITIES 2025'!F:F,"<"&EOMONTH(DATE(2025,MONTH(DATEVALUE(A14&" 1")),1),0)+1 ) -> 0 | E14: =COUNTIFS( 'INSPECTED FACILITIES 2025'!G:G,"Low-Risk (A)", 'INSPECTED FACILITIES 2025'!F:F,">="&DATE(2025,MONTH(DATEVALUE(A14&" 1")),1), 'INSPECTED FACILITIES 2025'!F:F,"<"&EOMONTH(DATE(2025,MONTH(DATEVALUE(A14&" 1")),1),0)+1 ) -> 0 | F14: =COUNTIFS( 'INSPECTED FACILITIES 2025'!G:G,"Medium-Risk (B)", 'INSPECTED FACILITIES 2025'!F:F,">="&DATE(2025,MONTH(DATEVALUE(A14&" 1")),1), 'INSPECTED FACILITIES 2025'!F:F,"<"&EOMONTH(DATE(2025,MONTH(DATEVALUE(A14&" 1")),1),0)+1 ) -> 0 | G14: =COUNTIFS( 'INSPECTED FACILITIES 2025'!G:G,"High-Risk (C)", 'INSPECTED FACILITIES 2025'!F:F,">="&DATE(2025,MONTH(DATEVALUE(A14&" 1")),1), 'INSPECTED FACILITIES 2025'!F:F,"<"&EOMONTH(DATE(2025,MONTH(DATEVALUE(A14&" 1")),1),0)+1 ) -> 0
