Workbook

Sheet INSPECTED FACILITIES 2023
A1: GDP INSPECTION CLASSIFICATION DATA BASE AS AT 2023
A2: S/N | B2: NAME OF MANUFACTURER | C2: LOCATION ADDRESS | D2: CONTACT | E2: TYPE OF LAST INSPECTION | G2: FINDINGS | H2: CAPA ISSUED DATE | I2: CAPA SUBMITTED | J2: CONCLUSION | K2: REMARKS | L2: EXPECTED DATE OF INSPECTION | M2: OMPANY FILE | N2: Column1 | O2: COMPANY FILE
A3: 1 | B3: MECURE INDUSTRIES LTD | C3: Plot 6, Block H, Apapa Oshodi Expressway, Oshodi, Lagos | D3: 0700632873 | E3: GDP | F3: 44970 | G3: Low-Risk (A) | H3: 31st march 2023 | I3: YES | J3: CAPA Submited | K3: CAPA VERIFICATION SHOULD BE SCHEDULED | L3: 45689 | M3: https://nafdacng.sharepoint.com/sites/PMSLAGOS/Shared Documents/GDP (GOOD DISTRIBUTION PRATICE)/GSDP COMPANY FILES\MECURE IND. LTD | N3: https://nafdacng.sharepoint.com/sites/PMSLAGOS/Shared Documents/GSDP (GOOD STORAGE AND DISTRIBUTION PRACTICE)/GSDP COMPANY FILES\MECURE IND. LTD | O3: MECURE INDUSTRIES LTD
A4: 2 | B4: GENEITH PHARMACEUTICALS | C4: 12, Adewale Crescent, Oshodi, Lagos | D4: 08122912281 | E4: GDP | F4: 44970 | G4: Low-Risk (A) | H4: 31st march 2023 | I4: YES | J4: CAPA Submited | K4: =IF(I4="YES","CAPA VERIFICATION SHOULD BE SCHEDULED",IF(I4="NO","REMINDER LETTER SHOULD BE SENT","")) -> CAPA VERIFICATION SHOULD BE SCHEDULED | L4: 45689 | M4: https://nafdacng.sharepoint.com/sites/PMSLAGOS/Shared Documents/GDP (GOOD DISTRIBUTION PRATICE)/GSDP COMPANY FILES\GENEITH PHARM. LTD | N4: https://nafdacng.sharepoint.com/sites/PMSLAGOS/Shared Documents/GSDP (GOOD STORAGE AND DISTRIBUTION PRACTICE)/GSDP COMPANY FILES\GENEITH PHARM. LTD | O4: =IF(M4="","",HYPERLINK(M4,B4)) -> GENEITH PHARMACEUTICALS
A5: 3 | B5: ONWUADI & SONS LTD | C5: 11, Achakpo Street, Ajegunle, Lagos | D5: 08028642459 | E5: GDP | F5: 44970 | G5: Medium-Risk (B) | H5: 4th April 2023 | I5: YES | J5: CAPA Submited | K5: =IF(I5="YES","CAPA VERIFICATION SHOULD BE SCHEDULED",IF(I5="NO","REMINDER LETTER SHOULD BE SENT","")) -> CAPA VERIFICATION SHOULD BE SCHEDULED | L5: 45323 | M5: https://nafdacng.sharepoint.com/sites/PMSLAGOS/Shared Documents/GDP (GOOD DISTRIBUTION PRATICE)/GSDP COMPANY FILES\ONWUADI AND SONS LTD | N5: https://nafdacng.sharepoint.com/sites/PMSLAGOS/Shared Documents/GSDP (GOOD STORAGE AND DISTRIBUTION PRACTICE)/GSDP COMPANY FILES\ONWUADI AND SONS LTD | O5: =IF(M5="","",HYPERLINK(M5,B5)) -> ONWUADI & SONS LTD
A6: 4 | B6: MODDY DRUG CO. LTD | C6: 93, Baale Street, Ajegunle, Lagos | D6: 0802306320 | E6: GDP | F6: 44970 | G6: Medium-Risk (B) | H6: 4th April 2023 | I6: NO | J6: CAPA to be Submited | K6: =IF(I6="YES","CAPA VERIFICATION SHOULD BE SCHEDULED",IF(I6="NO","REMINDER LETTER SHOULD BE SENT","")) -> REMINDER LETTER SHOULD BE SENT | L6: 45323 | M6: https://nafdacng.sharepoint.com/sites/PMSLAGOS/Shared Documents/GDP (GOOD DISTRIBUTION PRATICE)/GSDP COMPANY FILES\MOODY DRUGS CO. LTD | N6: https://nafdacng.sharepoint.com/sites/PMSLAGOS/Shared Documents/GSDP (GOOD STORAGE AND DISTRIBUTION PRACTICE)/GSDP COMPANY FILES\MOODY DRUGS CO. LTD | O6: =IF(M6="","",HYPERLINK(M6,B6)) -> MODDY DRUG CO. LTD
A7: 5 | B7: JUMENCO PHARMACEUTICAL | C7: 52, Ladega Street, Ikorodu,Lagos | D7: 08065232177 | E7: GDP | F7: 14/02/2023 | G7: Medium-Risk (B) | H7: 31st march 2023 | I7: NO | J7: CAPA to be Submited | K7: =IF(I7="YES","CAPA VERIFICATION SHOULD BE SCHEDULED",IF(I7="NO","REMINDER LETTER SHOULD BE SENT","")) -> REMINDER LETTER SHOULD BE SENT | L7: 45323 | M7: https://nafdacng.sharepoint.com/sites/PMSLAGOS/Shared Documents/GDP (GOOD DISTRIBUTION PRATICE)/GSDP COMPANY FILES\JUMENCO PHARMACEUTICALS LTD | N7: https://nafdacng.sharepoint.com/sites/PMSLAGOS/Shared Documents/GSDP (GOOD STORAGE AND DISTRIBUTION PRACTICE)/GSDP COMPANY FILES\JUMENCO PHARMACEUTICALS LTD | O7: =IF(M7="","",HYPERLINK(M7,B7)) -> JUMENCO PHARMACEUTICAL
A8: 6 | B8: ANOKEM PHARMACEUTICALS | C8: 58,Eluku Street,Ikorodu, Lagos | D8: 07017691325 | E8: GDP | F8: 14/02/2023 | G8: Medium-Risk (B) | H8: 4th April 2023 | I8: NO | J8: CAPA to be Submited | K8: =IF(I8="YES","CAPA VERIFICATION SHOULD BE SCHEDULED",IF(I8="NO","REMINDER LETTER SHOULD BE SENT","")) -> REMINDER LETTER SHOULD BE SENT | L8: 45323 | M8: https://nafdacng.sharepoint.com/sites/PMSLAGOS/Shared Documents/GDP (GOOD DISTRIBUTION PRATICE)/GSDP COMPANY FILES\ANOKEM PHARM. LTD | N8: https://nafdacng.sharepoint.com/sites/PMSLAGOS/Shared Documents/GSDP (GOOD STORAGE AND DISTRIBUTION PRACTICE)/GSDP COMPANY FILES\ANOKEM PHARM. LTD | O8: =IF(M8="","",HYPERLINK(M8,B8)) -> ANOKEM PHARMACEUTICALS
A9: 7 | B9: RALPHONES PHARMACEUTICAL | C9: 1 Ralphone Lane,Irawo ajegunle,ikorodu,Lagos | D9: 08037588238 | E9: GDP | F9: 14/02/2023 | G9: Low-Risk (A) | H9: 31st march 2023 | I9: YES | J9: CAPA Submited | K9: =IF(I9="YES","CAPA VERIFICATION SHOULD BE SCHEDULED",IF(I9="NO","REMINDER LETTER SHOULD BE SENT","")) -> CAPA VERIFICATION SHOULD BE SCHEDULED | L9: 45689 | M9: https://nafdacng.sharepoint.com/sites/PMSLAGOS/Shared Documents/GDP (GOOD DISTRIBUTION PRATICE)/GSDP COMPANY FILES\RALPHONES PHARMACEUTICAL LTD | N9: https://nafdacng.sharepoint.com/sites/PMSLAGOS/Shared Documents/GSDP (GOOD STORAGE AND DISTRIBUTION PRACTICE)/GSDP COMPANY FILES\RALPHONES PHARMACEUTICAL LTD | O9: =IF(M9="","",HYPERLINK(M9,B9)) -> RALPHONES PHARMACEUTICAL
A10: 8 | B10: LUGZ PHARMACEUTICAL | C10: 58,Lagos Rd,Opp UBA,Ikorodu, Lagos | D10: 08093955361 08148337773 | E10: GDP | F10: 14/02/2023 | G10: Medium-Risk (B) | H10: 4th April 2023 | I10: NO | J10: CAPA to be Submited | K10: =IF(I10="YES","CAPA VERIFICATION SHOULD BE SCHEDULED",IF(I10="NO","REMINDER LETTER SHOULD BE SENT","")) -> REMINDER LETTER SHOULD BE SENT | L10: 45323 | M10: https://nafdacng.sharepoint.com/sites/PMSLAGOS/Shared Documents/GDP (GOOD DISTRIBUTION PRATICE)/GSDP COMPANY FILES\LUGZ PHARMACY | N10: https://nafdacng.sharepoint.com/sites/PMSLAGOS/Shared Documents/GSDP (GOOD STORAGE AND DISTRIBUTION PRACTICE)/GSDP COMPANY FILES\LUGZ PHARMACY | O10: =IF(M10="","",HYPERLINK(M10,B10)) -> LUGZ PHARMACEUTICAL
A11: 9 | B11: LADAMOS PHARMACY | C11: 2, Adenaike Alagbe Street , Ikorodu, Lagos | D11: 08033885195 | E11: GDP | F11: 14/02/2023 | G11: High-Risk (C) | H11: They were not issued cd | I11: N/A | J11: CAPA to be Submited | K11: =IF(I11="YES","CAPA VERIFICATION SHOULD BE SCHEDULED",IF(I11="NO","REMINDER LETTER SHOULD BE SENT","")) | L11: 44774 | O11: =IF(M11="","",HYPERLINK(M11,B11))
A12: 10 | B12: GOODCARE PHARMACEUTICAL | C12: 11, sawo Road,Agric,Ikorodu,Lagos | D12: 08064266572 | E12: GDP | F12: 15/02/2023 | G12: Medium-Risk (B) | H12: 4th April 2023 | I12: YES | J12: CAPA Submited | K12: =IF(I12="YES","CAPA VERIFICATION SHOULD BE SCHEDULED",IF(I12="NO","REMINDER LETTER SHOULD BE SENT","")) -> CAPA VERIFICATION SHOULD BE SCHEDULED | L12: 45323 | M12: https://nafdacng.sharepoint.com/sites/PMSLAGOS/Shared Documents/GDP (GOOD DISTRIBUTION PRATICE)/GSDP COMPANY FILES\GOODCARE | N12: https://nafdacng.sharepoint.com/sites/PMSLAGOS/Shared Documents/GSDP (GOOD STORAGE AND DISTRIBUTION PRACTICE)/GSDP COMPANY FILES\GOODCARE | O12: =IF(M12="","",HYPERLINK(M12,B12)) -> GOODCARE PHARMACEUTICAL
A13: 11 | B13: PATVICS PHARMACEUTICAL | C13: 603, Ikorodu Road, Mile 12, Lagos | D13: 08033927269 | E13: GDP | F13: 15/02/2023 | G13: High-Risk (C) | H13: 4th April 2023 | I13: NO | J13: CAPA to be Submited | K13: =IF(I13="YES","CAPA VERIFICATION SHOULD BE SCHEDULED",IF(I13="NO","REMINDER LETTER SHOULD BE SENT","")) -> REMINDER LETTER SHOULD BE SENT | L13: 44774 | M13: https://nafdacng.sharepoint.com/sites/PMSLAGOS/Shared Documents/GDP (GOOD DISTRIBUTION PRATICE)/GSDP COMPANY FILES\PATVICS LTD | N13: https://nafdacng.sharepoint.com/sites/PMSLAGOS/Shared Documents/GSDP (GOOD STORAGE AND DISTRIBUTION PRACTICE)/GSDP COMPANY FILES\PATVICS LTD | O13: =IF(M13="","",HYPERLINK(M13,B13)) -> PATVICS PHARMACEUTICAL
A14: 12 | B14: KOJOS PHARMACY | C14: 5, Oju Emuren Street, Odogunyan, Ikorodu | D14: 08073823496 | E14: GDP | F14: 15/02/2023 | G14: Low-Risk (A) | H14: 31st march 2023 | I14: NO | J14: CAPA to be Submited | K14: =IF(I14="YES","CAPA VERIFICATION SHOULD BE SCHEDULED",IF(I14="NO","REMINDER LETTER SHOULD BE SENT","")) -> REMINDER LETTER SHOULD BE SENT | L14: 45689 | M14: https://nafdacng.sharepoint.com/sites/PMSLAGOS/Shared Documents/GDP (GOOD DISTRIBUTION PRATICE)/GSDP COMPANY FILES\KOJOS PHARMACY LTD | N14: https://nafdacng.sharepoint.com/sites/PMSLAGOS/Shared Documents/GSDP (GOOD STORAGE AND DISTRIBUTION PRACTICE)/GSDP COMPANY FILES\KOJOS PHARMACY LTD | O14: =IF(M14="","",HYPERLINK(M14,B14)) -> KOJOS PHARMACY
A15: 13 | B15: VIXA PHARMACEUTICALS | C15: 13B, Sunday Jigida street, off celestical way,ogudu, lagos | D15: 07082004139 | E15: GDP | F15: 15/02/2023 | G15: Medium-Risk (B) | H15: 4th April 2023 | I15: YES | J15: CAPA Submited | K15: =IF(I15="YES","CAPA VERIFICATION SHOULD BE SCHEDULED",IF(I15="NO","REMINDER LETTER SHOULD BE SENT","")) -> CAPA VERIFICATION SHOULD BE SCHEDULED | L15: 45323 | O15: =IF(M15="","",HYPERLINK(M15,B15))
A16: 14 | B16: SWIPHA NIGERIA | C16: 5, Dopemu road, depemu Lagos | D16: 08146679976 | E16: GDP | F16: 16/02/2023 | G16: Low-Risk (A) | H16: 4th April 2023 | I16: YES | J16: CAPA Submited | K16: =IF(I16="YES","CAPA VERIFICATION SHOULD BE SCHEDULED",IF(I16="NO","REMINDER LETTER SHOULD BE SENT","")) -> CAPA VERIFICATION SHOULD BE SCHEDULED | L16: 45689 | M16: https://nafdacng.sharepoint.com/sites/PMSLAGOS/Shared Documents/GDP (GOOD DISTRIBUTION PRATICE)/GSDP COMPANY FILES\SWIPHA NIG. LTD | N16: https://nafdacng.sharepoint.com/sites/PMSLAGOS/Shared Documents/GSDP (GOOD STORAGE AND DISTRIBUTION PRACTICE)/GSDP COMPANY FILES\SWIPHA NIG. LTD | O16: =IF(M16="","",HYPERLINK(M16,B16)) -> SWIPHA NIGERIA
A17: 15 | B17: BJ CHOICE PHARM | C17: 1, Okenube Last Bus Stop, Ikotun Lagos | D17: 08033204754 | E17: GDP | F17: 16/02/2023 | G17: Medium-Risk (B) | H17: 45631 | I17: NO | J17: CAPA to be Submited | K17: =IF(I17="YES","CAPA VERIFICATION SHOULD BE SCHEDULED",IF(I17="NO","REMINDER LETTER SHOULD BE SENT","")) -> REMINDER LETTER SHOULD BE SENT | L17: 45323 | M17: https://nafdacng.sharepoint.com/sites/PMSLAGOS/Shared Documents/GDP (GOOD DISTRIBUTION PRATICE)/GSDP COMPANY FILES\BJ CHOICE PHARM. LTD | N17: https://nafdacng.sharepoint.com/sites/PMSLAGOS/Shared Documents/GSDP (GOOD STORAGE AND DISTRIBUTION PRACTICE)/GSDP COMPANY FILES\BJ CHOICE PHARM. LTD | O17: =IF(M17="","",HYPERLINK(M17,B17)) -> BJ CHOICE PHARM
A18: 16 | B18: PAKEN VENTURES | C18: 294, Idimu Road, Ikotun-Egbeda | D18: 08103961314 | E18: GDP | F18: 16/02/2023 | G18: High-Risk (C) | H18: 4th April 2023 | I18: NO | J18: CAPA to be Submited | K18: =IF(I18="YES","CAPA VERIFICATION SHOULD BE SCHEDULED",IF(I18="NO","REMINDER LETTER SHOULD BE SENT","")) -> REMINDER LETTER SHOULD BE SENT | L18: 44774 | M18: https://nafdacng.sharepoint.com/sites/PMSLAGOS/Shared Documents/GDP (GOOD DISTRIBUTION PRATICE)/GSDP COMPANY FILES\PAKEN VENTURES LTD | N18: https://nafdacng.sharepoint.com/sites/PMSLAGOS/Shared Documents/GSDP (GOOD STORAGE AND DISTRIBUTION PRACTICE)/GSDP COMPANY FILES\PAKEN VENTURES LTD | O18: =IF(M18="","",HYPERLINK(M18,B18)) -> PAKEN VENTURES
A19: 17 | B19: HENBOSCO PHARMACY | C19: 195, Abeokuta Exp. Way, Iyana Ipaja | D19: 08099916512 | E19: GDP | F19: 17/02/2023 | G19: High-Risk (C) | H19: They were not issued cd | I19: NO | J19: CAPA to be Submited | K19: =IF(I19="YES","CAPA VERIFICATION SHOULD BE SCHEDULED",IF(I19="NO","REMINDER LETTER SHOULD BE SENT","")) -> REMINDER LETTER SHOULD BE SENT | L19: 44774 | M19: https://nafdacng.sharepoint.com/sites/PMSLAGOS/Shared Documents/GDP (GOOD DISTRIBUTION PRATICE)/GSDP COMPANY FILES\HENBOSCO PHARMACY LTD | N19: https://nafdacng.sharepoint.com/sites/PMSLAGOS/Shared Documents/GSDP (GOOD STORAGE AND DISTRIBUTION PRACTICE)/GSDP COMPANY FILES\HENBOSCO PHARMACY LTD | O19: =IF(M19="","",HYPERLINK(M19,B19)) -> HENBOSCO PHARMACY
A20: 18 | B20: LYNDUS PHARMACY LTD | C20: 9 Akesan Rd, Egan, by Nepa, Igando, Alimosho, Lagos | D20: 08137719998 08037138148 | E20: GDP | F20: 21/02/2023 | G20: High-Risk (C) | H20: 4th April 2023 | I20: NO | J20: CAPA to be Submited | K20: =IF(I20="YES","CAPA VERIFICATION SHOULD BE SCHEDULED",IF(I20="NO","REMINDER LETTER SHOULD BE SENT","")) -> REMINDER LETTER SHOULD BE SENT | L20: 44774 | M20: https://nafdacng.sharepoint.com/sites/PMSLAGOS/Shared Documents/GDP (GOOD DISTRIBUTION PRATICE)/GSDP COMPANY FILES\LYNDUS PHARMACY LTD | N20: https://nafdacng.sharepoint.com/sites/PMSLAGOS/Shared Documents/GSDP (GOOD STORAGE AND DISTRIBUTION PRACTICE)/GSDP COMPANY FILES\LYNDUS PHARMACY LTD | O20: =IF(M20="","",HYPERLINK(M20,B20)) -> LYNDUS PHARMACY LTD
A21: 19 | B21: ROM CHIDECK PHARM. LTD | C21: 4, Disusts, Isheri, Oshun, Alem, Lagos . | D21: 07018687107 | E21: GDP | F21: 21/02/2023 | G21: High-Risk (C) | H21: 4th April 2023 | I21: NO | J21: CAPA to be Submited | K21: =IF(I21="YES","CAPA VERIFICATION SHOULD BE SCHEDULED",IF(I21="NO","REMINDER LETTER SHOULD BE SENT","")) -> REMINDER LETTER SHOULD BE SENT | L21: 44774 | M21: https://nafdacng.sharepoint.com/sites/PMSLAGOS/Shared%20Documents/GDP%20(GOOD%20DISTRIBUTION%20PRATICE)/GSDP%20COMPANY%20FILES\ROM-CHIDEK | N21: https://nafdacng.sharepoint.com/sites/PMSLAGOS/Shared%20Documents/GDP%20(GOOD%20DISTRIBUTION%20PRATICE)/GSDP%20COMPANY%20FILES\ROM-CHIDEK | O21: =IF(M21="","",HYPERLINK(M21,B21)) -> ROM CHIDECK PHARM. LTD
A22: 20 | B22: JUVYWAY PHARMCY CO.LTD | C22: 57,Alimosho Road,Iyana- Ipaja, Lagos | D22: 08133295836 | E22: GDP | F22: 22/02/2023 | G22: High-Risk (C) | H22: 4th April 2023 | I22: YES | J22: CAPA Submited | K22: =IF(I22="YES","CAPA VERIFICATION SHOULD BE SCHEDULED",IF(I22="NO","REMINDER LETTER SHOULD BE SENT","")) -> CAPA VERIFICATION SHOULD BE SCHEDULED | L22: 45536 | M22: https://nafdacng.sharepoint.com/sites/PMSLAGOS/Shared Documents/GDP (GOOD DISTRIBUTION PRATICE)/GSDP COMPANY FILES\JUVYWAY PHARMACY | N22: https://nafdacng.sharepoint.com/sites/PMSLAGOS/Shared Documents/GSDP (GOOD STORAGE AND DISTRIBUTION PRACTICE)/GSDP COMPANY FILES\JUVYWAY PHARMACY | O22: =IF(M22="","",HYPERLINK(M22,B22)) -> JUVYWAY PHARMCY CO.LTD
A23: 21 | B23: EVERSHINE PHARMACEUTICAL NIG LTD | C23: 41, Amoke Alasala Street, Iyana- Ipaja, Lagos | D23: 08061290502 | E23: GDP | F23: 22/02/2023 | G23: Medium-Risk (B) | H23: 4th April 2023 | I23: YES | J23: CAPA Submited | K23: =IF(I23="YES","CAPA VERIFICATION SHOULD BE SCHEDULED",IF(I23="NO","REMINDER LETTER SHOULD BE SENT","")) -> CAPA VERIFICATION SHOULD BE SCHEDULED | L23: 45323 | M23: https://nafdacng.sharepoint.com/sites/PMSLAGOS/Shared Documents/GDP (GOOD DISTRIBUTION PRATICE)/GSDP COMPANY FILES\EVERSHINE PHARMA NIG LTD | N23: https://nafdacng.sharepoint.com/sites/PMSLAGOS/Shared Documents/GSDP (GOOD STORAGE AND DISTRIBUTION PRACTICE)/GSDP COMPANY FILES\EVERSHINE PHARMA NIG LTD | O23: =IF(M23="","",HYPERLINK(M23,B23)) -> EVERSHINE PHARMACEUTICAL NIG LTD
A24: 22 | B24: FRANKEY NIG.LTD | C24: 9, Victor Fagbami street,Iyana- Ipaja, Lagos . | D24: 08033012635 | E24: GDP | F24: 22/02/2023 | G24: High-Risk (C) | H24: 4th April 2023 | I24: YES | J24: CAPA Submited | K24: =IF(I24="YES","CAPA VERIFICATION SHOULD BE SCHEDULED",IF(I24="NO","REMINDER LETTER SHOULD BE SENT","")) -> CAPA VERIFICATION SHOULD BE SCHEDULED | L24: 45413 | M24: https://nafdacng.sharepoint.com/sites/PMSLAGOS/Shared Documents/GDP (GOOD DISTRIBUTION PRATICE)/GSDP COMPANY FILES/FRANKCY NIG LTD | N24: https://nafdacng.sharepoint.com/sites/PMSLAGOS/Shared Documents/GSDP (GOOD STORAGE AND DISTRIBUTION PRACTICE)/GSDP COMPANY FILES/FRANKCY NIG LTD | O24: =IF(M24="","",HYPERLINK(M24,B24)) -> FRANKEY NIG.LTD
A25: 23 | B25: GOD IS GREAT PHARMACY | C25: 1,Kola Ogunwale, Off Iyana Ipaja Lagos | D25: 08058520035 | E25: GDP | F25: 23/02/2023 | G25: High-Risk (C) | H25: 4th April 2023 | I25: NO | J25: CAPA to be Submited | K25: =IF(I25="YES","CAPA VERIFICATION SHOULD BE SCHEDULED",IF(I25="NO","REMINDER LETTER SHOULD BE SENT","")) -> REMINDER LETTER SHOULD BE SENT | L25: 44774 | M25: https://nafdacng.sharepoint.com/sites/PMSLAGOS/Shared Documents/GDP (GOOD DISTRIBUTION PRATICE)/GSDP COMPANY FILES\GOD IS GREAT PHARMACY | N25: https://nafdacng.sharepoint.com/sites/PMSLAGOS/Shared Documents/GSDP (GOOD STORAGE AND DISTRIBUTION PRACTICE)/GSDP COMPANY FILES\GOD IS GREAT PHARMACY | O25: =IF(M25="","",HYPERLINK(M25,B25)) -> GOD IS GREAT PHARMACY
A26: 24 | B26: SOMEC UNITED PHARMACY | C26: 3,Adebayo Street Iyana Ipaja Lagos | D26: 07062791634 | E26: GDP | F26: 23/02/2023 | G26: Medium-Risk (B) | H26: 4th April 2023 | I26: NO | J26: CAPA to be Submited | K26: =IF(I26="YES","CAPA VERIFICATION SHOULD BE SCHEDULED",IF(I26="NO","REMINDER LETTER SHOULD BE SENT","")) -> REMINDER LETTER SHOULD BE SENT | L26: 45323 | M26: https://nafdacng.sharepoint.com/sites/PMSLAGOS/Shared Documents/GDP (GOOD DISTRIBUTION PRATICE)/GSDP COMPANY FILES/SKY PHARM | N26: https://nafdacng.sharepoint.com/sites/PMSLAGOS/Shared Documents/GSDP (GOOD STORAGE AND DISTRIBUTION PRACTICE)/GSDP COMPANY FILES/SKY PHARM | O26: =IF(M26="","",HYPERLINK(M26,B26)) -> SOMEC UNITED PHARMACY
A27: 25 | B27: UNITED ABC PHARMACEUTICAL | C27: 45/47,Ipaja Road, Iyana Ipaja, Lagos | D27: 08099887692 | E27: GDP | F27: 23/02/2023 | G27: Medium-Risk (B) | H27: 4th April 2023 | I27: NO | J27: CAPA to be Submited | K27: =IF(I27="YES","CAPA VERIFICATION SHOULD BE SCHEDULED",IF(I27="NO","REMINDER LETTER SHOULD BE SENT","")) -> REMINDER LETTER SHOULD BE SENT | L27: 45323 | M27: https://nafdacng.sharepoint.com/sites/PMSLAGOS/Shared Documents/GDP (GOOD DISTRIBUTION PRATICE)/GSDP COMPANY FILES\UNITED ABC PHARM | N27: https://nafdacng.sharepoint.com/sites/PMSLAGOS/Shared Documents/GSDP (GOOD STORAGE AND DISTRIBUTION PRACTICE)/GSDP COMPANY FILES\UNITED ABC PHARM | O27: =IF(M27="","",HYPERLINK(M27,B27)) -> UNITED ABC PHARMACEUTICAL
A28: 26 | B28: SA PHARMACY | C28: 1, Imope Compound, Ikotun, Lagos State | D28: 08033454283 | E28: GDP | F28: 24/02/2023 | G28: Medium-Risk (B) | H28: 4th April 2023 | I28: NO | J28: CAPA to be Submited | K28: =IF(I28="YES","CAPA VERIFICATION SHOULD BE SCHEDULED",IF(I28="NO","REMINDER LETTER SHOULD BE SENT","")) -> REMINDER LETTER SHOULD BE SENT | L28: 45323 | M28: https://nafdacng.sharepoint.com/sites/PMSLAGOS/Shared Documents/GDP (GOOD DISTRIBUTION PRATICE)/GSDP COMPANY FILES\SA PHARMACY | N28: https://nafdacng.sharepoint.com/sites/PMSLAGOS/Shared Documents/GSDP (GOOD STORAGE AND DISTRIBUTION PRACTICE)/GSDP COMPANY FILES\SA PHARMACY | O28: =IF(M28="","",HYPERLINK(M28,B28)) -> SA PHARMACY
A29: 27 | B29: RIGHTMATE PHARMACY | C29: 3,Fatimo Street, Ikotun Lagos State | D29: 08063358238 | E29: GDP | F29: 24/02/2023 | G29: Medium-Risk (B) | H29: 4th April 2023 | I29: NO | J29: CAPA to be Submited | K29: =IF(I29="YES","CAPA VERIFICATION SHOULD BE SCHEDULED",IF(I29="NO","REMINDER LETTER SHOULD BE SENT","")) -> REMINDER LETTER SHOULD BE SENT | L29: 45323 | M29: https://nafdacng.sharepoint.com/sites/PMSLAGOS/Shared Documents/GDP (GOOD DISTRIBUTION PRATICE)/GSDP COMPANY FILES\RIGHTMARES PHARM LTD | N29: https://nafdacng.sharepoint.com/sites/PMSLAGOS/Shared Documents/GSDP (GOOD STORAGE AND DISTRIBUTION PRACTICE)/GSDP COMPANY FILES\RIGHTMARES PHARM LTD | O29: =IF(M29="","",HYPERLINK(M29,B29)) -> RIGHTMATE PHARMACY
... A34: 32 | B34: UNITED AFRICA LABORATORY LIMITED | C34: 9, Tebun Bisiriyu street, shahsha, Lagos. | D34: 07063877874 | E34: GDP | F34: 30/03/2023 | G34: Medium-Risk (B) | H34: 11th august 2023 | I34: NO | J34: CAPA to be Submited | K34: =IF(I34="YES","CAPA VERIFICATION SHOULD BE SCHEDULED",IF(I34="NO","REMINDER LETTER SHOULD BE SENT","")) -> REMINDER LETTER SHOULD BE SENT | L34: 45352 | M34: https://nafdacng.sharepoint.com/sites/PMSLAGOS/Shared Documents/GDP (GOOD DISTRIBUTION PRATICE)/GSDP COMPANY FILES\UNITED AFRICA LABORATORY LTD | N34: https://nafdacng.sharepoint.com/sites/PMSLAGOS/Shared Documents/GSDP (GOOD STORAGE AND DISTRIBUTION PRACTICE)/GSDP COMPANY FILES\UNITED AFRICA LABORATORY LTD | O34: =IF(M34="","",HYPERLINK(M34,B34)) -> UNITED AFRICA LABORATORY LIMITED
A35: 33 | B35: SANTUS PHARMACY & STORES LTD. | C35: 11, Sasha road, Akowonjo, Lagos. | D35: 08051263650 | E35: GDP | F35: 30/03/2023 | G35: Medium-Risk (B) | H35: 29th january 2024 | I35: YES | J35: CAPA Submited | K35: =IF(I35="YES","CAPA VERIFICATION SHOULD BE SCHEDULED",IF(I35="NO","REMINDER LETTER SHOULD BE SENT","")) -> CAPA VERIFICATION SHOULD BE SCHEDULED | L35: DONE | M35: https://nafdacng.sharepoint.com/sites/PMSLAGOS/Shared Documents/GDP (GOOD DISTRIBUTION PRATICE)/GSDP COMPANY FILES\SANTUS PHARMACY LTD | N35: https://nafdacng.sharepoint.com/sites/PMSLAGOS/Shared Documents/GSDP (GOOD STORAGE AND DISTRIBUTION PRACTICE)/GSDP COMPANY FILES\SANTUS PHARMACY LTD | O35: =IF(M35="","",HYPERLINK(M35,B35)) -> SANTUS PHARMACY & STORES LTD.
A36: 34 | B36: THINK ETERNITY DRUGS LTD. | C36: 1, Oguntande street, Shasha, Lagos. | D36: 08120739721 | E36: GDP | F36: 30/03/2023 | G36: High-Risk (C) | H36: They were not issued cd | I36: NO | J36: CAPA to be Submited | K36: =IF(I36="YES","CAPA VERIFICATION SHOULD BE SCHEDULED",IF(I36="NO","REMINDER LETTER SHOULD BE SENT","")) -> REMINDER LETTER SHOULD BE SENT | L36: 45170 | M36: https://nafdacng.sharepoint.com/sites/PMSLAGOS/Shared Documents/GDP (GOOD DISTRIBUTION PRATICE)/GSDP COMPANY FILES\THINK ENTERNITY DRUGS LTD | N36: https://nafdacng.sharepoint.com/sites/PMSLAGOS/Shared Documents/GSDP (GOOD STORAGE AND DISTRIBUTION PRACTICE)/GSDP COMPANY FILES\THINK ENTERNITY DRUGS LTD | O36: =IF(M36="","",HYPERLINK(M36,B36)) -> THINK ETERNITY DRUGS LTD.
A37: 35 | B37: MIVERO PHARM. LTD. | C37: 244, Agege Motor road, Mushin, Lagos. | D37: 08161396721 | E37: GDP | F37: 29/03/2023 | G37: High-Risk (C) | H37: 30th january 2024 | I37: NO | J37: CAPA to be Submited | K37: =IF(I37="YES","CAPA VERIFICATION SHOULD BE SCHEDULED",IF(I37="NO","REMINDER LETTER SHOULD BE SENT","")) -> REMINDER LETTER SHOULD BE SENT | L37: 45170 | M37: https://nafdacng.sharepoint.com/sites/PMSLAGOS/Shared Documents/GDP (GOOD DISTRIBUTION PRATICE)/GSDP COMPANY FILES\MIVERO PHARM | N37: https://nafdacng.sharepoint.com/sites/PMSLAGOS/Shared Documents/GSDP (GOOD STORAGE AND DISTRIBUTION PRACTICE)/GSDP COMPANY FILES\MIVERO PHARM | O37: =IF(M37="","",HYPERLINK(M37,B37)) -> MIVERO PHARM. LTD.
A38: 36 | B38: R.L. UPRIGHT WAY NIG. LTD. | C38: 15, Market street, Somolu, Lagos. | D38: 08162250028 | E38: GDP | F38: 45050 | G38: High-Risk (C) | H38: They were not issued cd | I38: NO | J38: CAPA to be Submited | K38: =IF(I38="YES","CAPA VERIFICATION SHOULD BE SCHEDULED",IF(I38="NO","REMINDER LETTER SHOULD BE SENT","")) -> REMINDER LETTER SHOULD BE SENT | L38: 45200 | M38: https://nafdacng.sharepoint.com/sites/PMSLAGOS/Shared Documents/GDP (GOOD DISTRIBUTION PRATICE)/GSDP COMPANY FILES\R.L UPRIGHTWAY NIG LTD | N38: https://nafdacng.sharepoint.com/sites/PMSLAGOS/Shared Documents/GSDP (GOOD STORAGE AND DISTRIBUTION PRACTICE)/GSDP COMPANY FILES\R.L UPRIGHTWAY NIG LTD | O38: =IF(M38="","",HYPERLINK(M38,B38)) -> R.L. UPRIGHT WAY NIG. LTD.
A39: 37 | B39: TEACO PHARM. CO. NIG. LTD. | C39: 50, Akowonjo Road ,Egbeda, Lagos. | D39: 08033025740 | E39: GDP | F39: 45020 | G39: Medium-Risk (B) | H39: 8th june 2023 | I39: YES | J39: CAPA Submited | K39: =IF(I39="YES","CAPA VERIFICATION SHOULD BE SCHEDULED",IF(I39="NO","REMINDER LETTER SHOULD BE SENT","")) -> CAPA VERIFICATION SHOULD BE SCHEDULED | L39: 45078 | M39: https://nafdacng.sharepoint.com/sites/PMSLAGOS/Shared Documents/GDP (GOOD DISTRIBUTION PRATICE)/GSDP COMPANY FILES\TEACO PHARMACY | N39: https://nafdacng.sharepoint.com/sites/PMSLAGOS/Shared Documents/GSDP (GOOD STORAGE AND DISTRIBUTION PRACTICE)/GSDP COMPANY FILES\TEACO PHARMACY | O39: =IF(M39="","",HYPERLINK(M39,B39)) -> TEACO PHARM. CO. NIG. LTD.
A40: 38 | B40: FUNKET NIG. LTD. | C40: 83, Ikotun-Idumu road, Lagos. | D40: 08033156922 | E40: GDP | F40: 45020 | G40: Medium-Risk (B) | H40: 8th june 2023 | I40: NO | J40: CAPA to be Submited | K40: =IF(I40="YES","CAPA VERIFICATION SHOULD BE SCHEDULED",IF(I40="NO","REMINDER LETTER SHOULD BE SENT","")) -> REMINDER LETTER SHOULD BE SENT | L40: 45383 | M40: https://nafdacng.sharepoint.com/sites/PMSLAGOS/Shared Documents/GDP (GOOD DISTRIBUTION PRATICE)/GSDP COMPANY FILES\FUNKET NIG. LTD | N40: https://nafdacng.sharepoint.com/sites/PMSLAGOS/Shared Documents/GSDP (GOOD STORAGE AND DISTRIBUTION PRACTICE)/GSDP COMPANY FILES\FUNKET NIG. LTD | O40: =IF(M40="","",HYPERLINK(M40,B40)) -> FUNKET NIG. LTD.
A41: 39 | B41: KATCEE-MACKENZIE &ASSOCIATES | C41: 7, Market Street, Shomolu, Lagos | D41: 08023649732 | E41: GDP | F41: 45050 | G41: Medium-Risk (B) | H41: They were not issued cd | I41: NO | J41: CAPA to be Submited | K41: =IF(I41="YES","CAPA VERIFICATION SHOULD BE SCHEDULED",IF(I41="NO","REMINDER LETTER SHOULD BE SENT","")) -> REMINDER LETTER SHOULD BE SENT | L41: 45383 | M41: https://nafdacng.sharepoint.com/sites/PMSLAGOS/Shared Documents/GDP (GOOD DISTRIBUTION PRATICE)/GSDP COMPANY FILES\KATCEE-MACKENZIE LTD | N41: https://nafdacng.sharepoint.com/sites/PMSLAGOS/Shared Documents/GSDP (GOOD STORAGE AND DISTRIBUTION PRACTICE)/GSDP COMPANY FILES\KATCEE-MACKENZIE LTD | O41: =IF(M41="","",HYPERLINK(M41,B41)) -> KATCEE-MACKENZIE &ASSOCIATES
A42: 40 | B42: DRUG-IT SOLUTIONS LIMITED | C42: 1, Ileshomi Street, Mafoluku, Oshodi, Lagos | D42: 08093346489 | E42: GDP | F42: 18/04/2023 | G42: Low-Risk (A) | H42: 9th may 2023 | I42: NO | J42: CAPA to be Submited | K42: =IF(I42="YES","CAPA VERIFICATION SHOULD BE SCHEDULED",IF(I42="NO","REMINDER LETTER SHOULD BE SENT","")) -> REMINDER LETTER SHOULD BE SENT | L42: 45748 | M42: https://nafdacng.sharepoint.com/sites/PMSLAGOS/Shared Documents/GDP (GOOD DISTRIBUTION PRATICE)/GSDP COMPANY FILES\DRUG IT PHARMACY | N42: https://nafdacng.sharepoint.com/sites/PMSLAGOS/Shared Documents/GSDP (GOOD STORAGE AND DISTRIBUTION PRACTICE)/GSDP COMPANY FILES\DRUG IT PHARMACY | O42: =IF(M42="","",HYPERLINK(M42,B42)) -> DRUG-IT SOLUTIONS LIMITED
A43: 41 | B43: FAMOUS NIG. LTD. | C43: 1,Olurunshogo Str., Mushin, Lagos. | D43: 08035922751 | E43: GDP | F43: 19/04/2023 | G43: High-Risk (C) | H43: 30th january 2024 | I43: YES | J43: CAPA Submited | K43: =IF(I43="YES","CAPA VERIFICATION SHOULD BE SCHEDULED",IF(I43="NO","REMINDER LETTER SHOULD BE SENT","")) -> CAPA VERIFICATION SHOULD BE SCHEDULED | L43: 45200 | M43: https://nafdacng.sharepoint.com/sites/PMSLAGOS/Shared Documents/GDP (GOOD DISTRIBUTION PRATICE)/GSDP COMPANY FILES\FAMOUS CHEMIST LTD | N43: https://nafdacng.sharepoint.com/sites/PMSLAGOS/Shared Documents/GSDP (GOOD STORAGE AND DISTRIBUTION PRACTICE)/GSDP COMPANY FILES\FAMOUS CHEMIST LTD | O43: =IF(M43="","",HYPERLINK(M43,B43)) -> FAMOUS NIG. LTD.
A44: 42 | B44: ALIMOSHO CHEMIST LTD. | C44: 47, Alew Ipaja Road, Iyana-Ipaja, Lagos | D44: The facility is no longer engaged in the importation or distribution of drugs in the past 5 years. | E44: GDP | F44: 45035 | G44: N/A | H44: N/A | I44: N/A | J44: N/A | K44: A letter stating that they have stopped distribution was recieved by the directorate. | M44: https://nafdacng.sharepoint.com/sites/PMSLAGOS/Shared Documents/GDP (GOOD DISTRIBUTION PRATICE)/GSDP COMPANY FILES\ALIMOSHO CHEMISTS LTD | N44: https://nafdacng.sharepoint.com/sites/PMSLAGOS/Shared Documents/GSDP (GOOD STORAGE AND DISTRIBUTION PRACTICE)/GSDP COMPANY FILES\ALIMOSHO CHEMISTS LTD | O44: =IF(M44="","",HYPERLINK(M44,B44)) -> ALIMOSHO CHEMIST LTD.
A45: 43 | B45: GOD 'S FOUNDATION PHARMA LTD. | C45: 19, Baale Street, Orile, Iganmu , Lagos | D45: 08162879574 | E45: GDP | F45: 45204 | G45: Medium-Risk (B) | H45: 45204 | I45: NO | J45: CAPA to be Submited | K45: =IF(I45="YES","CAPA VERIFICATION SHOULD BE SCHEDULED",IF(I45="NO","REMINDER LETTER SHOULD BE SENT","")) -> REMINDER LETTER SHOULD BE SENT | L45: 45352 | M45: https://nafdacng.sharepoint.com/sites/PMSLAGOS/Shared Documents/GDP (GOOD DISTRIBUTION PRATICE)/GSDP COMPANY FILES\GODS FOUNDATION | N45: https://nafdacng.sharepoint.com/sites/PMSLAGOS/Shared Documents/GSDP (GOOD STORAGE AND DISTRIBUTION PRACTICE)/GSDP COMPANY FILES\GODS FOUNDATION | O45: =IF(M45="","",HYPERLINK(M45,B45)) -> GOD 'S FOUNDATION PHARMA LTD.
A46: 44 | B46: E.U. EMMASON PHARM. CO.LTD. | C46: 1, Baale street, Orile, Iganmu, Lagos | D46: 08144612951 | E46: GDP | F46: 45204 | G46: Medium-Risk (B) | H46: 45174 | I46: NO | J46: CAPA to be Submited | K46: =IF(I46="YES","CAPA VERIFICATION SHOULD BE SCHEDULED",IF(I46="NO","REMINDER LETTER SHOULD BE SENT","")) -> REMINDER LETTER SHOULD BE SENT | L46: 45352 | M46: https://nafdacng.sharepoint.com/sites/PMSLAGOS/Shared Documents/GDP (GOOD DISTRIBUTION PRATICE)/GSDP COMPANY FILES\E.U EMMASON | N46: https://nafdacng.sharepoint.com/sites/PMSLAGOS/Shared Documents/GSDP (GOOD STORAGE AND DISTRIBUTION PRACTICE)/GSDP COMPANY FILES\E.U EMMASON | O46: =IF(M46="","",HYPERLINK(M46,B46)) -> E.U. EMMASON PHARM. CO.LTD.
A47: 45 | B47: ANYIWEST PHARMACY LTD. | C47: 3, Meiran road, shop 10, Merian B/stop. Abeokuta expressway, lagos | D47: 08037277883 | E47: GDP | F47: 44990 | G47: High-Risk (C) | H47: 45174 | I47: NO | J47: CAPA to be Submited | K47: =IF(I47="YES","CAPA VERIFICATION SHOULD BE SCHEDULED",IF(I47="NO","REMINDER LETTER SHOULD BE SENT","")) -> REMINDER LETTER SHOULD BE SENT | L47: 45231 | M47: https://nafdacng.sharepoint.com/sites/PMSLAGOS/Shared Documents/GDP (GOOD DISTRIBUTION PRATICE)/GSDP COMPANY FILES\ANYI WEST PHARMACY | N47: https://nafdacng.sharepoint.com/sites/PMSLAGOS/Shared Documents/GSDP (GOOD STORAGE AND DISTRIBUTION PRACTICE)/GSDP COMPANY FILES\ANYI WEST PHARMACY | O47: =IF(M47="","",HYPERLINK(M47,B47)) -> ANYIWEST PHARMACY LTD.
A48: 46 | B48: KRANTZ PHARMACEUTICAL & CHEMICALS LTD. | C48: 17,Muri Bakare street, Idimu, Lagos | D48: 08033006749 | E48: GDP | F48: 44990 | G48: Medium-Risk (B) | I48: NO | J48: CAPA to be Submited | K48: =IF(I48="YES","CAPA VERIFICATION SHOULD BE SCHEDULED",IF(I48="NO","REMINDER LETTER SHOULD BE SENT","")) -> REMINDER LETTER SHOULD BE SENT | L48: 45352 | M48: https://nafdacng.sharepoint.com/sites/PMSLAGOS/Shared Documents/GDP (GOOD DISTRIBUTION PRATICE)/GSDP COMPANY FILES\KRANTZ PHARMACY | N48: https://nafdacng.sharepoint.com/sites/PMSLAGOS/Shared Documents/GSDP (GOOD STORAGE AND DISTRIBUTION PRACTICE)/GSDP COMPANY FILES\KRANTZ PHARMACY | O48: =IF(M48="","",HYPERLINK(M48,B48)) -> KRANTZ PHARMACEUTICAL & CHEMICALS LTD.
A49: 47 | B49: ALGANDA PHARMACY | C49: 16, Best time Avenue, start time Estate, Ago palaceway, Lagos | D49: 08064445412 | E49: GDP | F49: 45174 | G49: Low-Risk (A) | H49: 45144 | I49: YES | J49: CAPA Submited | K49: =IF(I49="YES","CAPA VERIFICATION SHOULD BE SCHEDULED",IF(I49="NO","REMINDER LETTER SHOULD BE SENT","")) -> CAPA VERIFICATION SHOULD BE SCHEDULED | L49: 45717 | M49: https://nafdacng.sharepoint.com/sites/PMSLAGOS/Shared Documents/GDP (GOOD DISTRIBUTION PRATICE)/GSDP COMPANY FILES\ALGANDA PHARMACEUTICALS | N49: https://nafdacng.sharepoint.com/sites/PMSLAGOS/Shared Documents/GSDP (GOOD STORAGE AND DISTRIBUTION PRACTICE)/GSDP COMPANY FILES\ALGANDA PHARMACEUTICALS | O49: =IF(M49="","",HYPERLINK(M49,B49)) -> ALGANDA PHARMACY
A50: 48 | B50: CIKASON PHARMACY | C50: 2/4 Toyin Adebiyi, off Ezeagulu street, Oke afa, lagos. | D50: 08033846632 | E50: GDP | F50: 45174 | G50: Low-Risk (A) | H50: 45154 | I50: NO | J50: CAPA to be Submited | K50: =IF(I50="YES","CAPA VERIFICATION SHOULD BE SCHEDULED",IF(I50="NO","REMINDER LETTER SHOULD BE SENT","")) -> REMINDER LETTER SHOULD BE SENT | L50: 45717 | M50: https://nafdacng.sharepoint.com/sites/PMSLAGOS/Shared Documents/GDP (GOOD DISTRIBUTION PRATICE)/GSDP COMPANY FILES\CIKASON PHARMACY | N50: https://nafdacng.sharepoint.com/sites/PMSLAGOS/Shared Documents/GSDP (GOOD STORAGE AND DISTRIBUTION PRACTICE)/GSDP COMPANY FILES\CIKASON PHARMACY | O50: =IF(M50="","",HYPERLINK(M50,B50)) -> CIKASON PHARMACY
A51: 49 | B51: MARY-IYKE PHARMACY & STORES | C51: 136, Baale Animashaun street, Dalemo, Alakuko, Abule Egba, Lagos | D51: 08023051074 | E51: GDP | F51: 44990 | G51: High-Risk (C) | H51: 45174 | I51: NO | J51: CAPA to be Submited | K51: =IF(I51="YES","CAPA VERIFICATION SHOULD BE SCHEDULED",IF(I51="NO","REMINDER LETTER SHOULD BE SENT","")) -> REMINDER LETTER SHOULD BE SENT | L51: 45231 | M51: https://nafdacng.sharepoint.com/sites/PMSLAGOS/Shared Documents/GDP (GOOD DISTRIBUTION PRATICE)/GSDP COMPANY FILES\MARY IYKE PHARMACY | N51: https://nafdacng.sharepoint.com/sites/PMSLAGOS/Shared Documents/GSDP (GOOD STORAGE AND DISTRIBUTION PRACTICE)/GSDP COMPANY FILES\MARY IYKE PHARMACY | O51: =IF(M51="","",HYPERLINK(M51,B51)) -> MARY-IYKE PHARMACY & STORES
A52: 50 | B52: DRUG STOC E HUB LIMITED | C52: China town, taiwo street | D52: 08087674169 | E52: GDP | F52: 44990 | G52: Low-Risk (A) | H52: N/A | I52: N/A | J52: NO CAPA ISSUED | K52: CONTINOUS MONITORING TO ENSURE COMPLIANCE | L52: 45717 | M52: https://nafdacng.sharepoint.com/sites/PMSLAGOS/Shared Documents/GDP (GOOD DISTRIBUTION PRATICE)/GSDP COMPANY FILES\DRUG STOC EHUB | N52: https://nafdacng.sharepoint.com/sites/PMSLAGOS/Shared Documents/GSDP (GOOD STORAGE AND DISTRIBUTION PRACTICE)/GSDP COMPANY FILES\DRUG STOC EHUB | O52: =IF(M52="","",HYPERLINK(M52,B52)) -> DRUG STOC E HUB LIMITED
A53: 51 | B53: MAC EVENTUS PHARM. CO. LTD. | C53: 23, Yakayo Rd, Oja B/stop, Ojodu, Lagos. | D53: 08024785424 | E53: GDP | F53: 45048 | G53: Medium-Risk (B) | H53: 45144 | I53: NO | J53: CAPA to be Submited | K53: =IF(I53="YES","CAPA VERIFICATION SHOULD BE SCHEDULED",IF(I53="NO","REMINDER LETTER SHOULD BE SENT","")) -> REMINDER LETTER SHOULD BE SENT | L53: 45352 | M53: https://nafdacng.sharepoint.com/sites/PMSLAGOS/Shared Documents/GDP (GOOD DISTRIBUTION PRATICE)/GSDP COMPANY FILES\MAC EVENTUS PHARM LTD | N53: https://nafdacng.sharepoint.com/sites/PMSLAGOS/Shared Documents/GSDP (GOOD STORAGE AND DISTRIBUTION PRACTICE)/GSDP COMPANY FILES\MAC EVENTUS PHARM LTD | O53: =IF(M53="","",HYPERLINK(M53,B53)) -> MAC EVENTUS PHARM. CO. LTD.
A54: 52 | B54: SAMNTO PHARM. LTD. | C54: 16b, Tolu road. olodi-Apapa. Lagos | D54: 08060650657 | E54: GDP | F54: 45048 | G54: High-Risk (C) | H54: 45100 | I54: NO | J54: CAPA to be Submited | K54: =IF(I54="YES","CAPA VERIFICATION SHOULD BE SCHEDULED",IF(I54="NO","REMINDER LETTER SHOULD BE SENT","")) -> REMINDER LETTER SHOULD BE SENT | L54: 45231 | M54: https://nafdacng.sharepoint.com/sites/PMSLAGOS/Shared Documents/GDP (GOOD DISTRIBUTION PRATICE)/GSDP COMPANY FILES\SAMNTO PHARM | N54: https://nafdacng.sharepoint.com/sites/PMSLAGOS/Shared Documents/GSDP (GOOD STORAGE AND DISTRIBUTION PRACTICE)/GSDP COMPANY FILES\SAMNTO PHARM | O54: =IF(M54="","",HYPERLINK(M54,B54)) -> SAMNTO PHARM. LTD.
A55: 53 | B55: ALANTRA PHARMACY | C55: 7, Oyoromi street, off kodesoh street | D55: 08023595633 | E55: GDP | F55: 45048 | G55: High-Risk (C) | H55: 45075 | I55: YES | J55: CAPA Submited | K55: =IF(I55="YES","CAPA VERIFICATION SHOULD BE SCHEDULED",IF(I55="NO","REMINDER LETTER SHOULD BE SENT","")) -> CAPA VERIFICATION SHOULD BE SCHEDULED | L55: 45231 | M55: https://nafdacng.sharepoint.com/sites/PMSLAGOS/Shared Documents/GDP (GOOD DISTRIBUTION PRATICE)/GSDP COMPANY FILES/FRANKCY NIG LTD | N55: https://nafdacng.sharepoint.com/sites/PMSLAGOS/Shared Documents/GSDP (GOOD STORAGE AND DISTRIBUTION PRACTICE)/GSDP COMPANY FILES/A Alantra | O55: =IF(M55="","",HYPERLINK(M55,B55)) -> ALANTRA PHARMACY
A56: 54 | B56: CHEV PHARMACEUTICALS | C56: 13, Adeyemi street, Oshodi, Lagos | D56: 08151488040 | E56: GDP | F56: 31/05/2023 | G56: Medium-Risk (B) | H56: 45314 | I56: YES | J56: CAPA Submited | K56: =IF(I56="YES","CAPA VERIFICATION SHOULD BE SCHEDULED",IF(I56="NO","REMINDER LETTER SHOULD BE SENT","")) -> CAPA VERIFICATION SHOULD BE SCHEDULED | L56: 45352 | M56: https://nafdacng.sharepoint.com/sites/PMSLAGOS/Shared Documents/GDP (GOOD DISTRIBUTION PRATICE)/GSDP COMPANY FILES\CHEV PHARMACEUTICALS LTD | N56: https://nafdacng.sharepoint.com/sites/PMSLAGOS/Shared Documents/GSDP (GOOD STORAGE AND DISTRIBUTION PRACTICE)/GSDP COMPANY FILES\CHEV PHARMACEUTICALS LTD | O56: =IF(M56="","",HYPERLINK(M56,B56)) -> CHEV PHARMACEUTICALS
A57: 55 | B57: REMSON INVESTMENT LTD | C57: 74 Agbado station road Ijaye, Lagos | D57: 09015418270 | E57: GDP | F57: 44963 | G57: High-Risk (C) | H57: 23/06/23 | I57: NO | J57: CAPA to be Submited | K57: =IF(I57="YES","CAPA VERIFICATION SHOULD BE SCHEDULED",IF(I57="NO","REMINDER LETTER SHOULD BE SENT","")) -> REMINDER LETTER SHOULD BE SENT | L57: 45261 | M57: https://nafdacng.sharepoint.com/sites/PMSLAGOS/Shared Documents/GDP (GOOD DISTRIBUTION PRATICE)/GSDP COMPANY FILES\REMSON | N57: https://nafdacng.sharepoint.com/sites/PMSLAGOS/Shared Documents/GSDP (GOOD STORAGE AND DISTRIBUTION PRACTICE)/GSDP COMPANY FILES\REMSON | O57: =IF(M57="","",HYPERLINK(M57,B57)) -> REMSON INVESTMENT LTD
A58: 56 | B58: CITY OF GLORY PHARMACEUTICALS | C58: 20, Iga Oba compond Ijegun, Lagos | D58: 08065637705 | E58: GDP | F58: 45052 | G58: High-Risk (C) | H58: 23/6/23 | I58: NO | J58: CAPA to be Submited | K58: =IF(I58="YES","CAPA VERIFICATION SHOULD BE SCHEDULED",IF(I58="NO","REMINDER LETTER SHOULD BE SENT","")) -> REMINDER LETTER SHOULD BE SENT | L58: 45261 | M58: https://nafdacng.sharepoint.com/sites/PMSLAGOS/Shared Documents/GDP (GOOD DISTRIBUTION PRATICE)/GSDP COMPANY FILES\CITY OF GLORY PHARM | N58: https://nafdacng.sharepoint.com/sites/PMSLAGOS/Shared Documents/GSDP (GOOD STORAGE AND DISTRIBUTION PRACTICE)/GSDP COMPANY FILES\CITY OF GLORY PHARM | O58: =IF(M58="","",HYPERLINK(M58,B58)) -> CITY OF GLORY PHARMACEUTICALS
A59: 57 | B59: CHRIS NELB PHARM. LTD. | C59: 6, Karimu street, kirikiri, lagos. | D59: 08023206178 | E59: GDP | F59: 45144 | G59: Medium-Risk (B) | I59: YES | J59: CAPA Submited | K59: =IF(I59="YES","CAPA VERIFICATION SHOULD BE SCHEDULED",IF(I59="NO","REMINDER LETTER SHOULD BE SENT","")) -> CAPA VERIFICATION SHOULD BE SCHEDULED | L59: 45444 | M59: https://nafdacng.sharepoint.com/sites/PMSLAGOS/Shared Documents/GDP (GOOD DISTRIBUTION PRATICE)/GSDP COMPANY FILES\CHRIS NELB PHARMACY | N59: https://nafdacng.sharepoint.com/sites/PMSLAGOS/Shared Documents/GSDP (GOOD STORAGE AND DISTRIBUTION PRACTICE)/GSDP COMPANY FILES\CHRIS NELB PHARMACY | O59: =IF(M59="","",HYPERLINK(M59,B59)) -> CHRIS NELB PHARM. LTD.
A60: 58 | B60: SURPLUS PHARMACY LTD. | C60: 48, Igiolugbin street | D60: 08085784284 | E60: GDP | F60: 44932 | G60: Medium-Risk (B) | H60: 14/6/23 | I60: NO | J60: CAPA to be Submited | K60: =IF(I60="YES","CAPA VERIFICATION SHOULD BE SCHEDULED",IF(I60="NO","REMINDER LETTER SHOULD BE SENT","")) -> REMINDER LETTER SHOULD BE SENT | L60: 45444 | M60: https://nafdacng.sharepoint.com/sites/PMSLAGOS/Shared Documents/GDP (GOOD DISTRIBUTION PRATICE)/GSDP COMPANY FILES\SURPLUS PHARM | N60: https://nafdacng.sharepoint.com/sites/PMSLAGOS/Shared Documents/GSDP (GOOD STORAGE AND DISTRIBUTION PRACTICE)/GSDP COMPANY FILES\SURPLUS PHARM | O60: =IF(M60="","",HYPERLINK(M60,B60)) -> SURPLUS PHARMACY LTD.
A61: 59 | B61: JOHN VIKEE PHARM. | C61: Igbodo New L/O, Oluwaseyi B/S, Ishashi, Lagos | D61: 07038054807 | E61: GDP | F61: 45052 | G61: Medium-Risk (B) | J61: CAPA to be Submited | K61: =IF(I61="YES","CAPA VERIFICATION SHOULD BE SCHEDULED",IF(I61="NO","REMINDER LETTER SHOULD BE SENT","")) | L61: 45444 | M61: https://nafdacng.sharepoint.com/sites/PMSLAGOS/Shared Documents/GDP (GOOD DISTRIBUTION PRATICE)/GSDP COMPANY FILES\JOHNVIKEE PHARM | O61: =IF(M61="","",HYPERLINK(M61,B61)) -> JOHN VIKEE PHARM.
A62: 60 | B62: DOMINO PHARMACY LTD. | C62: Km 48, Badagry Exp. Way, Okokomaiko, Lagos. | D62: 08033622376 | E62: GDP | F62: 45052 | G62: Medium-Risk (B) | H62: 14/6/23 | I62: NO | J62: CAPA to be Submited | K62: =IF(I62="YES","CAPA VERIFICATION SHOULD BE SCHEDULED",IF(I62="NO","REMINDER LETTER SHOULD BE SENT","")) -> REMINDER LETTER SHOULD BE SENT | L62: 45444 | M62: https://nafdacng.sharepoint.com/sites/PMSLAGOS/Shared Documents/GDP (GOOD DISTRIBUTION PRATICE)/GSDP COMPANY FILES\DOMINO PHARM | N62: https://nafdacng.sharepoint.com/sites/PMSLAGOS/Shared Documents/GSDP (GOOD STORAGE AND DISTRIBUTION PRACTICE)/GSDP COMPANY FILES\DOMINO PHARM | O62: =IF(M62="","",HYPERLINK(M62,B62)) -> DOMINO PHARMACY LTD.
A63: 61 | B63: HOLEX PHARMACEUTCAL LTD. | C63: 45, Old Ojo road, A,gboju, Amuwo, Lagos | D63: 08067392192 | E63: GDP | F63: 45144 | G63: Medium-Risk (B) | H63: 14/6/23 | I63: NO | J63: CAPA to be Submited | K63: =IF(I63="YES","CAPA VERIFICATION SHOULD BE SCHEDULED",IF(I63="NO","REMINDER LETTER SHOULD BE SENT","")) -> REMINDER LETTER SHOULD BE SENT | L63: 45444 | M63: https://nafdacng.sharepoint.com/sites/PMSLAGOS/Shared Documents/GDP (GOOD DISTRIBUTION PRATICE)/GSDP COMPANY FILES\HOLEX PHARMACEUTICALS | N63: https://nafdacng.sharepoint.com/sites/PMSLAGOS/Shared Documents/GSDP (GOOD STORAGE AND DISTRIBUTION PRACTICE)/GSDP COMPANY FILES\HOLEX PHARMACEUTICALS | O63: =IF(M63="","",HYPERLINK(M63,B63)) -> HOLEX PHARMACEUTCAL LTD.
A64: 62 | B64: WINDON PHARMACY | C64: 20, Badagry express way road, Oko | D64: 08063788228 | E64: GDP | F64: 45052 | G64: Medium-Risk (B) | H64: 14/6/23 | I64: NO | J64: CAPA to be Submited | K64: =IF(I64="YES","CAPA VERIFICATION SHOULD BE SCHEDULED",IF(I64="NO","REMINDER LETTER SHOULD BE SENT","")) -> REMINDER LETTER SHOULD BE SENT | L64: 45444 | M64: https://nafdacng.sharepoint.com/sites/PMSLAGOS/Shared Documents/GDP (GOOD DISTRIBUTION PRATICE)/GSDP COMPANY FILES\WINDOM PHARMACY | N64: https://nafdacng.sharepoint.com/sites/PMSLAGOS/Shared Documents/GSDP (GOOD STORAGE AND DISTRIBUTION PRACTICE)/GSDP COMPANY FILES\WINDOM PHARMACY | O64: =IF(M64="","",HYPERLINK(M64,B64)) -> WINDON PHARMACY
A65: 63 | B65: JOSFEKMART PHARMACY | C65: 146, Ekoro road, Abule Egba, Lagos. | D65: 09036389457 | E65: GDP | F65: 44963 | G65: High-Risk (C) | H65: 23/6/23 | I65: NO | J65: CAPA to be Submited | K65: =IF(I65="YES","CAPA VERIFICATION SHOULD BE SCHEDULED",IF(I65="NO","REMINDER LETTER SHOULD BE SENT","")) -> REMINDER LETTER SHOULD BE SENT | L65: 45261 | M65: https://nafdacng.sharepoint.com/sites/PMSLAGOS/Shared Documents/GDP (GOOD DISTRIBUTION PRATICE)/GSDP COMPANY FILES\JOSEFERKMART PHARMACY | N65: https://nafdacng.sharepoint.com/sites/PMSLAGOS/Shared Documents/GSDP (GOOD STORAGE AND DISTRIBUTION PRACTICE)/GSDP COMPANY FILES\JOSEFERKMART PHARMACY | O65: =IF(M65="","",HYPERLINK(M65,B65)) -> JOSFEKMART PHARMACY
A66: 64 | B66: LINCO STAR PHARMACEUTICALS | C66: 7/29, Olubumni Alonge st reet, Pako Aguda B/stop | D66: 07060841212 | E66: GDP | F66: 45175 | G66: Medium-Ris k (B) | H66: 14/6/23 | I66: YES | J66: CAPA to be Submited | K66: =IF(I66="YES","CAPA VERIFICATION SHOULD BE SCHEDULED",IF(I66="NO","REMINDER LETTER SHOULD BE SENT","")) -> CAPA VERIFICATION SHOULD BE SCHEDULED | L66: 45444 | M66: https://nafdacng.sharepoint.com/sites/PMSLAGOS/Shared Documents/GDP (GOOD DISTRIBUTION PRATICE)/GSDP COMPANY FILES\LINCO STAR PHARM | N66: https://nafdacng.sharepoint.com/sites/PMSLAGOS/Shared Documents/GSDP (GOOD STORAGE AND DISTRIBUTION PRACTICE)/GSDP COMPANY FILES\LINCO STAR PHARM | O66: =IF(M66="","",HYPERLINK(M66,B66)) -> LINCO STAR PHARMACEUTICALS
A67: 65 | B67: E. EGBESON CHEM. PHARM. | C67: 61, Egbe road, Ejibo Lagos. | D67: 07032823116 | E67: GDP | F67: 45052 | G67: High-Risk (C) | H67: 23/6/23 | I67: NO | J67: CAPA to be Submited | K67: =IF(I67="YES","CAPA VERIFICATION SHOULD BE SCHEDULED",IF(I67="NO","REMINDER LETTER SHOULD BE SENT","")) -> REMINDER LETTER SHOULD BE SENT | L67: 45261 | M67: https://nafdacng.sharepoint.com/sites/PMSLAGOS/Shared Documents/GDP (GOOD DISTRIBUTION PRATICE)/GSDP COMPANY FILES\E. EGBESON CHEM PHARM | N67: https://nafdacng.sharepoint.com/sites/PMSLAGOS/Shared Documents/GSDP (GOOD STORAGE AND DISTRIBUTION PRACTICE)/GSDP COMPANY FILES\E. EGBESON CHEM PHARM | O67: =IF(M67="","",HYPERLINK(M67,B67)) -> E. EGBESON CHEM. PHARM.
A68: 66 | B68: DE GOOD GOD PHARMACY | C68: 4, Agbo Ille compond lane, Ijegun, lagos | D68: 08035569255 | E68: GDP | F68: 45052 | G68: High-Risk (C) | H68: 23/6/23 | I68: NO | J68: CAPA to be Submited | K68: =IF(I68="YES","CAPA VERIFICATION SHOULD BE SCHEDULED",IF(I68="NO","REMINDER LETTER SHOULD BE SENT","")) -> REMINDER LETTER SHOULD BE SENT | L68: 45261 | M68: https://nafdacng.sharepoint.com/sites/PMSLAGOS/Shared Documents/GDP (GOOD DISTRIBUTION PRATICE)/GSDP COMPANY FILES\DE GOOD GOD PHARM | N68: https://nafdacng.sharepoint.com/sites/PMSLAGOS/Shared Documents/GSDP (GOOD STORAGE AND DISTRIBUTION PRACTICE)/GSDP COMPANY FILES\DE GOOD GOD PHARM | O68: =IF(M68="","",HYPERLINK(M68,B68)) -> DE GOOD GOD PHARMACY
A69: 67 | B69: ALKATRICE PHARMACEUTICALS | C69: 14, Mosalasi street, Mazama, Kuje-Amuwo | D69: 09132483301 | E69: GDP | F69: 45113 | G69: High-Risk (C) | H69: 23/6/23 | I69: NO | J69: CAPA to be Submited | K69: =IF(I69="YES","CAPA VERIFICATION SHOULD BE SCHEDULED",IF(I69="NO","REMINDER LETTER SHOULD BE SENT","")) -> REMINDER LETTER SHOULD BE SENT | L69: 45261 | M69: https://nafdacng.sharepoint.com/sites/PMSLAGOS/Shared Documents/GDP (GOOD DISTRIBUTION PRATICE)/GSDP COMPANY FILES\ALKATRICE PHARMACEUTICALS | N69: https://nafdacng.sharepoint.com/sites/PMSLAGOS/Shared Documents/GSDP (GOOD STORAGE AND DISTRIBUTION PRACTICE)/GSDP COMPANY FILES\ALKATRICE PHARMACEUTICALS | O69: =IF(M69="","",HYPERLINK(M69,B69)) -> ALKATRICE PHARMACEUTICALS
A70: 68 | B70: LIVE MORE PHARMACY | C70: 231, Old Ojo road, Agboju-Amuwo | D70: 08031939448 | E70: GDP | F70: 45113 | G70: High-Risk (C) | H70: 23/6/23 | I70: NO | J70: CAPA to be Submited | K70: =IF(I70="YES","CAPA VERIFICATION SHOULD BE SCHEDULED",IF(I70="NO","REMINDER LETTER SHOULD BE SENT","")) -> REMINDER LETTER SHOULD BE SENT | L70: 45261 | M70: https://nafdacng.sharepoint.com/sites/PMSLAGOS/Shared Documents/GDP (GOOD DISTRIBUTION PRATICE)/GSDP COMPANY FILES\LIVE MORE PHARMACY | N70: https://nafdacng.sharepoint.com/sites/PMSLAGOS/Shared Documents/GSDP (GOOD STORAGE AND DISTRIBUTION PRACTICE)/GSDP COMPANY FILES\LIVE MORE PHARMACY | O70: =IF(M70="","",HYPERLINK(M70,B70)) -> LIVE MORE PHARMACY
A71: 69 | B71: UZOKENN PHARMACY | C71: 268, Ipaja road, Agege, Lagos | D71: 08033035614 | E71: GDP | F71: 45175 | G71: High-Risk (C) | H71: 22/6/2023 | I71: NO | J71: CAPA to be Submited | K71: =IF(I71="YES","CAPA VERIFICATION SHOULD BE SCHEDULED",IF(I71="NO","REMINDER LETTER SHOULD BE SENT","")) -> REMINDER LETTER SHOULD BE SENT | L71: 45261 | M71: https://nafdacng.sharepoint.com/sites/PMSLAGOS/Shared Documents/GDP (GOOD DISTRIBUTION PRATICE)/GSDP COMPANY FILES\UZOKENN PHARMACY | N71: https://nafdacng.sharepoint.com/sites/PMSLAGOS/Shared Documents/GSDP (GOOD STORAGE AND DISTRIBUTION PRACTICE)/GSDP COMPANY FILES\UZOKENN PHARMACY | O71: =IF(M71="","",HYPERLINK(M71,B71)) -> UZOKENN PHARMACY
A72: 70 | B72: EVITA MOORE NIG. LTD. | C72: 1, Showonuola Street, Alhaja Bus- Stop | D72: 09093309160 | E72: GDP | F72: 16/06/2023 | G72: High-Risk (C) | H72: 22/6/2023 | I72: NO | J72: CAPA to be Submited | K72: =IF(I72="YES","CAPA VERIFICATION SHOULD BE SCHEDULED",IF(I72="NO","REMINDER LETTER SHOULD BE SENT","")) -> REMINDER LETTER SHOULD BE SENT | L72: 45261 | M72: https://nafdacng.sharepoint.com/sites/PMSLAGOS/Shared Documents/GDP (GOOD DISTRIBUTION PRATICE)/GSDP COMPANY FILES\EVITA MOORE NIG LTD | N72: https://nafdacng.sharepoint.com/sites/PMSLAGOS/Shared Documents/GSDP (GOOD STORAGE AND DISTRIBUTION PRACTICE)/GSDP COMPANY FILES\EVITA MOORE NIG LTD | O72: =IF(M72="","",HYPERLINK(M72,B72)) -> EVITA MOORE NIG. LTD.
A73: 71 | B73: GLACK PHARMACEUTICALS LTD. | C73: 22, Stella Osholake street, off international Airport road, Ajao Estate | D73: 08033040722 | E73: GDP | F73: 45083 | G73: Low-Risk (A) | H73: 29/12/24 | I73: NO | J73: CAPA to be Submited | K73: =IF(I73="YES","CAPA VERIFICATION SHOULD BE SCHEDULED",IF(I73="NO","REMINDER LETTER SHOULD BE SENT","")) -> REMINDER LETTER SHOULD BE SENT | L73: 45261 | M73: https://nafdacng.sharepoint.com/sites/PMSLAGOS/Shared Documents/GDP (GOOD DISTRIBUTION PRATICE)/GSDP COMPANY FILES\GLACK PHARMECEUTICALS LTD | N73: https://nafdacng.sharepoint.com/sites/PMSLAGOS/Shared Documents/GSDP (GOOD STORAGE AND DISTRIBUTION PRACTICE)/GSDP COMPANY FILES\GLACK PHARMECEUTICALS LTD | O73: =IF(M73="","",HYPERLINK(M73,B73)) -> GLACK PHARMACEUTICALS LTD.
A74: 72 | B74: DRUG FIELD PHARMACEUTICALS | C74: 13, Adeogun Street, Abule- egba, Lagos | D74: 08033594790 | E74: GDP | F74: 27/06/2023 | G74: Mediu m-Risk (B) | H74: N/A | I74: N/A | J74: CAPA Submited | K74: COMPLIANCE WAS NOT ISSUED | L74: 45444 | M74: https://nafdacng.sharepoint.com/sites/PMSLAGOS/Shared Documents/GDP (GOOD DISTRIBUTION PRATICE)/GSDP COMPANY FILES\DRUG FIELD | N74: https://nafdacng.sharepoint.com/sites/PMSLAGOS/Shared Documents/GSDP (GOOD STORAGE AND DISTRIBUTION PRACTICE)/GSDP COMPANY FILES\DRUG FIELD | O74: =IF(M74="","",HYPERLINK(M74,B74)) -> DRUG FIELD PHARMACEUTICALS
A75: 73 | B75: DIVINE LIFT PHARMACEUTICALS | C75: 107, Ipaja Rd, Agege, Lagos. | D75: 07036950165 | E75: GDP | F75: 27/06/2023 | G75: Medium-Risk (B) | H75: 45160 | I75: NO | J75: CAPA to be Submited | K75: =IF(I75="YES","CAPA VERIFICATION SHOULD BE SCHEDULED",IF(I75="NO","REMINDER LETTER SHOULD BE SENT","")) -> REMINDER LETTER SHOULD BE SENT | L75: 45444 | M75: https://nafdacng.sharepoint.com/sites/PMSLAGOS/Shared Documents/GDP (GOOD DISTRIBUTION PRATICE)/GSDP COMPANY FILES\DIVINE LIFT PHARMACY | N75: https://nafdacng.sharepoint.com/sites/PMSLAGOS/Shared Documents/GSDP (GOOD STORAGE AND DISTRIBUTION PRACTICE)/GSDP COMPANY FILES\DIVINE LIFT PHARMACY | O75: =IF(M75="","",HYPERLINK(M75,B75)) -> DIVINE LIFT PHARMACEUTICALS
A76: 74 | B76: CHEV PHARMACEUTICALS | C76: 13, Adeyemi street, Oshodi, Lagos | D76: 08151488040 | E76: GDP | F76: 31/05/2023 | G76: Medium-Risk (B) | I76: YES | J76: CAPA to be Submited | K76: =IF(I76="YES","CAPA VERIFICATION SHOULD BE SCHEDULED",IF(I76="NO","REMINDER LETTER SHOULD BE SENT","")) -> CAPA VERIFICATION SHOULD BE SCHEDULED | L76: 45444 | M76: https://nafdacng.sharepoint.com/sites/PMSLAGOS/Shared Documents/GDP (GOOD DISTRIBUTION PRATICE)/GSDP COMPANY FILES\CHEV PHARMACEUTICALS LTD | N76: https://nafdacng.sharepoint.com/sites/PMSLAGOS/Shared Documents/GSDP (GOOD STORAGE AND DISTRIBUTION PRACTICE)/GSDP COMPANY FILES\CHEV PHARMACEUTICALS LTD | O76: =IF(M76="","",HYPERLINK(M76,B76)) -> CHEV PHARMACEUTICALS
A77: 75 | B77: A.N. CHIDOZIE PHARMACEUTICALS | C77: 1a, Ajelogo road, Mile 12, Lagos. | D77: 0813882640 | E77: GDP | F77: 44932 | G77: Medium-Risk (B) | H77: 23/6/23 | I77: NO | J77: CAPA to be Submited | K77: =IF(I77="YES","CAPA VERIFICATION SHOULD BE SCHEDULED",IF(I77="NO","REMINDER LETTER SHOULD BE SENT","")) -> REMINDER LETTER SHOULD BE SENT | L77: 45444 | M77: https://nafdacng.sharepoint.com/sites/PMSLAGOS/Shared Documents/GDP (GOOD DISTRIBUTION PRATICE)/GSDP COMPANY FILES\A.N CHIDOZIE PHARMACEUTICAL LTD | N77: https://nafdacng.sharepoint.com/sites/PMSLAGOS/Shared Documents/GSDP (GOOD STORAGE AND DISTRIBUTION PRACTICE)/GSDP COMPANY FILES\A.N CHIDOZIE PHARMACEUTICAL LTD | O77: =IF(M77="","",HYPERLINK(M77,B77)) -> A.N. CHIDOZIE PHARMACEUTICALS
A78: 76 | B78: OBITEX DIVINE PHARMACEUTICALS | C78: 1a Ajelogo Road Mile 12 Lagos | D78: 08146376060 | E78: GDP | F78: 44932 | G78: Mediu m-Risk (B) | H78: 23/6/23 | I78: NO | J78: CAPA to be Submited | K78: =IF(I78="YES","CAPA VERIFICATION SHOULD BE SCHEDULED",IF(I78="NO","REMINDER LETTER SHOULD BE SENT","")) -> REMINDER LETTER SHOULD BE SENT | L78: 45444 | M78: https://nafdacng.sharepoint.com/sites/PMSLAGOS/Shared Documents/GDP (GOOD DISTRIBUTION PRATICE)/GSDP COMPANY FILES\OBITEX DIVINE PHARMACEUTICALS | N78: https://nafdacng.sharepoint.com/sites/PMSLAGOS/Shared Documents/GSDP (GOOD STORAGE AND DISTRIBUTION PRACTICE)/GSDP COMPANY FILES\OBITEX DIVINE PHARMACEUTICALS | O78: =IF(M78="","",HYPERLINK(M78,B78)) -> OBITEX DIVINE PHARMACEUTICALS
A79: 77 | B79: DRUG AMBASSADOR PHARM LTD. | C79: Block E, Shop 9 & 10,Prowa Complex Dillion Street Kirikiri Lagos State | D79: 09128428211 | E79: GDP | F79: 45144 | G79: Mediu m-Risk (B) | H79: 14/6/23 | I79: NO | J79: CAPA to be Submited | K79: =IF(I79="YES","CAPA VERIFICATION SHOULD BE SCHEDULED",IF(I79="NO","REMINDER LETTER SHOULD BE SENT","")) -> REMINDER LETTER SHOULD BE SENT | L79: 45444 | M79: https://nafdacng.sharepoint.com/sites/PMSLAGOS/Shared Documents/GDP (GOOD DISTRIBUTION PRATICE)/GSDP COMPANY FILES\DRUG AMBASADOR PHARM | N79: https://nafdacng.sharepoint.com/sites/PMSLAGOS/Shared Documents/GSDP (GOOD STORAGE AND DISTRIBUTION PRACTICE)/GSDP COMPANY FILES\DRUG AMBASADOR PHARM | O79: =IF(M79="","",HYPERLINK(M79,B79)) -> DRUG AMBASSADOR PHARM LTD.
A80: 78 | B80: BLESSED NOEDYKE PHARM. CO | C80: 21,fadu Avenue, Ejigbo, Lagos | D80: 08034060316 | E80: GDP | F80: 45114 | G80: Medium-Risk (B) | H80: 23/1/2023 | I80: NO | J80: CAPA to be Submited | K80: =IF(I80="YES","CAPA VERIFICATION SHOULD BE SCHEDULED",IF(I80="NO","REMINDER LETTER SHOULD BE SENT","")) -> REMINDER LETTER SHOULD BE SENT | L80: 45474 | M80: https://nafdacng.sharepoint.com/sites/PMSLAGOS/Shared Documents/GDP (GOOD DISTRIBUTION PRATICE)/GSDP COMPANY FILES\BLESSED NEODYKE PHARM CO | N80: https://nafdacng.sharepoint.com/sites/PMSLAGOS/Shared Documents/GSDP (GOOD STORAGE AND DISTRIBUTION PRACTICE)/GSDP COMPANY FILES\BLESSED NEODYKE PHARM CO | O80: =IF(M80="","",HYPERLINK(M80,B80)) -> BLESSED NOEDYKE PHARM. CO
A81: 79 | B81: ELBE PHARMA.NIG.LTD | C81: 1A African Church Close,Off Coker Road, Ilupej,Lagos State | D81: 07031971331 | E81: GDP | F81: 21/07/2023 | G81: Medium-Risk (B) | H81: 44934 | I81: YES | J81: CAPA Submited | K81: =IF(I81="YES","CAPA VERIFICATION SHOULD BE SCHEDULED",IF(I81="NO","REMINDER LETTER SHOULD BE SENT","")) -> CAPA VERIFICATION SHOULD BE SCHEDULED | L81: DONE | M81: https://nafdacng.sharepoint.com/sites/PMSLAGOS/Shared Documents/GDP (GOOD DISTRIBUTION PRATICE)/GSDP COMPANY FILES\ELBE PHARMA. NIG LTD | N81: https://nafdacng.sharepoint.com/sites/PMSLAGOS/Shared Documents/GSDP (GOOD STORAGE AND DISTRIBUTION PRACTICE)/GSDP COMPANY FILES\ELBE PHARMA. NIG LTD | O81: =IF(M81="","",HYPERLINK(M81,B81)) -> ELBE PHARMA.NIG.LTD
A82: 80 | B82: GREENLIFE PHARMA | C82: 3 Nasfat Close,Off Isolo Way, Ajao Estate, Lagos State | D82: 08033431338 | E82: GDP | F82: 22/07/2023 | G82: Low-Risk (A) | H82: 16/01/24 | I82: YES | J82: CAPA Submited | K82: =IF(I82="YES","CAPA VERIFICATION SHOULD BE SCHEDULED",IF(I82="NO","REMINDER LETTER SHOULD BE SENT","")) -> CAPA VERIFICATION SHOULD BE SCHEDULED | L82: DONE | M82: https://nafdacng.sharepoint.com/sites/PMSLAGOS/Shared Documents/GDP (GOOD DISTRIBUTION PRATICE)/GSDP COMPANY FILES\GREENLIFE PHARM. LTD | N82: https://nafdacng.sharepoint.com/sites/PMSLAGOS/Shared Documents/GSDP (GOOD STORAGE AND DISTRIBUTION PRACTICE)/GSDP COMPANY FILES\GREENLIFE PHARM. LTD | O82: =IF(M82="","",HYPERLINK(M82,B82)) -> GREENLIFE PHARMA
A83: 81 | B83: EMBASSY PHARM | C83: 41,Ademola Street,Off Obafemi Awolowo Road,Ikoyi,Lagos state | D83: 08033276868 | E83: GDP | F83: 19/07/2023 | G83: Mediu m-Risk (B) | H83: 44934 | I83: NO | J83: CAPA Submited | K83: =IF(I83="YES","CAPA VERIFICATION SHOULD BE SCHEDULED",IF(I83="NO","REMINDER LETTER SHOULD BE SENT","")) -> REMINDER LETTER SHOULD BE SENT | L83: 45292 | M83: https://nafdacng.sharepoint.com/sites/PMSLAGOS/Shared Documents/GDP (GOOD DISTRIBUTION PRATICE)/GSDP COMPANY FILES\EMBASSY PHARM | N83: https://nafdacng.sharepoint.com/sites/PMSLAGOS/Shared Documents/GSDP (GOOD STORAGE AND DISTRIBUTION PRACTICE)/GSDP COMPANY FILES\EMBASSY PHARM | O83: =IF(M83="","",HYPERLINK(M83,B83)) -> EMBASSY PHARM
A84: 82 | B84: TEKA PHARMACEUTICALS | C84: 6,Morgan Estate,Phase 2 Ojuodu,Ikeja,Lagos State | D84: 07030814453 | E84: GDP | F84: 19/07/2023 | G84: Medium-Risk (B) | H84: 44934 | I84: YES | J84: CAPA Submited | K84: =IF(I84="YES","CAPA VERIFICATION SHOULD BE SCHEDULED",IF(I84="NO","REMINDER LETTER SHOULD BE SENT","")) -> CAPA VERIFICATION SHOULD BE SCHEDULED | L84: DONE | M84: https://nafdacng.sharepoint.com/sites/PMSLAGOS/Shared Documents/GDP (GOOD DISTRIBUTION PRATICE)/GSDP COMPANY FILES\TEKA PHARM | N84: https://nafdacng.sharepoint.com/sites/PMSLAGOS/Shared Documents/GSDP (GOOD STORAGE AND DISTRIBUTION PRACTICE)/GSDP COMPANY FILES\TEKA PHARM | O84: =IF(M84="","",HYPERLINK(M84,B84)) -> TEKA PHARMACEUTICALS
A85: 83 | B85: CLARION HEALTHCARE | C85: 23,Afolabi Lesi Street,Ilupeju,Lagos State | D85: 08022902392 | E85: GDP | F85: 31/07/2023 | G85: Low-Risk (A) | H85: 27/07/23 | I85: YES | J85: CAPA Submited | K85: =IF(I85="YES","CAPA VERIFICATION SHOULD BE SCHEDULED",IF(I85="NO","REMINDER LETTER SHOULD BE SENT","")) -> CAPA VERIFICATION SHOULD BE SCHEDULED | L85: 45292 | M85: https://nafdacng.sharepoint.com/sites/PMSLAGOS/Shared Documents/GDP (GOOD DISTRIBUTION PRATICE)/GSDP COMPANY FILES\CLARION HEALTHCARE | N85: https://nafdacng.sharepoint.com/sites/PMSLAGOS/Shared Documents/GSDP (GOOD STORAGE AND DISTRIBUTION PRACTICE)/GSDP COMPANY FILES\CLARION HEALTHCARE | O85: =IF(M85="","",HYPERLINK(M85,B85)) -> CLARION HEALTHCARE
A86: 84 | B86: HUGO DRUGS LIMITED | C86: 62,Falolu Road,Surulere,Lagos | D86: 07065593663 | E86: GDP | F86: 21/07/2023 | G86: Medium-Risk (B) | H86: 27/03/23 | I86: YES | J86: CAPA Submited | K86: =IF(I86="YES","CAPA VERIFICATION SHOULD BE SCHEDULED",IF(I86="NO","REMINDER LETTER SHOULD BE SENT","")) -> CAPA VERIFICATION SHOULD BE SCHEDULED | L86: 45474 | M86: https://nafdacng.sharepoint.com/sites/PMSLAGOS/Shared Documents/GDP (GOOD DISTRIBUTION PRATICE)/GSDP COMPANY FILES\HUGO DRUGS LIMITED | N86: https://nafdacng.sharepoint.com/sites/PMSLAGOS/Shared Documents/GSDP (GOOD STORAGE AND DISTRIBUTION PRACTICE)/GSDP COMPANY FILES\HUGO DRUGS LIMITED | O86: =IF(M86="","",HYPERLINK(M86,B86)) -> HUGO DRUGS LIMITED
A87: 85 | B87: MARK PHARMACEUTICALS | C87: 21,Moronui Cresent,Off Adelabu Road Surulere,Lagos,State | D87: 08067785840 | E87: GDP | F87: 20/07/2023 | G87: Medium-Risk (B) | H87: 44934 | I87: YES | J87: CAPA to be Submited | K87: =IF(I87="YES","CAPA VERIFICATION SHOULD BE SCHEDULED",IF(I87="NO","REMINDER LETTER SHOULD BE SENT","")) -> CAPA VERIFICATION SHOULD BE SCHEDULED | L87: 45474 | M87: https://nafdacng.sharepoint.com/sites/PMSLAGOS/Shared Documents/GDP (GOOD DISTRIBUTION PRATICE)/GSDP COMPANY FILES\MARK PHARMACEUTICALS | N87: https://nafdacng.sharepoint.com/sites/PMSLAGOS/Shared Documents/GSDP (GOOD STORAGE AND DISTRIBUTION PRACTICE)/GSDP COMPANY FILES\MARK PHARMACEUTICALS | O87: =IF(M87="","",HYPERLINK(M87,B87)) -> MARK PHARMACEUTICALS
A88: 86 | B88: DERM PHARMACEUTICALS | C88: 19,Alhaji Salami Street,Aguda,Surulere,Lagos,State | D88: 08039532253 | E88: GDP | F88: 20/07/2023 | G88: Low-Risk (A) | H88: N/A | I88: N/A | J88: CAPA CLOSED | K88: =IF(I88="YES","CAPA VERIFICATION SHOULD BE SCHEDULED",IF(I88="NO","REMINDER LETTER SHOULD BE SENT","")) | L88: 45839 | M88: https://nafdacng.sharepoint.com/sites/PMSLAGOS/Shared Documents/GDP (GOOD DISTRIBUTION PRATICE)/GSDP COMPANY FILES\DERM PHARMACEUTICALS | N88: https://nafdacng.sharepoint.com/sites/PMSLAGOS/Shared Documents/GSDP (GOOD STORAGE AND DISTRIBUTION PRACTICE)/GSDP COMPANY FILES\DERM PHARMACEUTICALS | O88: =IF(M88="","",HYPERLINK(M88,B88)) -> DERM PHARMACEUTICALS
A89: 87 | B89: SAGAR VITACEUTICALS | C89: Plot 2,Ladipoe Oluwole Street,Off Oba Akran Avenue,Ikeja,Lagos State. | D89: 08023692457 | E89: GDP | F89: 19/07/2023 | G89: High-Risk (C) | H89: 44934 | I89: YES | J89: CAPA Submited | K89: =IF(I89="YES","CAPA VERIFICATION SHOULD BE SCHEDULED",IF(I89="NO","REMINDER LETTER SHOULD BE SENT","")) -> CAPA VERIFICATION SHOULD BE SCHEDULED | L89: DONE | M89: https://nafdacng.sharepoint.com/sites/PMSLAGOS/Shared Documents/GDP (GOOD DISTRIBUTION PRATICE)/GSDP COMPANY FILES\SAGAR VITACEAUTICALS NIG LTD | N89: https://nafdacng.sharepoint.com/sites/PMSLAGOS/Shared Documents/GSDP (GOOD STORAGE AND DISTRIBUTION PRACTICE)/GSDP COMPANY FILES\SAGAR VITACEAUTICALS NIG LTD | O89: =IF(M89="","",HYPERLINK(M89,B89)) -> SAGAR VITACEUTICALS
A90: 88 | B90: VINCO PHARMACEUTICAL | C90: 48,Dupe Otegbola Street Opp,Navy Barracks Sattelite Town,Lagos State | D90: 08023534907 | E90: GDP | F90: 21/07/2023 | G90: Low-Risk (A) | H90: 44934 | I90: YES | J90: CAPA Submited | K90: CAPA VERIFICATION SHOULD BE SCHEDULED | L90: DONE | M90: https://nafdacng.sharepoint.com/sites/PMSLAGOS/Shared Documents/GDP (GOOD DISTRIBUTION PRATICE)/GSDP COMPANY FILES\VINCO PHARM | N90: https://nafdacng.sharepoint.com/sites/PMSLAGOS/Shared Documents/GSDP (GOOD STORAGE AND DISTRIBUTION PRACTICE)/GSDP COMPANY FILES\VINCO PHARM | O90: =IF(M90="","",HYPERLINK(M90,B90)) -> VINCO PHARMACEUTICAL
A91: 89 | B91: ONIFAM LABORATORIES LTD. | C91: 836,Lagos_Abeokuta Express Way,Lagos State | D91: 08036550174 | E91: GDP | F91: 21/07/2023 | G91: Medium-Risk (B) | H91: 44934 | I91: NO | J91: CAPA to be Submited | K91: =IF(I91="YES","CAPA VERIFICATION SHOULD BE SCHEDULED",IF(I91="NO","REMINDER LETTER SHOULD BE SENT","")) -> REMINDER LETTER SHOULD BE SENT | L91: 45474 | M91: https://nafdacng.sharepoint.com/sites/PMSLAGOS/Shared Documents/GDP (GOOD DISTRIBUTION PRATICE)/GSDP COMPANY FILES\ONIFAM LABORATORIES LTD | N91: https://nafdacng.sharepoint.com/sites/PMSLAGOS/Shared Documents/GSDP (GOOD STORAGE AND DISTRIBUTION PRACTICE)/GSDP COMPANY FILES\ONIFAM LABORATORIES LTD | O91: =IF(M91="","",HYPERLINK(M91,B91)) -> ONIFAM LABORATORIES LTD.
A92: 90 | B92: AGARY PHARMACEUTICALS | C92: Plot 39C ,Amuwo Odofin Cmm Scheme,Lagos State. | D92: 07064686455 | E92: GDP | F92: 21/08/2023 | G92: Medium-Risk (B) | H92: 44934 | I92: NO | J92: CAPA to be Submited | K92: =IF(I92="YES","CAPA VERIFICATION SHOULD BE SCHEDULED",IF(I92="NO","REMINDER LETTER SHOULD BE SENT","")) -> REMINDER LETTER SHOULD BE SENT | L92: 45505 | M92: https://nafdacng.sharepoint.com/sites/PMSLAGOS/Shared Documents/GDP (GOOD DISTRIBUTION PRATICE)/GSDP COMPANY FILES\AGARY PHARMACEUTICALS LTD | N92: https://nafdacng.sharepoint.com/sites/PMSLAGOS/Shared Documents/GSDP (GOOD STORAGE AND DISTRIBUTION PRACTICE)/GSDP COMPANY FILES\AGARY PHARMACEUTICALS LTD | O92: =IF(M92="","",HYPERLINK(M92,B92)) -> AGARY PHARMACEUTICALS
A93: 91 | B93: SHALINA HEALTHCARE | C93: 3/4, Adewunmi Industrial Estate,Oregun,Ikeja,Lagos State | D93: 08107539933 | E93: GDP | F93: 24/08/2023 | G93: Low-Risk (A) | H93: 44934 | I93: NO | J93: SOP's available | K93: =IF(I93="YES","CAPA VERIFICATION SHOULD BE SCHEDULED",IF(I93="NO","REMINDER LETTER SHOULD BE SENT","")) -> REMINDER LETTER SHOULD BE SENT | L93: 45870 | M93: https://nafdacng.sharepoint.com/sites/PMSLAGOS/Shared Documents/GDP (GOOD DISTRIBUTION PRATICE)/GSDP COMPANY FILES\SHALINA HEALTHCARE LTD | N93: https://nafdacng.sharepoint.com/sites/PMSLAGOS/Shared Documents/GSDP (GOOD STORAGE AND DISTRIBUTION PRACTICE)/GSDP COMPANY FILES\SHALINA HEALTHCARE LTD | O93: =IF(M93="","",HYPERLINK(M93,B93)) -> SHALINA HEALTHCARE
A94: 92 | B94: PINNACLE HEALTH PHARM LTD | C94: 8,Douglas Ezemba Avenue Off Alahaji Agbeke Street By Marcity B/stop,Ago Palace Way,Okota,Lagos. | D94: 08034707350 | E94: GDP | F94: 44934 | G94: Low-Risk (A) | H94: 45884 | I94: YES | J94: CAPA Submited | K94: =IF(I94="YES","CAPA VERIFICATION SHOULD BE SCHEDULED",IF(I94="NO","REMINDER LETTER SHOULD BE SENT","")) -> CAPA VERIFICATION SHOULD BE SCHEDULED | L94: 45870 | O94: =IF(M94="","",HYPERLINK(M94,B94))
A95: 93 | B95: IMMACULATE CARE PHARMACY | C95: 8,Itokin Road, Adamo Junction Ikorodu, lagos state. | D95: 08056132025 | E95: GDP | F95: 45270 | G95: Medium-Risk (B) | H95: 31/10/23 | I95: NO | J95: CAPA to be Submited | K95: =IF(I95="YES","CAPA VERIFICATION SHOULD BE SCHEDULED",IF(I95="NO","REMINDER LETTER SHOULD BE SENT","")) -> REMINDER LETTER SHOULD BE SENT | L95: 45536 | M95: https://nafdacng.sharepoint.com/sites/PMSLAGOS/Shared Documents/GDP (GOOD DISTRIBUTION PRATICE)/GSDP COMPANY FILES\IMMACULATE CARE PHARM | N95: https://nafdacng.sharepoint.com/sites/PMSLAGOS/Shared Documents/GSDP (GOOD STORAGE AND DISTRIBUTION PRACTICE)/GSDP COMPANY FILES\IMMACULATE CARE PHARM | O95: =IF(M95="","",HYPERLINK(M95,B95)) -> IMMACULATE CARE PHARMACY
A96: 94 | B96: COLLIBEX PHARMACY | C96: 1,Gbopa Road, Enu-owa Off Gberigbe Road Ikorodu, Lagos state. | D96: 08033222005 | E96: GDP | F96: 45270 | G96: Low-Risk (A) | H96: 31/10/23 | I96: YES | J96: CAPA Submited | K96: =IF(I96="YES","CAPA VERIFICATION SHOULD BE SCHEDULED",IF(I96="NO","REMINDER LETTER SHOULD BE SENT","")) -> CAPA VERIFICATION SHOULD BE SCHEDULED | L96: 45901 | M96: https://nafdacng.sharepoint.com/sites/PMSLAGOS/Shared Documents/GDP (GOOD DISTRIBUTION PRATICE)/GSDP COMPANY FILES\COLLIBEX PHARM | N96: https://nafdacng.sharepoint.com/sites/PMSLAGOS/Shared Documents/GSDP (GOOD STORAGE AND DISTRIBUTION PRACTICE)/GSDP COMPANY FILES\COLLIBEX PHARM | O96: =IF(M96="","",HYPERLINK(M96,B96)) -> COLLIBEX PHARMACY
A97: 95 | B97: EMMASTEV PHARMACY | C97: 39, Ijede Road, Itamaga Opp. Be Happy Hotel, Ikorodu, Lagos State. | D97: 09122355987 | E97: GDP | F97: 45270 | G97: Medium-Risk (B) | H97: 31/10/23 | I97: NO | J97: CAPA to be Submited | K97: =IF(I97="YES","CAPA VERIFICATION SHOULD BE SCHEDULED",IF(I97="NO","REMINDER LETTER SHOULD BE SENT","")) -> REMINDER LETTER SHOULD BE SENT | L97: 45536 | M97: https://nafdacng.sharepoint.com/sites/PMSLAGOS/Shared Documents/GDP (GOOD DISTRIBUTION PRATICE)/GSDP COMPANY FILES\EMMASTEV PHARM | N97: https://nafdacng.sharepoint.com/sites/PMSLAGOS/Shared Documents/GSDP (GOOD STORAGE AND DISTRIBUTION PRACTICE)/GSDP COMPANY FILES\EMMASTEV PHARM | O97: =IF(M97="","",HYPERLINK(M97,B97)) -> EMMASTEV PHARMACY
A98: 104 | B98: VINCO PHARMACEUTICAL | C98: 48,Dupe Otegbola Street Opp,Navy Barracks Sattelite Town,Lagos State | D98: 08023534907 | E98: CAPA | F98: 17/09/2023 | G98: Low-Risk (A) | H98: n/a | I98: N/A | J98: CAPA Closed | K98: CONTINOUS MONITORING TO ENSURE COMPLIANCE | L98: 45901 | M98: https://nafdacng.sharepoint.com/sites/PMSLAGOS/Shared Documents/GDP (GOOD DISTRIBUTION PRATICE)/GSDP COMPANY FILES\VINCO PHARM | N98: https://nafdacng.sharepoint.com/sites/PMSLAGOS/Shared Documents/GSDP (GOOD STORAGE AND DISTRIBUTION PRACTICE)/GSDP COMPANY FILES\VINCO PHARM | O98: =IF(M98="","",HYPERLINK(M98,B98)) -> VINCO PHARMACEUTICAL
A99: 96 | B99: SKY PHARMACEUTICAL | C99: 11, Olusegun,Ogandana Drive, Magodo Lagos State. | D99: 08029293318 | E99: GDP | F99: 17/10/2023 | G99: Low-Risk (A) | H99: 17/10/23 | I99: YES | J99: CAPA Submited | K99: =IF(I99="YES","CAPA VERIFICATION SHOULD BE SCHEDULED",IF(I99="NO","REMINDER LETTER SHOULD BE SENT","")) -> CAPA VERIFICATION SHOULD BE SCHEDULED | L99: 45901 | M99: https://nafdacng.sharepoint.com/sites/PMSLAGOS/Shared Documents/GDP (GOOD DISTRIBUTION PRATICE)/GSDP COMPANY FILES\SKY PHARM | N99: https://nafdacng.sharepoint.com/sites/PMSLAGOS/Shared Documents/GSDP (GOOD STORAGE AND DISTRIBUTION PRACTICE)/GSDP COMPANY FILES\SKY PHARM | O99: =IF(M99="","",HYPERLINK(M99,B99)) -> SKY PHARMACEUTICAL
A100: 97 | B100: AJAO SAMUEL PHARMACY | C100: 4 Fetuga Street, Ladi-Laki, Bariga, Laagos State. | D100: 08105196955 | E100: GDP | F100: 45209 | G100: Low-Ri sk (A) | H100: 31/10/23 | I100: NO | J100: CAPA to be Submited | K100: =IF(I100="YES","CAPA VERIFICATION SHOULD BE SCHEDULED",IF(I100="NO","REMINDER LETTER SHOULD BE SENT","")) -> REMINDER LETTER SHOULD BE SENT | L100: 45901 | M100: https://nafdacng.sharepoint.com/sites/PMSLAGOS/Shared Documents/GDP (GOOD DISTRIBUTION PRATICE)/GSDP COMPANY FILES\AJAO SAMUEL | N100: https://nafdacng.sharepoint.com/sites/PMSLAGOS/Shared Documents/GSDP (GOOD STORAGE AND DISTRIBUTION PRACTICE)/GSDP COMPANY FILES\AJAO SAMUEL | O100: =IF(M100="","",HYPERLINK(M100,B100)) -> AJAO SAMUEL PHARMACY
A101: 98 | B101: MALVEN MEDICS LIMITED | C101: 4, Ligali Street, Ogudu, Lados State | D101: 08023811157 | E101: GDP | F101: 19/10/2023 | G101: Medium-Risk (B) | H101: 31/10/23 | I101: NO | J101: CAPA Submited | K101: =IF(I101="YES","CAPA VERIFICATION SHOULD BE SCHEDULED",IF(I101="NO","REMINDER LETTER SHOULD BE SENT","")) -> REMINDER LETTER SHOULD BE SENT | L101: 45536 | M101: https://nafdacng.sharepoint.com/sites/PMSLAGOS/Shared Documents/GDP (GOOD DISTRIBUTION PRATICE)/GSDP COMPANY FILES\MALVEN MEDICS LTD | N101: https://nafdacng.sharepoint.com/sites/PMSLAGOS/Shared Documents/GSDP (GOOD STORAGE AND DISTRIBUTION PRACTICE)/GSDP COMPANY FILES\MALVEN MEDICS LTD | O101: =IF(M101="","",HYPERLINK(M101,B101)) -> MALVEN MEDICS LIMITED
A102: 99 | B102: TUM TAY COMPANY LIMITED | C102: 22, Molade Okoya-Thomas Street, Off Adeniyi Jones Avenue, Lagos State. | D102: 08033348405 | E102: GDP | F102: 17/10/2023 | G102: Low-Risk (A) | H102: N/A | I102: N/A | J102: Satisfactory | K102: CONTINOUS MONITORING TO ENSURE COMPLIANCE | L102: 45901 | M102: https://nafdacng.sharepoint.com/sites/PMSLAGOS/Shared Documents/GDP (GOOD DISTRIBUTION PRATICE)/GSDP COMPANY FILES\TUM TAY COMPANY LTD | N102: https://nafdacng.sharepoint.com/sites/PMSLAGOS/Shared Documents/GSDP (GOOD STORAGE AND DISTRIBUTION PRACTICE)/GSDP COMPANY FILES\TUM TAY COMPANY LTD | O102: =IF(M102="","",HYPERLINK(M102,B102)) -> TUM TAY COMPANY LIMITED
A103: 100 | B103: VIBORATH PHARMACY | C103: 4,Vitborah avenue, Awoyaya ibeju-lekki, Lagos state. | D103: 08107539933 | E103: GDP | F103: 16/10/2023 | G103: Low-Risk (A) | H103: N/A | I103: N/A | J103: Satisfactory | K103: CONTINOUS MONITORING TO ENSURE COMPLIANCE | L103: 45901 | M103: https://nafdacng.sharepoint.com/sites/PMSLAGOS/Shared Documents/GDP (GOOD DISTRIBUTION PRATICE)/GSDP COMPANY FILES\VITBORAH PHARMA LTD | N103: https://nafdacng.sharepoint.com/sites/PMSLAGOS/Shared Documents/GSDP (GOOD STORAGE AND DISTRIBUTION PRACTICE)/GSDP COMPANY FILES\VITBORAH PHARMA LTD | O103: =IF(M103="","",HYPERLINK(M103,B103)) -> VIBORATH PHARMACY
A104: 101 | B104: SAM SUNNY PHARMA & STORE LIMITED | C104: 183, Ojo Igbede Road, Alangbadi, Lagos | D104: 08061326919 | E104: GDP | F104: 44937 | G104: Low-Risk (A) | H104: 45210 | I104: NO | J104: CAPA to be Submited | K104: =IF(I104="YES","CAPA VERIFICATION SHOULD BE SCHEDULED",IF(I104="NO","REMINDER LETTER SHOULD BE SENT","")) -> REMINDER LETTER SHOULD BE SENT | L104: 45962 | M104: https://nafdacng.sharepoint.com/sites/PMSLAGOS/Shared Documents/GDP (GOOD DISTRIBUTION PRATICE)/GSDP COMPANY FILES\SAM SUNNY PHARM | N104: https://nafdacng.sharepoint.com/sites/PMSLAGOS/Shared Documents/GSDP (GOOD STORAGE AND DISTRIBUTION PRACTICE)/GSDP COMPANY FILES\SAM SUNNY PHARM | O104: =IF(M104="","",HYPERLINK(M104,B104)) -> SAM SUNNY PHARMA & STORE LIMITED
...

Sheet VISUAL REPRESENTATIONS
B1: GSDP INSPECTIONS | C1: CEVI INSPECTIONS | D1: CAPA SUBMITTED | E1: LOW RISK | F1: MEDIUM RISK | G1: HIGH RISK
A2: JANUARY | B2: =COUNTIFS( 'INSPECTED FACILITIES 2023'!E:E,"GDP", 'INSPECTED FACILITIES 2023'!F:F,">="&DATE(2023,MONTH(DATEVALUE(A2&" 1")),1), 'INSPECTED FACILITIES 2023'!F:F,"<"&EOMONTH(DATE(2023,MONTH(DATEVALUE(A2&" 1")),1),0)+1 ) -> 6 | C2: =COUNTIFS( 'INSPECTED FACILITIES 2023'!E:E,"CAPA", 'INSPECTED FACILITIES 2023'!F:F,">="&DATE(2023,MONTH(DATEVALUE(A2&" 1")),1), 'INSPECTED FACILITIES 2023'!F:F,"<"&EOMONTH(DATE(2023,MONTH(DATEVALUE(A2&" 1")),1),0)+1 ) -> 0 | D2: =COUNTIFS( 'INSPECTED FACILITIES 2023'!I:I,"YES", 'INSPECTED FACILITIES 2023'!F:F,">="&DATE(2023,MONTH(DATEVALUE(A2&" 1")),1), 'INSPECTED FACILITIES 2023'!F:F,"<"&EOMONTH(DATE(2023,MONTH(DATEVALUE(A2&" 1")),1),0)+1 ) -> 2 | E2: =COUNTIFS( 'INSPECTED FACILITIES 2023'!G:G,"Low-Risk (A)", 'INSPECTED FACILITIES 2023'!F:F,">="&DATE(2023,MONTH(DATEVALUE(A2&" 1")),1), 'INSPECTED FACILITIES 2023'!F:F,"<"&EOMONTH(DATE(2023,MONTH(DATEVALUE(A2&" 1")),1),0)+1 ) -> 1 | F2: =COUNTIFS( 'INSPECTED FACILITIES 2023'!G:G,"Medium-Risk (B)", 'INSPECTED FACILITIES 2023'!F:F,">="&DATE(2023,MONTH(DATEVALUE(A2&" 1")),1), 'INSPECTED FACILITIES 2023'!F:F,"<"&EOMONTH(DATE(2023,MONTH(DATEVALUE(A2&" 1")),1),0)+1 ) -> 2 | G2: =COUNTIFS( 'INSPECTED FACILITIES 2023'!G:G,"High-Risk (C)", 'INSPECTED FACILITIES 2023'!F:F,">="&DATE(2023,MONTH(DATEVALUE(A2&" 1")),1), 'INSPECTED FACILITIES 2023'!F:F,"<"&EOMONTH(DATE(2023,MONTH(DATEVALUE(A2&" 1")),1),0)+1 ) -> 0
A3: FEBRUARY | B3: =COUNTIFS( 'INSPECTED FACILITIES 2023'!E:E,"GDP", 'INSPECTED FACILITIES 2023'!F:F,">="&DATE(2023,MONTH(DATEVALUE(A3&" 1")),1), 'INSPECTED FACILITIES 2023'!F:F,"<"&EOMONTH(DATE(2023,MONTH(DATEVALUE(A3&" 1")),1),0)+1 ) -> 8 | C3: =COUNTIFS( 'INSPECTED FACILITIES 2023'!E:E,"CAPA", 'INSPECTED FACILITIES 2023'!F:F,">="&DATE(2023,MONTH(DATEVALUE(A3&" 1")),1), 'INSPECTED FACILITIES 2023'!F:F,"<"&EOMONTH(DATE(2023,MONTH(DATEVALUE(A3&" 1")),1),0)+1 ) -> 0 | D3: =COUNTIFS( 'INSPECTED FACILITIES 2023'!I:I,"YES", 'INSPECTED FACILITIES 2023'!F:F,">="&DATE(2023,MONTH(DATEVALUE(A3&" 1")),1), 'INSPECTED FACILITIES 2023'!F:F,"<"&EOMONTH(DATE(2023,MONTH(DATEVALUE(A3&" 1")),1),0)+1 ) -> 3 | E3: =COUNTIFS( 'INSPECTED FACILITIES 2023'!G:G,"Low-Risk (A)", 'INSPECTED FACILITIES 2023'!F:F,">="&DATE(2023,MONTH(DATEVALUE(A3&" 1")),1), 'INSPECTED FACILITIES 2023'!F:F,"<"&EOMONTH(DATE(2023,MONTH(DATEVALUE(A3&" 1")),1),0)+1 ) -> 4 | F3: =COUNTIFS( 'INSPECTED FACILITIES 2023'!G:G,"Medium-Risk (B)", 'INSPECTED FACILITIES 2023'!F:F,">="&DATE(2023,MONTH(DATEVALUE(A3&" 1")),1), 'INSPECTED FACILITIES 2023'!F:F,"<"&EOMONTH(DATE(2023,MONTH(DATEVALUE(A3&" 1")),1),0)+1 ) -> 2 | G3: =COUNTIFS( 'INSPECTED FACILITIES 2023'!G:G,"High-Risk (C)", 'INSPECTED FACILITIES 2023'!F:F,">="&DATE(2023,MONTH(DATEVALUE(A3&" 1")),1), 'INSPECTED FACILITIES 2023'!F:F,"<"&EOMONTH(DATE(2023,MONTH(DATEVALUE(A3&" 1")),1),0)+1 ) -> 2
A4: MARCH | B4: =COUNTIFS( 'INSPECTED FACILITIES 2023'!E:E,"GDP", 'INSPECTED FACILITIES 2023'!F:F,">="&DATE(2023,MONTH(DATEVALUE(A4&" 1")),1), 'INSPECTED FACILITIES 2023'!F:F,"<"&EOMONTH(DATE(2023,MONTH(DATEVALUE(A4&" 1")),1),0)+1 ) -> 4 | C4: =COUNTIFS( 'INSPECTED FACILITIES 2023'!E:E,"CAPA", 'INSPECTED FACILITIES 2023'!F:F,">="&DATE(2023,MONTH(DATEVALUE(A4&" 1")),1), 'INSPECTED FACILITIES 2023'!F:F,"<"&EOMONTH(DATE(2023,MONTH(DATEVALUE(A4&" 1")),1),0)+1 ) -> 0 | D4: =COUNTIFS( 'INSPECTED FACILITIES 2023'!I:I,"YES", 'INSPECTED FACILITIES 2023'!F:F,">="&DATE(2023,MONTH(DATEVALUE(A4&" 1")),1), 'INSPECTED FACILITIES 2023'!F:F,"<"&EOMONTH(DATE(2023,MONTH(DATEVALUE(A4&" 1")),1),0)+1 ) -> 0 | E4: =COUNTIFS( 'INSPECTED FACILITIES 2023'!G:G,"Low-Risk (A)", 'INSPECTED FACILITIES 2023'!F:F,">="&DATE(2023,MONTH(DATEVALUE(A4&" 1")),1), 'INSPECTED FACILITIES 2023'!F:F,"<"&EOMONTH(DATE(2023,MONTH(DATEVALUE(A4&" 1")),1),0)+1 ) -> 1 | F4: =COUNTIFS( 'INSPECTED FACILITIES 2023'!G:G,"Medium-Risk (B)", 'INSPECTED FACILITIES 2023'!F:F,">="&DATE(2023,MONTH(DATEVALUE(A4&" 1")),1), 'INSPECTED FACILITIES 2023'!F:F,"<"&EOMONTH(DATE(2023,MONTH(DATEVALUE(A4&" 1")),1),0)+1 ) -> 1 | G4: =COUNTIFS( 'INSPECTED FACILITIES 2023'!G:G,"High-Risk (C)", 'INSPECTED FACILITIES 2023'!F:F,">="&DATE(2023,MONTH(DATEVALUE(A4&" 1")),1), 'INSPECTED FACILITIES 2023'!F:F,"<"&EOMONTH(DATE(2023,MONTH(DATEVALUE(A4&" 1")),1),0)+1 ) -> 2
A5: APRIL | B5: =COUNTIFS( 'INSPECTED FACILITIES 2023'!E:E,"GDP", 'INSPECTED FACILITIES 2023'!F:F,">="&DATE(2023,MONTH(DATEVALUE(A5&" 1")),1), 'INSPECTED FACILITIES 2023'!F:F,"<"&EOMONTH(DATE(2023,MONTH(DATEVALUE(A5&" 1")),1),0)+1 ) -> 3 | C5: =COUNTIFS( 'INSPECTED FACILITIES 2023'!E:E,"CAPA", 'INSPECTED FACILITIES 2023'!F:F,">="&DATE(2023,MONTH(DATEVALUE(A5&" 1")),1), 'INSPECTED FACILITIES 2023'!F:F,"<"&EOMONTH(DATE(2023,MONTH(DATEVALUE(A5&" 1")),1),0)+1 ) -> 0 | D5: =COUNTIFS( 'INSPECTED FACILITIES 2023'!I:I,"YES", 'INSPECTED FACILITIES 2023'!F:F,">="&DATE(2023,MONTH(DATEVALUE(A5&" 1")),1), 'INSPECTED FACILITIES 2023'!F:F,"<"&EOMONTH(DATE(2023,MONTH(DATEVALUE(A5&" 1")),1),0)+1 ) -> 1 | E5: =COUNTIFS( 'INSPECTED FACILITIES 2023'!G:G,"Low-Risk (A)", 'INSPECTED FACILITIES 2023'!F:F,">="&DATE(2023,MONTH(DATEVALUE(A5&" 1")),1), 'INSPECTED FACILITIES 2023'!F:F,"<"&EOMONTH(DATE(2023,MONTH(DATEVALUE(A5&" 1")),1),0)+1 ) -> 0 | F5: =COUNTIFS( 'INSPECTED FACILITIES 2023'!G:G,"Medium-Risk (B)", 'INSPECTED FACILITIES 2023'!F:F,">="&DATE(2023,MONTH(DATEVALUE(A5&" 1")),1), 'INSPECTED FACILITIES 2023'!F:F,"<"&EOMONTH(DATE(2023,MONTH(DATEVALUE(A5&" 1")),1),0)+1 ) -> 2 | G5: =COUNTIFS( 'INSPECTED FACILITIES 2023'!G:G,"High-Risk (C)", 'INSPECTED FACILITIES 2023'!F:F,">="&DATE(2023,MONTH(DATEVALUE(A5&" 1")),1), 'INSPECTED FACILITIES 2023'!F:F,"<"&EOMONTH(DATE(2023,MONTH(DATEVALUE(A5&" 1")),1),0)+1 ) -> 0
A6: MAY | B6: =COUNTIFS( 'INSPECTED FACILITIES 2023'!E:E,"GDP", 'INSPECTED FACILITIES 2023'!F:F,">="&DATE(2023,MONTH(DATEVALUE(A6&" 1")),1), 'INSPECTED FACILITIES 2023'!F:F,"<"&EOMONTH(DATE(2023,MONTH(DATEVALUE(A6&" 1")),1),0)+1 ) -> 11 | C6: =COUNTIFS( 'INSPECTED FACILITIES 2023'!E:E,"CAPA", 'INSPECTED FACILITIES 2023'!F:F,">="&DATE(2023,MONTH(DATEVALUE(A6&" 1")),1), 'INSPECTED FACILITIES 2023'!F:F,"<"&EOMONTH(DATE(2023,MONTH(DATEVALUE(A6&" 1")),1),0)+1 ) -> 0 | D6: =COUNTIFS( 'INSPECTED FACILITIES 2023'!I:I,"YES", 'INSPECTED FACILITIES 2023'!F:F,">="&DATE(2023,MONTH(DATEVALUE(A6&" 1")),1), 'INSPECTED FACILITIES 2023'!F:F,"<"&EOMONTH(DATE(2023,MONTH(DATEVALUE(A6&" 1")),1),0)+1 ) -> 1 | E6: =COUNTIFS( 'INSPECTED FACILITIES 2023'!G:G,"Low-Risk (A)", 'INSPECTED FACILITIES 2023'!F:F,">="&DATE(2023,MONTH(DATEVALUE(A6&" 1")),1), 'INSPECTED FACILITIES 2023'!F:F,"<"&EOMONTH(DATE(2023,MONTH(DATEVALUE(A6&" 1")),1),0)+1 ) -> 0 | F6: =COUNTIFS( 'INSPECTED FACILITIES 2023'!G:G,"Medium-Risk (B)", 'INSPECTED FACILITIES 2023'!F:F,">="&DATE(2023,MONTH(DATEVALUE(A6&" 1")),1), 'INSPECTED FACILITIES 2023'!F:F,"<"&EOMONTH(DATE(2023,MONTH(DATEVALUE(A6&" 1")),1),0)+1 ) -> 5 | G6: =COUNTIFS( 'INSPECTED FACILITIES 2023'!G:G,"High-Risk (C)", 'INSPECTED FACILITIES 2023'!F:F,">="&DATE(2023,MONTH(DATEVALUE(A6&" 1")),1), 'INSPECTED FACILITIES 2023'!F:F,"<"&EOMONTH(DATE(2023,MONTH(DATEVALUE(A6&" 1")),1),0)+1 ) -> 5
A7: JUNE | B7: =COUNTIFS( 'INSPECTED FACILITIES 2023'!E:E,"GDP", 'INSPECTED FACILITIES 2023'!F:F,">="&DATE(2023,MONTH(DATEVALUE(A7&" 1")),1), 'INSPECTED FACILITIES 2023'!F:F,"<"&EOMONTH(DATE(2023,MONTH(DATEVALUE(A7&" 1")),1),0)+1 ) -> 1 | C7: =COUNTIFS( 'INSPECTED FACILITIES 2023'!E:E,"CAPA", 'INSPECTED FACILITIES 2023'!F:F,">="&DATE(2023,MONTH(DATEVALUE(A7&" 1")),1), 'INSPECTED FACILITIES 2023'!F:F,"<"&EOMONTH(DATE(2023,MONTH(DATEVALUE(A7&" 1")),1),0)+1 ) -> 0 | D7: =COUNTIFS( 'INSPECTED FACILITIES 2023'!I:I,"YES", 'INSPECTED FACILITIES 2023'!F:F,">="&DATE(2023,MONTH(DATEVALUE(A7&" 1")),1), 'INSPECTED FACILITIES 2023'!F:F,"<"&EOMONTH(DATE(2023,MONTH(DATEVALUE(A7&" 1")),1),0)+1 ) -> 0 | E7: =COUNTIFS( 'INSPECTED FACILITIES 2023'!G:G,"Low-Risk (A)", 'INSPECTED FACILITIES 2023'!F:F,">="&DATE(2023,MONTH(DATEVALUE(A7&" 1")),1), 'INSPECTED FACILITIES 2023'!F:F,"<"&EOMONTH(DATE(2023,MONTH(DATEVALUE(A7&" 1")),1),0)+1 ) -> 1 | F7: =COUNTIFS( 'INSPECTED FACILITIES 2023'!G:G,"Medium-Risk (B)", 'INSPECTED FACILITIES 2023'!F:F,">="&DATE(2023,MONTH(DATEVALUE(A7&" 1")),1), 'INSPECTED FACILITIES 2023'!F:F,"<"&EOMONTH(DATE(2023,MONTH(DATEVALUE(A7&" 1")),1),0)+1 ) -> 0 | G7: =COUNTIFS( 'INSPECTED FACILITIES 2023'!G:G,"High-Risk (C)", 'INSPECTED FACILITIES 2023'!F:F,">="&DATE(2023,MONTH(DATEVALUE(A7&" 1")),1), 'INSPECTED FACILITIES 2023'!F:F,"<"&EOMONTH(DATE(2023,MONTH(DATEVALUE(A7&" 1")),1),0)+1 ) -> 0
A8: JULY | B8: =COUNTIFS( 'INSPECTED FACILITIES 2023'!E:E,"GDP", 'INSPECTED FACILITIES 2023'!F:F,">="&DATE(2023,MONTH(DATEVALUE(A8&" 1")),1), 'INSPECTED FACILITIES 2023'!F:F,"<"&EOMONTH(DATE(2023,MONTH(DATEVALUE(A8&" 1")),1),0)+1 ) -> 3 | C8: =COUNTIFS( 'INSPECTED FACILITIES 2023'!E:E,"CAPA", 'INSPECTED FACILITIES 2023'!F:F,">="&DATE(2023,MONTH(DATEVALUE(A8&" 1")),1), 'INSPECTED FACILITIES 2023'!F:F,"<"&EOMONTH(DATE(2023,MONTH(DATEVALUE(A8&" 1")),1),0)+1 ) -> 0 | D8: =COUNTIFS( 'INSPECTED FACILITIES 2023'!I:I,"YES", 'INSPECTED FACILITIES 2023'!F:F,">="&DATE(2023,MONTH(DATEVALUE(A8&" 1")),1), 'INSPECTED FACILITIES 2023'!F:F,"<"&EOMONTH(DATE(2023,MONTH(DATEVALUE(A8&" 1")),1),0)+1 ) -> 0 | E8: =COUNTIFS( 'INSPECTED FACILITIES 2023'!G:G,"Low-Risk (A)", 'INSPECTED FACILITIES 2023'!F:F,">="&DATE(2023,MONTH(DATEVALUE(A8&" 1")),1), 'INSPECTED FACILITIES 2023'!F:F,"<"&EOMONTH(DATE(2023,MONTH(DATEVALUE(A8&" 1")),1),0)+1 ) -> 0 | F8: =COUNTIFS( 'INSPECTED FACILITIES 2023'!G:G,"Medium-Risk (B)", 'INSPECTED FACILITIES 2023'!F:F,">="&DATE(2023,MONTH(DATEVALUE(A8&" 1")),1), 'INSPECTED FACILITIES 2023'!F:F,"<"&EOMONTH(DATE(2023,MONTH(DATEVALUE(A8&" 1")),1),0)+1 ) -> 1 | G8: =COUNTIFS( 'INSPECTED FACILITIES 2023'!G:G,"High-Risk (C)", 'INSPECTED FACILITIES 2023'!F:F,">="&DATE(2023,MONTH(DATEVALUE(A8&" 1")),1), 'INSPECTED FACILITIES 2023'!F:F,"<"&EOMONTH(DATE(2023,MONTH(DATEVALUE(A8&" 1")),1),0)+1 ) -> 2
A9: AUGUST | B9: =COUNTIFS( 'INSPECTED FACILITIES 2023'!E:E,"GDP", 'INSPECTED FACILITIES 2023'!F:F,">="&DATE(2023,MONTH(DATEVALUE(A9&" 1")),1), 'INSPECTED FACILITIES 2023'!F:F,"<"&EOMONTH(DATE(2023,MONTH(DATEVALUE(A9&" 1")),1),0)+1 ) -> 3 | C9: =COUNTIFS( 'INSPECTED FACILITIES 2023'!E:E,"CAPA", 'INSPECTED FACILITIES 2023'!F:F,">="&DATE(2023,MONTH(DATEVALUE(A9&" 1")),1), 'INSPECTED FACILITIES 2023'!F:F,"<"&EOMONTH(DATE(2023,MONTH(DATEVALUE(A9&" 1")),1),0)+1 ) -> 0 | D9: =COUNTIFS( 'INSPECTED FACILITIES 2023'!I:I,"YES", 'INSPECTED FACILITIES 2023'!F:F,">="&DATE(2023,MONTH(DATEVALUE(A9&" 1")),1), 'INSPECTED FACILITIES 2023'!F:F,"<"&EOMONTH(DATE(2023,MONTH(DATEVALUE(A9&" 1")),1),0)+1 ) -> 1 | E9: =COUNTIFS( 'INSPECTED FACILITIES 2023'!G:G,"Low-Risk (A)", 'INSPECTED FACILITIES 2023'!F:F,">="&DATE(2023,MONTH(DATEVALUE(A9&" 1")),1), 'INSPECTED FACILITIES 2023'!F:F,"<"&EOMONTH(DATE(2023,MONTH(DATEVALUE(A9&" 1")),1),0)+1 ) -> 0 | F9: =COUNTIFS( 'INSPECTED FACILITIES 2023'!G:G,"Medium-Risk (B)", 'INSPECTED FACILITIES 2023'!F:F,">="&DATE(2023,MONTH(DATEVALUE(A9&" 1")),1), 'INSPECTED FACILITIES 2023'!F:F,"<"&EOMONTH(DATE(2023,MONTH(DATEVALUE(A9&" 1")),1),0)+1 ) -> 1 | G9: =COUNTIFS( 'INSPECTED FACILITIES 2023'!G:G,"High-Risk (C)", 'INSPECTED FACILITIES 2023'!F:F,">="&DATE(2023,MONTH(DATEVALUE(A9&" 1")),1), 'INSPECTED FACILITIES 2023'!F:F,"<"&EOMONTH(DATE(2023,MONTH(DATEVALUE(A9&" 1")),1),0)+1 ) -> 0
A10: SEPTEMBER | B10: =COUNTIFS( 'INSPECTED FACILITIES 2023'!E:E,"GDP", 'INSPECTED FACILITIES 2023'!F:F,">="&DATE(2023,MONTH(DATEVALUE(A10&" 1")),1), 'INSPECTED FACILITIES 2023'!F:F,"<"&EOMONTH(DATE(2023,MONTH(DATEVALUE(A10&" 1")),1),0)+1 ) -> 4 | C10: =COUNTIFS( 'INSPECTED FACILITIES 2023'!E:E,"CAPA", 'INSPECTED FACILITIES 2023'!F:F,">="&DATE(2023,MONTH(DATEVALUE(A10&" 1")),1), 'INSPECTED FACILITIES 2023'!F:F,"<"&EOMONTH(DATE(2023,MONTH(DATEVALUE(A10&" 1")),1),0)+1 ) -> 0 | D10: =COUNTIFS( 'INSPECTED FACILITIES 2023'!I:I,"YES", 'INSPECTED FACILITIES 2023'!F:F,">="&DATE(2023,MONTH(DATEVALUE(A10&" 1")),1), 'INSPECTED FACILITIES 2023'!F:F,"<"&EOMONTH(DATE(2023,MONTH(DATEVALUE(A10&" 1")),1),0)+1 ) -> 2 | E10: =COUNTIFS( 'INSPECTED FACILITIES 2023'!G:G,"Low-Risk (A)", 'INSPECTED FACILITIES 2023'!F:F,">="&DATE(2023,MONTH(DATEVALUE(A10&" 1")),1), 'INSPECTED FACILITIES 2023'!F:F,"<"&EOMONTH(DATE(2023,MONTH(DATEVALUE(A10&" 1")),1),0)+1 ) -> 2 | F10: =COUNTIFS( 'INSPECTED FACILITIES 2023'!G:G,"Medium-Risk (B)", 'INSPECTED FACILITIES 2023'!F:F,">="&DATE(2023,MONTH(DATEVALUE(A10&" 1")),1), 'INSPECTED FACILITIES 2023'!F:F,"<"&EOMONTH(DATE(2023,MONTH(DATEVALUE(A10&" 1")),1),0)+1 ) -> 0 | G10: =COUNTIFS( 'INSPECTED FACILITIES 2023'!G:G,"High-Risk (C)", 'INSPECTED FACILITIES 2023'!F:F,">="&DATE(2023,MONTH(DATEVALUE(A10&" 1")),1), 'INSPECTED FACILITIES 2023'!F:F,"<"&EOMONTH(DATE(2023,MONTH(DATEVALUE(A10&" 1")),1),0)+1 ) -> 1
A11: OCTOBER | B11: =COUNTIFS( 'INSPECTED FACILITIES 2023'!E:E,"GDP", 'INSPECTED FACILITIES 2023'!F:F,">="&DATE(2023,MONTH(DATEVALUE(A11&" 1")),1), 'INSPECTED FACILITIES 2023'!F:F,"<"&EOMONTH(DATE(2023,MONTH(DATEVALUE(A11&" 1")),1),0)+1 ) -> 3 | C11: =COUNTIFS( 'INSPECTED FACILITIES 2023'!E:E,"CAPA", 'INSPECTED FACILITIES 2023'!F:F,">="&DATE(2023,MONTH(DATEVALUE(A11&" 1")),1), 'INSPECTED FACILITIES 2023'!F:F,"<"&EOMONTH(DATE(2023,MONTH(DATEVALUE(A11&" 1")),1),0)+1 ) -> 0 | D11: =COUNTIFS( 'INSPECTED FACILITIES 2023'!I:I,"YES", 'INSPECTED FACILITIES 2023'!F:F,">="&DATE(2023,MONTH(DATEVALUE(A11&" 1")),1), 'INSPECTED FACILITIES 2023'!F:F,"<"&EOMONTH(DATE(2023,MONTH(DATEVALUE(A11&" 1")),1),0)+1 ) -> 0 | E11: =COUNTIFS( 'INSPECTED FACILITIES 2023'!G:G,"Low-Risk (A)", 'INSPECTED FACILITIES 2023'!F:F,">="&DATE(2023,MONTH(DATEVALUE(A11&" 1")),1), 'INSPECTED FACILITIES 2023'!F:F,"<"&EOMONTH(DATE(2023,MONTH(DATEVALUE(A11&" 1")),1),0)+1 ) -> 0 | F11: =COUNTIFS( 'INSPECTED FACILITIES 2023'!G:G,"Medium-Risk (B)", 'INSPECTED FACILITIES 2023'!F:F,">="&DATE(2023,MONTH(DATEVALUE(A11&" 1")),1), 'INSPECTED FACILITIES 2023'!F:F,"<"&EOMONTH(DATE(2023,MONTH(DATEVALUE(A11&" 1")),1),0)+1 ) -> 2 | G11: =COUNTIFS( 'INSPECTED FACILITIES 2023'!G:G,"High-Risk (C)", 'INSPECTED FACILITIES 2023'!F:F,">="&DATE(2023,MONTH(DATEVALUE(A11&" 1")),1), 'INSPECTED FACILITIES 2023'!F:F,"<"&EOMONTH(DATE(2023,MONTH(DATEVALUE(A11&" 1")),1),0)+1 ) -> 0
A12: NOVEMBER | B12: =COUNTIFS( 'INSPECTED FACILITIES 2023'!E:E,"GDP", 'INSPECTED FACILITIES 2023'!F:F,">="&DATE(2023,MONTH(DATEVALUE(A12&" 1")),1), 'INSPECTED FACILITIES 2023'!F:F,"<"&EOMONTH(DATE(2023,MONTH(DATEVALUE(A12&" 1")),1),0)+1 ) -> 0 | C12: =COUNTIFS( 'INSPECTED FACILITIES 2023'!E:E,"CAPA", 'INSPECTED FACILITIES 2023'!F:F,">="&DATE(2023,MONTH(DATEVALUE(A12&" 1")),1), 'INSPECTED FACILITIES 2023'!F:F,"<"&EOMONTH(DATE(2023,MONTH(DATEVALUE(A12&" 1")),1),0)+1 ) -> 0 | D12: =COUNTIFS( 'INSPECTED FACILITIES 2023'!I:I,"YES", 'INSPECTED FACILITIES 2023'!F:F,">="&DATE(2023,MONTH(DATEVALUE(A12&" 1")),1), 'INSPECTED FACILITIES 2023'!F:F,"<"&EOMONTH(DATE(2023,MONTH(DATEVALUE(A12&" 1")),1),0)+1 ) -> 0 | E12: =COUNTIFS( 'INSPECTED FACILITIES 2023'!G:G,"Low-Risk (A)", 'INSPECTED FACILITIES 2023'!F:F,">="&DATE(2023,MONTH(DATEVALUE(A12&" 1")),1), 'INSPECTED FACILITIES 2023'!F:F,"<"&EOMONTH(DATE(2023,MONTH(DATEVALUE(A12&" 1")),1),0)+1 ) -> 0 | F12: =COUNTIFS( 'INSPECTED FACILITIES 2023'!G:G,"Medium-Risk (B)", 'INSPECTED FACILITIES 2023'!F:F,">="&DATE(2023,MONTH(DATEVALUE(A12&" 1")),1), 'INSPECTED FACILITIES 2023'!F:F,"<"&EOMONTH(DATE(2023,MONTH(DATEVALUE(A12&" 1")),1),0)+1 ) -> 0 | G12: =COUNTIFS( 'INSPECTED FACILITIES 2023'!G:G,"High-Risk (C)", 'INSPECTED FACILITIES 2023'!F:F,">="&DATE(2023,MONTH(DATEVALUE(A12&" 1")),1), 'INSPECTED FACILITIES 2023'!F:F,"<"&EOMONTH(DATE(2023,MONTH(DATEVALUE(A12&" 1")),1),0)+1 ) -> 0
A13: DECEMBER | B13: =COUNTIFS( 'INSPECTED FACILITIES 2023'!E:E,"GDP", 'INSPECTED FACILITIES 2023'!F:F,">="&DATE(2023,MONTH(DATEVALUE(A13&" 1")),1), 'INSPECTED FACILITIES 2023'!F:F,"<"&EOMONTH(DATE(2023,MONTH(DATEVALUE(A13&" 1")),1),0)+1 ) -> 3 | C13: =COUNTIFS( 'INSPECTED FACILITIES 2023'!E:E,"CAPA", 'INSPECTED FACILITIES 2023'!F:F,">="&DATE(2023,MONTH(DATEVALUE(A13&" 1")),1), 'INSPECTED FACILITIES 2023'!F:F,"<"&EOMONTH(DATE(2023,MONTH(DATEVALUE(A13&" 1")),1),0)+1 ) -> 0 | D13: =COUNTIFS( 'INSPECTED FACILITIES 2023'!I:I,"YES", 'INSPECTED FACILITIES 2023'!F:F,">="&DATE(2023,MONTH(DATEVALUE(A13&" 1")),1), 'INSPECTED FACILITIES 2023'!F:F,"<"&EOMONTH(DATE(2023,MONTH(DATEVALUE(A13&" 1")),1),0)+1 ) -> 1 | E13: =COUNTIFS( 'INSPECTED FACILITIES 2023'!G:G,"Low-Risk (A)", 'INSPECTED FACILITIES 2023'!F:F,">="&DATE(2023,MONTH(DATEVALUE(A13&" 1")),1), 'INSPECTED FACILITIES 2023'!F:F,"<"&EOMONTH(DATE(2023,MONTH(DATEVALUE(A13&" 1")),1),0)+1 ) -> 1 | F13: =COUNTIFS( 'INSPECTED FACILITIES 2023'!G:G,"Medium-Risk (B)", 'INSPECTED FACILITIES 2023'!F:F,">="&DATE(2023,MONTH(DATEVALUE(A13&" 1")),1), 'INSPECTED FACILITIES 2023'!F:F,"<"&EOMONTH(DATE(2023,MONTH(DATEVALUE(A13&" 1")),1),0)+1 ) -> 1 | G13: =COUNTIFS( 'INSPECTED FACILITIES 2023'!G:G,"High-Risk (C)", 'INSPECTED FACILITIES 2023'!F:F,">="&DATE(2023,MONTH(DATEVALUE(A13&" 1")),1), 'INSPECTED FACILITIES 2023'!F:F,"<"&EOMONTH(DATE(2023,MONTH(DATEVALUE(A13&" 1")),1),0)+1 ) -> 0

Sheet FEB
A1: GDP INSPECTION CLASSIFICATION DATA BASE AS AT 2023
A2: S/N | B2: NAME OF MANUFACTURER | C2: LOCATION ADDRESS | D2: CONTACT | E2: TYPE OF LAST INSPECTION | F2: DATE OF LAST INSPECTION | G2: FINDINGS | H2: CAPA ISSUED DATE | I2: CAPA SUBMITTED | J2: CONCLUSION | K2: REMARKS | L2: EXPECTED DATE OF INSPECTION | M2: OMPANY FILE | N2: Column2
A3: 1 | B3: MECURE INDUSTRIES LTD | C3: Plot 6, Block H, Apapa Oshodi Expressway, Oshodi, Lagos | D3: 0700632873 | E3: GDP | F3: 44970 | G3: Low-Risk (A) | H3: 31st march 2023 | I3: YES | J3: CAPA Submited | K3: CAPA VERIFICATION SHOULD BE SCHEDULED | L3: 45689 | M3: https://nafdacng.sharepoint.com/sites/PMSLAGOS/Shared Documents/GDP (GOOD DISTRIBUTION PRATICE)/GSDP COMPANY FILES\MECURE IND. LTD | N3: MECURE INDUSTRIES LTD
A4: 2 | B4: GENEITH PHARMACEUTICALS | C4: 12, Adewale Crescent, Oshodi, Lagos | D4: 08122912281 | E4: GDP | F4: 44970 | G4: Low-Risk (A) | H4: 31st march 2023 | I4: YES | J4: CAPA Submited | K4: =IF(I4="YES","CAPA VERIFICATION SHOULD BE SCHEDULED",IF(I4="NO","REMINDER LETTER SHOULD BE SENT","")) -> CAPA VERIFICATION SHOULD BE SCHEDULED | L4: 45689 | M4: https://nafdacng.sharepoint.com/sites/PMSLAGOS/Shared Documents/GDP (GOOD DISTRIBUTION PRATICE)/GSDP COMPANY FILES\GENEITH PHARM. LTD | N4: =IF(M4="","",HYPERLINK(M4,B4)) -> GENEITH PHARMACEUTICALS
A5: 3 | B5: ONWUADI & SONS LTD | C5: 11, Achakpo Street, Ajegunle, Lagos | D5: 08028642459 | E5: GDP | F5: 44970 | G5: Medium-Risk (B) | H5: 4th April 2023 | I5: YES | J5: CAPA Submited | K5: =IF(I5="YES","CAPA VERIFICATION SHOULD BE SCHEDULED",IF(I5="NO","REMINDER LETTER SHOULD BE SENT","")) -> CAPA VERIFICATION SHOULD BE SCHEDULED | L5: 45323 | M5: https://nafdacng.sharepoint.com/sites/PMSLAGOS/Shared Documents/GDP (GOOD DISTRIBUTION PRATICE)/GSDP COMPANY FILES\ONWUADI AND SONS LTD | N5: =IF(M5="","",HYPERLINK(M5,B5)) -> ONWUADI & SONS LTD
A6: 4 | B6: MODDY DRUG CO. LTD | C6: 93, Baale Street, Ajegunle, Lagos | D6: 0802306320 | E6: GDP | F6: 44970 | G6: Medium-Risk (B) | H6: 4th April 2023 | I6: NO | J6: CAPA to be Submited | K6: =IF(I6="YES","CAPA VERIFICATION SHOULD BE SCHEDULED",IF(I6="NO","REMINDER LETTER SHOULD BE SENT","")) -> REMINDER LETTER SHOULD BE SENT | L6: 45323 | M6: https://nafdacng.sharepoint.com/sites/PMSLAGOS/Shared Documents/GDP (GOOD DISTRIBUTION PRATICE)/GSDP COMPANY FILES\MOODY DRUGS CO. LTD | N6: =IF(M6="","",HYPERLINK(M6,B6)) -> MODDY DRUG CO. LTD
A7: 5 | B7: JUMENCO PHARMACEUTICAL | C7: 52, Ladega Street, Ikorodu,Lagos | D7: 08065232177 | E7: GDP | F7: 14/02/2023 | G7: Medium-Risk (B) | H7: 31st march 2023 | I7: NO | J7: CAPA to be Submited | K7: =IF(I7="YES","CAPA VERIFICATION SHOULD BE SCHEDULED",IF(I7="NO","REMINDER LETTER SHOULD BE SENT","")) -> REMINDER LETTER SHOULD BE SENT | L7: 45323 | M7: https://nafdacng.sharepoint.com/sites/PMSLAGOS/Shared Documents/GDP (GOOD DISTRIBUTION PRATICE)/GSDP COMPANY FILES\JUMENCO PHARMACEUTICALS LTD | N7: =IF(M7="","",HYPERLINK(M7,B7)) -> JUMENCO PHARMACEUTICAL
A8: 6 | B8: ANOKEM PHARMACEUTICALS | C8: 58,Eluku Street,Ikorodu, Lagos | D8: 07017691325 | E8: GDP | F8: 14/02/2023 | G8: Medium-Risk (B) | H8: 4th April 2023 | I8: NO | J8: CAPA to be Submited | K8: =IF(I8="YES","CAPA VERIFICATION SHOULD BE SCHEDULED",IF(I8="NO","REMINDER LETTER SHOULD BE SENT","")) -> REMINDER LETTER SHOULD BE SENT | L8: 45323 | M8: https://nafdacng.sharepoint.com/sites/PMSLAGOS/Shared Documents/GDP (GOOD DISTRIBUTION PRATICE)/GSDP COMPANY FILES\ANOKEM PHARM. LTD | N8: =IF(M8="","",HYPERLINK(M8,B8)) -> ANOKEM PHARMACEUTICALS
A9: 7 | B9: RALPHONES PHARMACEUTICAL | C9: 1 Ralphone Lane,Irawo ajegunle,ikorodu,Lagos | D9: 08037588238 | E9: GDP | F9: 14/02/2023 | G9: Low-Risk (A) | H9: 31st march 2023 | I9: YES | J9: CAPA Submited | K9: =IF(I9="YES","CAPA VERIFICATION SHOULD BE SCHEDULED",IF(I9="NO","REMINDER LETTER SHOULD BE SENT","")) -> CAPA VERIFICATION SHOULD BE SCHEDULED | L9: 45689 | M9: https://nafdacng.sharepoint.com/sites/PMSLAGOS/Shared Documents/GDP (GOOD DISTRIBUTION PRATICE)/GSDP COMPANY FILES\RALPHONES PHARMACEUTICAL LTD | N9: =IF(M9="","",HYPERLINK(M9,B9)) -> RALPHONES PHARMACEUTICAL
A10: 8 | B10: LUGZ PHARMACEUTICAL | C10: 58,Lagos Rd,Opp UBA,Ikorodu, Lagos | D10: 08093955361 08148337773 | E10: GDP | F10: 14/02/2023 | G10: Medium-Risk (B) | H10: 4th April 2023 | I10: NO | J10: CAPA to be Submited | K10: =IF(I10="YES","CAPA VERIFICATION SHOULD BE SCHEDULED",IF(I10="NO","REMINDER LETTER SHOULD BE SENT","")) -> REMINDER LETTER SHOULD BE SENT | L10: 45323 | M10: https://nafdacng.sharepoint.com/sites/PMSLAGOS/Shared Documents/GDP (GOOD DISTRIBUTION PRATICE)/GSDP COMPANY FILES\LUGZ PHARMACY | N10: =IF(M10="","",HYPERLINK(M10,B10)) -> LUGZ PHARMACEUTICAL
A11: 9 | B11: LADAMOS PHARMACY | C11: 2, Adenaike Alagbe Street , Ikorodu, Lagos | D11: 08033885195 | E11: GDP | F11: 14/02/2023 | G11: High-Risk (C) | H11: They were not issued cd | I11: N/A | J11: CAPA to be Submited | K11: =IF(I11="YES","CAPA VERIFICATION SHOULD BE SCHEDULED",IF(I11="NO","REMINDER LETTER SHOULD BE SENT","")) | L11: 44774 | N11: =IF(M11="","",HYPERLINK(M11,B11))
A12: 10 | B12: GOODCARE PHARMACEUTICAL | C12: 11, sawo Road,Agric,Ikorodu,Lagos | D12: 08064266572 | E12: GDP | F12: 15/02/2023 | G12: Medium-Risk (B) | H12: 4th April 2023 | I12: YES | J12: CAPA Submited | K12: =IF(I12="YES","CAPA VERIFICATION SHOULD BE SCHEDULED",IF(I12="NO","REMINDER LETTER SHOULD BE SENT","")) -> CAPA VERIFICATION SHOULD BE SCHEDULED | L12: 45323 | M12: https://nafdacng.sharepoint.com/sites/PMSLAGOS/Shared Documents/GDP (GOOD DISTRIBUTION PRATICE)/GSDP COMPANY FILES\GOODCARE | N12: =IF(M12="","",HYPERLINK(M12,B12)) -> GOODCARE PHARMACEUTICAL
A13: 11 | B13: PATVICS PHARMACEUTICAL | C13: 603, Ikorodu Road, Mile 12, Lagos | D13: 08033927269 | E13: GDP | F13: 15/02/2023 | G13: High-Risk (C) | H13: 4th April 2023 | I13: NO | J13: CAPA to be Submited | K13: =IF(I13="YES","CAPA VERIFICATION SHOULD BE SCHEDULED",IF(I13="NO","REMINDER LETTER SHOULD BE SENT","")) -> REMINDER LETTER SHOULD BE SENT | L13: 44774 | M13: https://nafdacng.sharepoint.com/sites/PMSLAGOS/Shared Documents/GDP (GOOD DISTRIBUTION PRATICE)/GSDP COMPANY FILES\PATVICS LTD | N13: =IF(M13="","",HYPERLINK(M13,B13)) -> PATVICS PHARMACEUTICAL
A14: 12 | B14: KOJOS PHARMACY | C14: 5, Oju Emuren Street, Odogunyan, Ikorodu | D14: 08073823496 | E14: GDP | F14: 15/02/2023 | G14: Low-Risk (A) | H14: 31st march 2023 | I14: NO | J14: CAPA to be Submited | K14: =IF(I14="YES","CAPA VERIFICATION SHOULD BE SCHEDULED",IF(I14="NO","REMINDER LETTER SHOULD BE SENT","")) -> REMINDER LETTER SHOULD BE SENT | L14: 45689 | M14: https://nafdacng.sharepoint.com/sites/PMSLAGOS/Shared Documents/GDP (GOOD DISTRIBUTION PRATICE)/GSDP COMPANY FILES\KOJOS PHARMACY LTD | N14: =IF(M14="","",HYPERLINK(M14,B14)) -> KOJOS PHARMACY
A15: 13 | B15: VIXA PHARMACEUTICALS | C15: 13B, Sunday Jigida street, off celestical way,ogudu, lagos | D15: 07082004139 | E15: GDP | F15: 15/02/2023 | G15: Medium-Risk (B) | H15: 4th April 2023 | I15: YES | J15: CAPA Submited | K15: =IF(I15="YES","CAPA VERIFICATION SHOULD BE SCHEDULED",IF(I15="NO","REMINDER LETTER SHOULD BE SENT","")) -> CAPA VERIFICATION SHOULD BE SCHEDULED | L15: 45323 | N15: =IF(M15="","",HYPERLINK(M15,B15))
A16: 14 | B16: SWIPHA NIGERIA | C16: 5, Dopemu road, depemu Lagos | D16: 08146679976 | E16: GDP | F16: 16/02/2023 | G16: Low-Risk (A) | H16: 4th April 2023 | I16: YES | J16: CAPA Submited | K16: =IF(I16="YES","CAPA VERIFICATION SHOULD BE SCHEDULED",IF(I16="NO","REMINDER LETTER SHOULD BE SENT","")) -> CAPA VERIFICATION SHOULD BE SCHEDULED | L16: 45689 | M16: https://nafdacng.sharepoint.com/sites/PMSLAGOS/Shared Documents/GDP (GOOD DISTRIBUTION PRATICE)/GSDP COMPANY FILES\SWIPHA NIG. LTD | N16: =IF(M16="","",HYPERLINK(M16,B16)) -> SWIPHA NIGERIA
A17: 15 | B17: BJ CHOICE PHARM | C17: 1, Okenube Last Bus Stop, Ikotun Lagos | D17: 08033204754 | E17: GDP | F17: 16/02/2023 | G17: Medium-Risk (B) | H17: 45631 | I17: NO | J17: CAPA to be Submited | K17: =IF(I17="YES","CAPA VERIFICATION SHOULD BE SCHEDULED",IF(I17="NO","REMINDER LETTER SHOULD BE SENT","")) -> REMINDER LETTER SHOULD BE SENT | L17: 45323 | M17: https://nafdacng.sharepoint.com/sites/PMSLAGOS/Shared Documents/GDP (GOOD DISTRIBUTION PRATICE)/GSDP COMPANY FILES\BJ CHOICE PHARM. LTD | N17: =IF(M17="","",HYPERLINK(M17,B17)) -> BJ CHOICE PHARM
A18: 16 | B18: PAKEN VENTURES | C18: 294, Idimu Road, Ikotun-Egbeda | D18: 08103961314 | E18: GDP | F18: 16/02/2023 | G18: High-Risk (C) | H18: 4th April 2023 | I18: NO | J18: CAPA to be Submited | K18: =IF(I18="YES","CAPA VERIFICATION SHOULD BE SCHEDULED",IF(I18="NO","REMINDER LETTER SHOULD BE SENT","")) -> REMINDER LETTER SHOULD BE SENT | L18: 44774 | M18: https://nafdacng.sharepoint.com/sites/PMSLAGOS/Shared Documents/GDP (GOOD DISTRIBUTION PRATICE)/GSDP COMPANY FILES\PAKEN VENTURES LTD | N18: =IF(M18="","",HYPERLINK(M18,B18)) -> PAKEN VENTURES
A19: 17 | B19: HENBOSCO PHARMACY | C19: 195, Abeokuta Exp. Way, Iyana Ipaja | D19: 08099916512 | E19: GDP | F19: 17/02/2023 | G19: High-Risk (C) | H19: They were not issued cd | I19: NO | J19: CAPA to be Submited | K19: =IF(I19="YES","CAPA VERIFICATION SHOULD BE SCHEDULED",IF(I19="NO","REMINDER LETTER SHOULD BE SENT","")) -> REMINDER LETTER SHOULD BE SENT | L19: 44774 | M19: https://nafdacng.sharepoint.com/sites/PMSLAGOS/Shared Documents/GDP (GOOD DISTRIBUTION PRATICE)/GSDP COMPANY FILES\HENBOSCO PHARMACY LTD | N19: =IF(M19="","",HYPERLINK(M19,B19)) -> HENBOSCO PHARMACY
A20: 18 | B20: LYNDUS PHARMACY LTD | C20: 9 Akesan Rd, Egan, by Nepa, Igando, Alimosho, Lagos | D20: 08137719998 08037138148 | E20: GDP | F20: 21/02/2023 | G20: High-Risk (C) | H20: 4th April 2023 | I20: NO | J20: CAPA to be Submited | K20: =IF(I20="YES","CAPA VERIFICATION SHOULD BE SCHEDULED",IF(I20="NO","REMINDER LETTER SHOULD BE SENT","")) -> REMINDER LETTER SHOULD BE SENT | L20: 44774 | M20: https://nafdacng.sharepoint.com/sites/PMSLAGOS/Shared Documents/GDP (GOOD DISTRIBUTION PRATICE)/GSDP COMPANY FILES\LYNDUS PHARMACY LTD | N20: =IF(M20="","",HYPERLINK(M20,B20)) -> LYNDUS PHARMACY LTD
A21: 19 | B21: ROM CHIDECK PHARM. LTD | C21: 4, Disusts, Isheri, Oshun, Alem, Lagos . | D21: 07018687107 | E21: GDP | F21: 21/02/2023 | G21: High-Risk (C) | H21: 4th April 2023 | I21: NO | J21: CAPA to be Submited | K21: =IF(I21="YES","CAPA VERIFICATION SHOULD BE SCHEDULED",IF(I21="NO","REMINDER LETTER SHOULD BE SENT","")) -> REMINDER LETTER SHOULD BE SENT | L21: 44774 | M21: https://nafdacng.sharepoint.com/sites/PMSLAGOS/Shared%20Documents/GDP%20(GOOD%20DISTRIBUTION%20PRATICE)/GSDP%20COMPANY%20FILES\ROM-CHIDEK | N21: =IF(M21="","",HYPERLINK(M21,B21)) -> ROM CHIDECK PHARM. LTD
A22: 20 | B22: JUVYWAY PHARMCY CO.LTD | C22: 57,Alimosho Road,Iyana- Ipaja, Lagos | D22: 08133295836 | E22: GDP | F22: 22/02/2023 | G22: High-Risk (C) | H22: 4th April 2023 | I22: YES | J22: CAPA Submited | K22: =IF(I22="YES","CAPA VERIFICATION SHOULD BE SCHEDULED",IF(I22="NO","REMINDER LETTER SHOULD BE SENT","")) -> CAPA VERIFICATION SHOULD BE SCHEDULED | L22: 45536 | M22: https://nafdacng.sharepoint.com/sites/PMSLAGOS/Shared Documents/GDP (GOOD DISTRIBUTION PRATICE)/GSDP COMPANY FILES\JUVYWAY PHARMACY | N22: =IF(M22="","",HYPERLINK(M22,B22)) -> JUVYWAY PHARMCY CO.LTD
A23: 21 | B23: EVERSHINE PHARMACEUTICAL NIG LTD | C23: 41, Amoke Alasala Street, Iyana- Ipaja, Lagos | D23: 08061290502 | E23: GDP | F23: 22/02/2023 | G23: Medium-Risk (B) | H23: 4th April 2023 | I23: YES | J23: CAPA Submited | K23: =IF(I23="YES","CAPA VERIFICATION SHOULD BE SCHEDULED",IF(I23="NO","REMINDER LETTER SHOULD BE SENT","")) -> CAPA VERIFICATION SHOULD BE SCHEDULED | L23: 45323 | M23: https://nafdacng.sharepoint.com/sites/PMSLAGOS/Shared Documents/GDP (GOOD DISTRIBUTION PRATICE)/GSDP COMPANY FILES\EVERSHINE PHARMA NIG LTD | N23: =IF(M23="","",HYPERLINK(M23,B23)) -> EVERSHINE PHARMACEUTICAL NIG LTD
A24: 22 | B24: FRANKEY NIG.LTD | C24: 9, Victor Fagbami street,Iyana- Ipaja, Lagos . | D24: 08033012635 | E24: GDP | F24: 22/02/2023 | G24: High-Risk (C) | H24: 4th April 2023 | I24: YES | J24: CAPA Submited | K24: =IF(I24="YES","CAPA VERIFICATION SHOULD BE SCHEDULED",IF(I24="NO","REMINDER LETTER SHOULD BE SENT","")) -> CAPA VERIFICATION SHOULD BE SCHEDULED | L24: 45413 | M24: https://nafdacng.sharepoint.com/sites/PMSLAGOS/Shared Documents/GDP (GOOD DISTRIBUTION PRATICE)/GSDP COMPANY FILES/FRANKCY NIG LTD | N24: =IF(M24="","",HYPERLINK(M24,B24)) -> FRANKEY NIG.LTD
A25: 23 | B25: GOD IS GREAT PHARMACY | C25: 1,Kola Ogunwale, Off Iyana Ipaja Lagos | D25: 08058520035 | E25: GDP | F25: 23/02/2023 | G25: High-Risk (C) | H25: 4th April 2023 | I25: NO | J25: CAPA to be Submited | K25: =IF(I25="YES","CAPA VERIFICATION SHOULD BE SCHEDULED",IF(I25="NO","REMINDER LETTER SHOULD BE SENT","")) -> REMINDER LETTER SHOULD BE SENT | L25: 44774 | M25: https://nafdacng.sharepoint.com/sites/PMSLAGOS/Shared Documents/GDP (GOOD DISTRIBUTION PRATICE)/GSDP COMPANY FILES\GOD IS GREAT PHARMACY | N25: =IF(M25="","",HYPERLINK(M25,B25)) -> GOD IS GREAT PHARMACY
A26: 24 | B26: SOMEC UNITED PHARMACY | C26: 3,Adebayo Street Iyana Ipaja Lagos | D26: 07062791634 | E26: GDP | F26: 23/02/2023 | G26: Medium-Risk (B) | H26: 4th April 2023 | I26: NO | J26: CAPA to be Submited | K26: =IF(I26="YES","CAPA VERIFICATION SHOULD BE SCHEDULED",IF(I26="NO","REMINDER LETTER SHOULD BE SENT","")) -> REMINDER LETTER SHOULD BE SENT | L26: 45323 | M26: https://nafdacng.sharepoint.com/sites/PMSLAGOS/Shared Documents/GDP (GOOD DISTRIBUTION PRATICE)/GSDP COMPANY FILES/SKY PHARM | N26: =IF(M26="","",HYPERLINK(M26,B26)) -> SOMEC UNITED PHARMACY
A27: 25 | B27: UNITED ABC PHARMACEUTICAL | C27: 45/47,Ipaja Road, Iyana Ipaja, Lagos | D27: 08099887692 | E27: GDP | F27: 23/02/2023 | G27: Medium-Risk (B) | H27: 4th April 2023 | I27: NO | J27: CAPA to be Submited | K27: =IF(I27="YES","CAPA VERIFICATION SHOULD BE SCHEDULED",IF(I27="NO","REMINDER LETTER SHOULD BE SENT","")) -> REMINDER LETTER SHOULD BE SENT | L27: 45323 | M27: https://nafdacng.sharepoint.com/sites/PMSLAGOS/Shared Documents/GDP (GOOD DISTRIBUTION PRATICE)/GSDP COMPANY FILES\UNITED ABC PHARM | N27: =IF(M27="","",HYPERLINK(M27,B27)) -> UNITED ABC PHARMACEUTICAL
A28: 26 | B28: SA PHARMACY | C28: 1, Imope Compound, Ikotun, Lagos State | D28: 08033454283 | E28: GDP | F28: 24/02/2023 | G28: Medium-Risk (B) | H28: 4th April 2023 | I28: NO | J28: CAPA to be Submited | K28: =IF(I28="YES","CAPA VERIFICATION SHOULD BE SCHEDULED",IF(I28="NO","REMINDER LETTER SHOULD BE SENT","")) -> REMINDER LETTER SHOULD BE SENT | L28: 45323 | M28: https://nafdacng.sharepoint.com/sites/PMSLAGOS/Shared Documents/GDP (GOOD DISTRIBUTION PRATICE)/GSDP COMPANY FILES\SA PHARMACY | N28: =IF(M28="","",HYPERLINK(M28,B28)) -> SA PHARMACY
A29: 27 | B29: RIGHTMATE PHARMACY | C29: 3,Fatimo Street, Ikotun Lagos State | D29: 08063358238 | E29: GDP | F29: 24/02/2023 | G29: Medium-Risk (B) | H29: 4th April 2023 | I29: NO | J29: CAPA to be Submited | K29: =IF(I29="YES","CAPA VERIFICATION SHOULD BE SCHEDULED",IF(I29="NO","REMINDER LETTER SHOULD BE SENT","")) -> REMINDER LETTER SHOULD BE SENT | L29: 45323 | M29: https://nafdacng.sharepoint.com/sites/PMSLAGOS/Shared Documents/GDP (GOOD DISTRIBUTION PRATICE)/GSDP COMPANY FILES\RIGHTMARES PHARM LTD | N29: =IF(M29="","",HYPERLINK(M29,B29)) -> RIGHTMATE PHARMACY

Sheet MAR
A1: GDP INSPECTION CLASSIFICATION DATA BASE AS AT 2023
A2: S/N | B2: NAME OF MANUFACTURER | C2: LOCATION ADDRESS | D2: CONTACT | E2: TYPE OF LAST INSPECTION | F2: DATE OF LAST INSPECTION | G2: FINDINGS | H2: CAPA ISSUED DATE | I2: CAPA SUBMITTED | J2: CONCLUSION | K2: REMARKS | L2: EXPECTED DATE OF INSPECTION | M2: OMPANY FILE | N2: Column1 | O2: Column2
A3: 28 | B3: M. U. SAM VENTURES LTD. | C3: Baale compound behind 156, Ipaja Road, Lagos. | D3: 08180985654 | E3: GDP | F3: 28/03/2023 | G3: High-Risk (C) | H3: They were not issued cd | I3: NO | J3: CAPA to be Submited | K3: =IF(I3="YES","CAPA VERIFICATION SHOULD BE SCHEDULED",IF(I3="NO","REMINDER LETTER SHOULD BE SENT","")) -> REMINDER LETTER SHOULD BE SENT | L3: 45170 | M3: https://nafdacng.sharepoint.com/sites/PMSLAGOS/Shared Documents/GDP (GOOD DISTRIBUTION PRATICE)/GSDP COMPANY FILES\M.U. SAM | N3: https://nafdacng.sharepoint.com/sites/PMSLAGOS/Shared Documents/GSDP (GOOD STORAGE AND DISTRIBUTION PRACTICE)/GSDP COMPANY FILES\M.U. SAM | O3: =IF(M3="","",HYPERLINK(M3,B3)) -> M. U. SAM VENTURES LTD.
A4: 29 | B4: LIVE BETA PHARMACEUTICALS LTD. | C4: 147, Dopemu Road, Agege, Lagos. | D4: 08039636208 | E4: GDP | F4: 28/03/2023 | G4: High-Risk (C) | H4: 8th june 2023 | I4: NO | J4: CAPA to be Submited | K4: =IF(I4="YES","CAPA VERIFICATION SHOULD BE SCHEDULED",IF(I4="NO","REMINDER LETTER SHOULD BE SENT","")) -> REMINDER LETTER SHOULD BE SENT | L4: 45170 | M4: https://nafdacng.sharepoint.com/sites/PMSLAGOS/Shared Documents/GDP (GOOD DISTRIBUTION PRATICE)/GSDP COMPANY FILES\LIVE BETA PHARM | N4: https://nafdacng.sharepoint.com/sites/PMSLAGOS/Shared Documents/GSDP (GOOD STORAGE AND DISTRIBUTION PRACTICE)/GSDP COMPANY FILES\LIVE BETA PHARM | O4: =IF(M4="","",HYPERLINK(M4,B4)) -> LIVE BETA PHARMACEUTICALS LTD.
A5: 30 | B5: AGU JUDEA PHARM. NIG. LTD. | C5: No. 193, Agege Motor road, Iyana Ipaja, Lagos | D5: 08162478478 | E5: GDP | F5: 28/03/2023 | G5: Medium-Risk (B) | H5: 8th june 2023 | I5: NO | J5: CAPA to be Submited | K5: =IF(I5="YES","CAPA VERIFICATION SHOULD BE SCHEDULED",IF(I5="NO","REMINDER LETTER SHOULD BE SENT","")) -> REMINDER LETTER SHOULD BE SENT | L5: 45352 | M5: https://nafdacng.sharepoint.com/sites/PMSLAGOS/Shared Documents/GDP (GOOD DISTRIBUTION PRATICE)/GSDP COMPANY FILES\AGU JUDEA PHARMACEUTICLAS | N5: https://nafdacng.sharepoint.com/sites/PMSLAGOS/Shared Documents/GSDP (GOOD STORAGE AND DISTRIBUTION PRACTICE)/GSDP COMPANY FILES\AGU JUDEA PHARMACEUTICLAS | O5: =IF(M5="","",HYPERLINK(M5,B5)) -> AGU JUDEA PHARM. NIG. LTD.
A6: 31 | B6: ZIFAM PINNACLE NIG. LTD. | C6: 227, Ikorodu-Ososun Road, Obanikoro, Lagos | D6: 08066886883 | E6: GDP | F6: 29/03/2023 | G6: Low-Risk (A) | H6: 8th june 2023 | I6: NO | J6: CAPA to be Submited | K6: =IF(I6="YES","CAPA VERIFICATION SHOULD BE SCHEDULED",IF(I6="NO","REMINDER LETTER SHOULD BE SENT","")) -> REMINDER LETTER SHOULD BE SENT | L6: 45717 | M6: https://nafdacng.sharepoint.com/sites/PMSLAGOS/Shared Documents/GDP (GOOD DISTRIBUTION PRATICE)/GSDP COMPANY FILES\ZIFAM PINNACLES LTD | N6: https://nafdacng.sharepoint.com/sites/PMSLAGOS/Shared Documents/GSDP (GOOD STORAGE AND DISTRIBUTION PRACTICE)/GSDP COMPANY FILES\ZIFAM PINNACLES LTD | O6: =IF(M6="","",HYPERLINK(M6,B6)) -> ZIFAM PINNACLE NIG. LTD.
A7: 32 | B7: UNITED AFRICA LABORATORY LIMITED | C7: 9, Tebun Bisiriyu street, shahsha, Lagos. | D7: 07063877874 | E7: GDP | F7: 30/03/2023 | G7: Medium-Risk (B) | H7: 11th august 2023 | I7: NO | J7: CAPA to be Submited | K7: =IF(I7="YES","CAPA VERIFICATION SHOULD BE SCHEDULED",IF(I7="NO","REMINDER LETTER SHOULD BE SENT","")) -> REMINDER LETTER SHOULD BE SENT | L7: 45352 | M7: https://nafdacng.sharepoint.com/sites/PMSLAGOS/Shared Documents/GDP (GOOD DISTRIBUTION PRATICE)/GSDP COMPANY FILES\UNITED AFRICA LABORATORY LTD | N7: https://nafdacng.sharepoint.com/sites/PMSLAGOS/Shared Documents/GSDP (GOOD STORAGE AND DISTRIBUTION PRACTICE)/GSDP COMPANY FILES\UNITED AFRICA LABORATORY LTD | O7: =IF(M7="","",HYPERLINK(M7,B7)) -> UNITED AFRICA LABORATORY LIMITED
A8: 33 | B8: SANTUS PHARMACY & STORES LTD. | C8: 11, Sasha road, Akowonjo, Lagos. | D8: 08051263650 | E8: GDP | F8: 30/03/2023 | G8: Medium-Risk (B) | H8: 29th january 2024 | I8: YES | J8: CAPA Submited | K8: =IF(I8="YES","CAPA VERIFICATION SHOULD BE SCHEDULED",IF(I8="NO","REMINDER LETTER SHOULD BE SENT","")) -> CAPA VERIFICATION SHOULD BE SCHEDULED | L8: DONE | M8: https://nafdacng.sharepoint.com/sites/PMSLAGOS/Shared Documents/GDP (GOOD DISTRIBUTION PRATICE)/GSDP COMPANY FILES\SANTUS PHARMACY LTD | N8: https://nafdacng.sharepoint.com/sites/PMSLAGOS/Shared Documents/GSDP (GOOD STORAGE AND DISTRIBUTION PRACTICE)/GSDP COMPANY FILES\SANTUS PHARMACY LTD | O8: =IF(M8="","",HYPERLINK(M8,B8)) -> SANTUS PHARMACY & STORES LTD.
A9: 34 | B9: THINK ETERNITY DRUGS LTD. | C9: 1, Oguntande street, Shasha, Lagos. | D9: 08120739721 | E9: GDP | F9: 30/03/2023 | G9: High-Risk (C) | H9: They were not issued cd | I9: NO | J9: CAPA to be Submited | K9: =IF(I9="YES","CAPA VERIFICATION SHOULD BE SCHEDULED",IF(I9="NO","REMINDER LETTER SHOULD BE SENT","")) -> REMINDER LETTER SHOULD BE SENT | L9: 45170 | M9: https://nafdacng.sharepoint.com/sites/PMSLAGOS/Shared Documents/GDP (GOOD DISTRIBUTION PRATICE)/GSDP COMPANY FILES\THINK ENTERNITY DRUGS LTD | N9: https://nafdacng.sharepoint.com/sites/PMSLAGOS/Shared Documents/GSDP (GOOD STORAGE AND DISTRIBUTION PRACTICE)/GSDP COMPANY FILES\THINK ENTERNITY DRUGS LTD | O9: =IF(M9="","",HYPERLINK(M9,B9)) -> THINK ETERNITY DRUGS LTD.
A10: 35 | B10: MIVERO PHARM. LTD. | C10: 244, Agege Motor road, Mushin, Lagos. | D10: 08161396721 | E10: GDP | F10: 29/03/2023 | G10: High-Risk (C) | H10: 30th january 2024 | I10: NO | J10: CAPA to be Submited | K10: =IF(I10="YES","CAPA VERIFICATION SHOULD BE SCHEDULED",IF(I10="NO","REMINDER LETTER SHOULD BE SENT","")) -> REMINDER LETTER SHOULD BE SENT | L10: 45170 | M10: https://nafdacng.sharepoint.com/sites/PMSLAGOS/Shared Documents/GDP (GOOD DISTRIBUTION PRATICE)/GSDP COMPANY FILES\MIVERO PHARM | N10: https://nafdacng.sharepoint.com/sites/PMSLAGOS/Shared Documents/GSDP (GOOD STORAGE AND DISTRIBUTION PRACTICE)/GSDP COMPANY FILES\MIVERO PHARM | O10: =IF(M10="","",HYPERLINK(M10,B10)) -> MIVERO PHARM. LTD.

Sheet APR
A1: GDP INSPECTION CLASSIFICATION DATA BASE AS AT 2023
A2: S/N | B2: NAME OF MANUFACTURER | C2: LOCATION ADDRESS | D2: CONTACT | E2: TYPE OF LAST INSPECTION | F2: DATE OF LAST INSPECTION | G2: FINDINGS | H2: CAPA ISSUED DATE | I2: CAPA SUBMITTED | J2: CONCLUSION | K2: REMARKS | L2: EXPECTED DATE OF INSPECTION | M2: OMPANY FILE | N2: Column1
A3: 36 | B3: R.L. UPRIGHT WAY NIG. LTD. | C3: 15, Market street, Somolu, Lagos. | D3: 08162250028 | E3: GDP | F3: 45050 | G3: High-Risk (C) | H3: They were not issued cd | I3: NO | J3: CAPA to be Submited | K3: =IF(I3="YES","CAPA VERIFICATION SHOULD BE SCHEDULED",IF(I3="NO","REMINDER LETTER SHOULD BE SENT","")) -> REMINDER LETTER SHOULD BE SENT | L3: 45200 | M3: https://nafdacng.sharepoint.com/sites/PMSLAGOS/Shared Documents/GDP (GOOD DISTRIBUTION PRATICE)/GSDP COMPANY FILES\R.L UPRIGHTWAY NIG LTD | N3: https://nafdacng.sharepoint.com/sites/PMSLAGOS/Shared Documents/GSDP (GOOD STORAGE AND DISTRIBUTION PRACTICE)/GSDP COMPANY FILES\R.L UPRIGHTWAY NIG LTD
A4: 37 | B4: TEACO PHARM. CO. NIG. LTD. | C4: 50, Akowonjo Road ,Egbeda, Lagos. | D4: 08033025740 | E4: GDP | F4: 45020 | G4: Medium-Risk (B) | H4: 8th june 2023 | I4: YES | J4: CAPA Submited | K4: =IF(I4="YES","CAPA VERIFICATION SHOULD BE SCHEDULED",IF(I4="NO","REMINDER LETTER SHOULD BE SENT","")) -> CAPA VERIFICATION SHOULD BE SCHEDULED | L4: 45078 | M4: https://nafdacng.sharepoint.com/sites/PMSLAGOS/Shared Documents/GDP (GOOD DISTRIBUTION PRATICE)/GSDP COMPANY FILES\TEACO PHARMACY | N4: https://nafdacng.sharepoint.com/sites/PMSLAGOS/Shared Documents/GSDP (GOOD STORAGE AND DISTRIBUTION PRACTICE)/GSDP COMPANY FILES\TEACO PHARMACY
A5: 38 | B5: FUNKET NIG. LTD. | C5: 83, Ikotun-Idumu road, Lagos. | D5: 08033156922 | E5: GDP | F5: 45020 | G5: Medium-Risk (B) | H5: 8th june 2023 | I5: NO | J5: CAPA to be Submited | K5: =IF(I5="YES","CAPA VERIFICATION SHOULD BE SCHEDULED",IF(I5="NO","REMINDER LETTER SHOULD BE SENT","")) -> REMINDER LETTER SHOULD BE SENT | L5: 45383 | M5: https://nafdacng.sharepoint.com/sites/PMSLAGOS/Shared Documents/GDP (GOOD DISTRIBUTION PRATICE)/GSDP COMPANY FILES\FUNKET NIG. LTD | N5: https://nafdacng.sharepoint.com/sites/PMSLAGOS/Shared Documents/GSDP (GOOD STORAGE AND DISTRIBUTION PRACTICE)/GSDP COMPANY FILES\FUNKET NIG. LTD
A6: 39 | B6: KATCEE-MACKENZIE &ASSOCIATES | C6: 7, Market Street, Shomolu, Lagos | D6: 08023649732 | E6: GDP | F6: 45050 | G6: Medium-Risk (B) | H6: They were not issued cd | I6: NO | J6: CAPA to be Submited | K6: =IF(I6="YES","CAPA VERIFICATION SHOULD BE SCHEDULED",IF(I6="NO","REMINDER LETTER SHOULD BE SENT","")) -> REMINDER LETTER SHOULD BE SENT | L6: 45383 | M6: https://nafdacng.sharepoint.com/sites/PMSLAGOS/Shared Documents/GDP (GOOD DISTRIBUTION PRATICE)/GSDP COMPANY FILES\KATCEE-MACKENZIE LTD | N6: https://nafdacng.sharepoint.com/sites/PMSLAGOS/Shared Documents/GSDP (GOOD STORAGE AND DISTRIBUTION PRACTICE)/GSDP COMPANY FILES\KATCEE-MACKENZIE LTD
A7: 40 | B7: DRUG-IT SOLUTIONS LIMITED | C7: 1, Ileshomi Street, Mafoluku, Oshodi, Lagos | D7: 08093346489 | E7: GDP | F7: 18/04/2023 | G7: Low-Risk (A) | H7: 9th may 2023 | I7: NO | J7: CAPA to be Submited | K7: =IF(I7="YES","CAPA VERIFICATION SHOULD BE SCHEDULED",IF(I7="NO","REMINDER LETTER SHOULD BE SENT","")) -> REMINDER LETTER SHOULD BE SENT | L7: 45748 | M7: https://nafdacng.sharepoint.com/sites/PMSLAGOS/Shared Documents/GDP (GOOD DISTRIBUTION PRATICE)/GSDP COMPANY FILES\DRUG IT PHARMACY | N7: https://nafdacng.sharepoint.com/sites/PMSLAGOS/Shared Documents/GSDP (GOOD STORAGE AND DISTRIBUTION PRACTICE)/GSDP COMPANY FILES\DRUG IT PHARMACY
A8: 41 | B8: FAMOUS NIG. LTD. | C8: 1,Olurunshogo Str., Mushin, Lagos. | D8: 08035922751 | E8: GDP | F8: 19/04/2023 | G8: High-Risk (C) | H8: 30th january 2024 | I8: YES | J8: CAPA Submited | K8: =IF(I8="YES","CAPA VERIFICATION SHOULD BE SCHEDULED",IF(I8="NO","REMINDER LETTER SHOULD BE SENT","")) -> CAPA VERIFICATION SHOULD BE SCHEDULED | L8: 45200 | M8: https://nafdacng.sharepoint.com/sites/PMSLAGOS/Shared Documents/GDP (GOOD DISTRIBUTION PRATICE)/GSDP COMPANY FILES\FAMOUS CHEMIST LTD | N8: https://nafdacng.sharepoint.com/sites/PMSLAGOS/Shared Documents/GSDP (GOOD STORAGE AND DISTRIBUTION PRACTICE)/GSDP COMPANY FILES\FAMOUS CHEMIST LTD
A9: 42 | B9: ALIMOSHO CHEMIST LTD. | C9: 47, Alew Ipaja Road, Iyana-Ipaja, Lagos | D9: The facility is no longer engaged in the importation or distribution of drugs in the past 5 years. | E9: GDP | F9: 45020 | G9: N/A | H9: N/A | I9: N/A | J9: N/A | K9: A letter stating that they have stopped distribution was recieved by the directorate. | M9: https://nafdacng.sharepoint.com/sites/PMSLAGOS/Shared Documents/GDP (GOOD DISTRIBUTION PRATICE)/GSDP COMPANY FILES\ALIMOSHO CHEMISTS LTD | N9: https://nafdacng.sharepoint.com/sites/PMSLAGOS/Shared Documents/GSDP (GOOD STORAGE AND DISTRIBUTION PRACTICE)/GSDP COMPANY FILES\ALIMOSHO CHEMISTS LTD

Sheet MAY
A1: GDP INSPECTION CLASSIFICATION DATA BASE AS AT 2023
A2: S/N | B2: NAME OF MANUFACTURER | C2: LOCATION ADDRESS | D2: CONTACT | E2: TYPE OF LAST INSPECTION | F2: DATE OF LAST INSPECTION | G2: FINDINGS | H2: CAPA ISSUED DATE | I2: CAPA SUBMITTED | J2: CONCLUSION | K2: REMARKS | L2: EXPECTED DATE OF INSPECTION | M2: OMPANY FILE | N2: Column1
A3: 1 | B3: GOD 'S FOUNDATION PHARMA LTD. | C3: 19, Baale Street, Orile, Iganmu , Lagos | D3: 08162879574 | E3: GDP | F3: 45204 | G3: Medium-Risk (B) | H3: 45204 | I3: NO | J3: CAPA to be Submited | K3: =IF(I3="YES","CAPA VERIFICATION SHOULD BE SCHEDULED",IF(I3="NO","REMINDER LETTER SHOULD BE SENT","")) -> REMINDER LETTER SHOULD BE SENT | L3: 45352 | M3: https://nafdacng.sharepoint.com/sites/PMSLAGOS/Shared Documents/GDP (GOOD DISTRIBUTION PRATICE)/GSDP COMPANY FILES\GODS FOUNDATION | N3: https://nafdacng.sharepoint.com/sites/PMSLAGOS/Shared Documents/GSDP (GOOD STORAGE AND DISTRIBUTION PRACTICE)/GSDP COMPANY FILES\GODS FOUNDATION | O3: =IF(M3="","",HYPERLINK(M3,B3)) -> GOD 'S FOUNDATION PHARMA LTD.
A4: 2 | B4: E.U. EMMASON PHARM. CO.LTD. | C4: 1, Baale street, Orile, Iganmu, Lagos | D4: 08144612951 | E4: GDP | F4: 45204 | G4: Medium-Risk (B) | H4: 45174 | I4: NO | J4: CAPA to be Submited | K4: =IF(I4="YES","CAPA VERIFICATION SHOULD BE SCHEDULED",IF(I4="NO","REMINDER LETTER SHOULD BE SENT","")) -> REMINDER LETTER SHOULD BE SENT | L4: 45352 | M4: https://nafdacng.sharepoint.com/sites/PMSLAGOS/Shared Documents/GDP (GOOD DISTRIBUTION PRATICE)/GSDP COMPANY FILES\E.U EMMASON | N4: https://nafdacng.sharepoint.com/sites/PMSLAGOS/Shared Documents/GSDP (GOOD STORAGE AND DISTRIBUTION PRACTICE)/GSDP COMPANY FILES\E.U EMMASON | O4: =IF(M4="","",HYPERLINK(M4,B4)) -> E.U. EMMASON PHARM. CO.LTD.
A5: 3 | B5: ANYIWEST PHARMACY LTD. | C5: 3, Meiran road, shop 10, Merian B/stop. Abeokuta expressway, lagos | D5: 08037277883 | E5: GDP | F5: 44990 | G5: High-Risk (C) | H5: 45174 | I5: NO | J5: CAPA to be Submited | K5: =IF(I5="YES","CAPA VERIFICATION SHOULD BE SCHEDULED",IF(I5="NO","REMINDER LETTER SHOULD BE SENT","")) -> REMINDER LETTER SHOULD BE SENT | L5: 45231 | M5: https://nafdacng.sharepoint.com/sites/PMSLAGOS/Shared Documents/GDP (GOOD DISTRIBUTION PRATICE)/GSDP COMPANY FILES\ANYI WEST PHARMACY | N5: https://nafdacng.sharepoint.com/sites/PMSLAGOS/Shared Documents/GSDP (GOOD STORAGE AND DISTRIBUTION PRACTICE)/GSDP COMPANY FILES\ANYI WEST PHARMACY | O5: =IF(M5="","",HYPERLINK(M5,B5)) -> ANYIWEST PHARMACY LTD.
A6: 4 | B6: KRANTZ PHARMACEUTICAL & CHEMICALS LTD. | C6: 17,Muri Bakare street, Idimu, Lagos | D6: 08033006749 | E6: GDP | F6: 44990 | G6: Medium-Risk (B) | I6: NO | J6: CAPA to be Submited | K6: =IF(I6="YES","CAPA VERIFICATION SHOULD BE SCHEDULED",IF(I6="NO","REMINDER LETTER SHOULD BE SENT","")) -> REMINDER LETTER SHOULD BE SENT | L6: 45352 | M6: https://nafdacng.sharepoint.com/sites/PMSLAGOS/Shared Documents/GDP (GOOD DISTRIBUTION PRATICE)/GSDP COMPANY FILES\KRANTZ PHARMACY | N6: https://nafdacng.sharepoint.com/sites/PMSLAGOS/Shared Documents/GSDP (GOOD STORAGE AND DISTRIBUTION PRACTICE)/GSDP COMPANY FILES\KRANTZ PHARMACY | O6: =IF(M6="","",HYPERLINK(M6,B6)) -> KRANTZ PHARMACEUTICAL & CHEMICALS LTD.
A7: 5 | B7: ALGANDA PHARMACY | C7: 16, Best time Avenue, start time Estate, Ago palaceway, Lagos | D7: 08064445412 | E7: GDP | F7: 45174 | G7: Low-Risk (A) | H7: 45144 | I7: YES | J7: CAPA Submited | K7: =IF(I7="YES","CAPA VERIFICATION SHOULD BE SCHEDULED",IF(I7="NO","REMINDER LETTER SHOULD BE SENT","")) -> CAPA VERIFICATION SHOULD BE SCHEDULED | L7: 45717 | M7: https://nafdacng.sharepoint.com/sites/PMSLAGOS/Shared Documents/GDP (GOOD DISTRIBUTION PRATICE)/GSDP COMPANY FILES\ALGANDA PHARMACEUTICALS | N7: https://nafdacng.sharepoint.com/sites/PMSLAGOS/Shared Documents/GSDP (GOOD STORAGE AND DISTRIBUTION PRACTICE)/GSDP COMPANY FILES\ALGANDA PHARMACEUTICALS | O7: =IF(M7="","",HYPERLINK(M7,B7)) -> ALGANDA PHARMACY
A8: 6 | B8: CIKASON PHARMACY | C8: 2/4 Toyin Adebiyi, off Ezeagulu street, Oke afa, lagos. | D8: 08033846632 | E8: GDP | F8: 45174 | G8: Low-Risk (A) | H8: 45154 | I8: NO | J8: CAPA to be Submited | K8: =IF(I8="YES","CAPA VERIFICATION SHOULD BE SCHEDULED",IF(I8="NO","REMINDER LETTER SHOULD BE SENT","")) -> REMINDER LETTER SHOULD BE SENT | L8: 45717 | M8: https://nafdacng.sharepoint.com/sites/PMSLAGOS/Shared Documents/GDP (GOOD DISTRIBUTION PRATICE)/GSDP COMPANY FILES\CIKASON PHARMACY | N8: https://nafdacng.sharepoint.com/sites/PMSLAGOS/Shared Documents/GSDP (GOOD STORAGE AND DISTRIBUTION PRACTICE)/GSDP COMPANY FILES\CIKASON PHARMACY | O8: =IF(M8="","",HYPERLINK(M8,B8)) -> CIKASON PHARMACY
A9: 7 | B9: MARY-IYKE PHARMACY & STORES | C9: 136, Baale Animashaun street, Dalemo, Alakuko, Abule Egba, Lagos | D9: 08023051074 | E9: GDP | F9: 44990 | G9: High-Risk (C) | H9: 45174 | I9: NO | J9: CAPA to be Submited | K9: =IF(I9="YES","CAPA VERIFICATION SHOULD BE SCHEDULED",IF(I9="NO","REMINDER LETTER SHOULD BE SENT","")) -> REMINDER LETTER SHOULD BE SENT | L9: 45231 | M9: https://nafdacng.sharepoint.com/sites/PMSLAGOS/Shared Documents/GDP (GOOD DISTRIBUTION PRATICE)/GSDP COMPANY FILES\MARY IYKE PHARMACY | N9: https://nafdacng.sharepoint.com/sites/PMSLAGOS/Shared Documents/GSDP (GOOD STORAGE AND DISTRIBUTION PRACTICE)/GSDP COMPANY FILES\MARY IYKE PHARMACY | O9: =IF(M9="","",HYPERLINK(M9,B9)) -> MARY-IYKE PHARMACY & STORES
A10: 8 | B10: DRUG STOC E HUB LIMITED | C10: China town, taiwo street | D10: 08087674169 | E10: GDP | F10: 30/05/2023 | G10: Low-Risk (A) | H10: N/A | I10: N/A | J10: NO CAPA ISSUED | K10: CONTINOUS MONITORING TO ENSURE COMPLIANCE | L10: 45717 | M10: https://nafdacng.sharepoint.com/sites/PMSLAGOS/Shared Documents/GDP (GOOD DISTRIBUTION PRATICE)/GSDP COMPANY FILES\DRUG STOC EHUB | N10: https://nafdacng.sharepoint.com/sites/PMSLAGOS/Shared Documents/GSDP (GOOD STORAGE AND DISTRIBUTION PRACTICE)/GSDP COMPANY FILES\DRUG STOC EHUB | O10: =IF(M10="","",HYPERLINK(M10,B10)) -> DRUG STOC E HUB LIMITED
A11: 9 | B11: MAC EVENTUS PHARM. CO. LTD. | C11: 23, Yakayo Rd, Oja B/stop, Ojodu, Lagos. | D11: 08024785424 | E11: GDP | F11: 44962 | G11: Medium-Risk (B) | H11: 45144 | I11: NO | J11: CAPA to be Submited | K11: =IF(I11="YES","CAPA VERIFICATION SHOULD BE SCHEDULED",IF(I11="NO","REMINDER LETTER SHOULD BE SENT","")) -> REMINDER LETTER SHOULD BE SENT | L11: 45352 | M11: https://nafdacng.sharepoint.com/sites/PMSLAGOS/Shared Documents/GDP (GOOD DISTRIBUTION PRATICE)/GSDP COMPANY FILES\MAC EVENTUS PHARM LTD | N11: https://nafdacng.sharepoint.com/sites/PMSLAGOS/Shared Documents/GSDP (GOOD STORAGE AND DISTRIBUTION PRACTICE)/GSDP COMPANY FILES\MAC EVENTUS PHARM LTD | O11: =IF(M11="","",HYPERLINK(M11,B11)) -> MAC EVENTUS PHARM. CO. LTD.
A12: 10 | B12: SAMNTO PHARM. LTD. | C12: 16b, Tolu road. olodi-Apapa. Lagos | D12: 08060650657 | E12: GDP | F12: 30/05/2023 | G12: High-Risk (C) | H12: 45100 | I12: NO | J12: CAPA to be Submited | K12: =IF(I12="YES","CAPA VERIFICATION SHOULD BE SCHEDULED",IF(I12="NO","REMINDER LETTER SHOULD BE SENT","")) -> REMINDER LETTER SHOULD BE SENT | L12: 45231 | M12: https://nafdacng.sharepoint.com/sites/PMSLAGOS/Shared Documents/GDP (GOOD DISTRIBUTION PRATICE)/GSDP COMPANY FILES\SAMNTO PHARM | N12: https://nafdacng.sharepoint.com/sites/PMSLAGOS/Shared Documents/GSDP (GOOD STORAGE AND DISTRIBUTION PRACTICE)/GSDP COMPANY FILES\SAMNTO PHARM | O12: =IF(M12="","",HYPERLINK(M12,B12)) -> SAMNTO PHARM. LTD.
A13: 11 | B13: ALANTRA PHARMACY | C13: 7, Oyoromi street, off kodesoh street | D13: 08023595633 | E13: GDP | F13: 44962 | G13: High-Risk (C) | H13: 45075 | I13: YES | J13: CAPA Submited | K13: =IF(I13="YES","CAPA VERIFICATION SHOULD BE SCHEDULED",IF(I13="NO","REMINDER LETTER SHOULD BE SENT","")) -> CAPA VERIFICATION SHOULD BE SCHEDULED | L13: 45231 | M13: https://nafdacng.sharepoint.com/sites/PMSLAGOS/Shared Documents/GDP (GOOD DISTRIBUTION PRATICE)/GSDP COMPANY FILES/FRANKCY NIG LTD | N13: https://nafdacng.sharepoint.com/sites/PMSLAGOS/Shared Documents/GSDP (GOOD STORAGE AND DISTRIBUTION PRACTICE)/GSDP COMPANY FILES/A Alantra | O13: =IF(M13="","",HYPERLINK(M13,B13)) -> ALANTRA PHARMACY
A14: 12 | B14: CHEV PHARMACEUTICALS | C14: 13, Adeyemi street, Oshodi, Lagos | D14: 08151488040 | E14: GDP | F14: 31/05/2023 | G14: Medium-Risk (B) | H14: 45314 | I14: YES | J14: CAPA Submited | K14: =IF(I14="YES","CAPA VERIFICATION SHOULD BE SCHEDULED",IF(I14="NO","REMINDER LETTER SHOULD BE SENT","")) -> CAPA VERIFICATION SHOULD BE SCHEDULED | L14: 45352 | M14: https://nafdacng.sharepoint.com/sites/PMSLAGOS/Shared Documents/GDP (GOOD DISTRIBUTION PRATICE)/GSDP COMPANY FILES\CHEV PHARMACEUTICALS LTD | N14: https://nafdacng.sharepoint.com/sites/PMSLAGOS/Shared Documents/GSDP (GOOD STORAGE AND DISTRIBUTION PRACTICE)/GSDP COMPANY FILES\CHEV PHARMACEUTICALS LTD | O14: =IF(M14="","",HYPERLINK(M14,B14)) -> CHEV PHARMACEUTICALS
A15: 74 | B15: CHEV PHARMACEUTICALS | C15: 13, Adeyemi street, Oshodi, Lagos | D15: 08151488040 | E15: GDP | F15: 31/05/2023 | G15: Medium-Risk (B) | I15: YES | J15: CAPA to be Submited | K15: =IF(I15="YES","CAPA VERIFICATION SHOULD BE SCHEDULED",IF(I15="NO","REMINDER LETTER SHOULD BE SENT","")) -> CAPA VERIFICATION SHOULD BE SCHEDULED | L15: 45444 | M15: https://nafdacng.sharepoint.com/sites/PMSLAGOS/Shared Documents/GDP (GOOD DISTRIBUTION PRATICE)/GSDP COMPANY FILES\CHEV PHARMACEUTICALS LTD | N15: https://nafdacng.sharepoint.com/sites/PMSLAGOS/Shared Documents/GSDP (GOOD STORAGE AND DISTRIBUTION PRACTICE)/GSDP COMPANY FILES\CHEV PHARMACEUTICALS LTD | O15: =IF(M15="","",HYPERLINK(M15,B15)) -> CHEV PHARMACEUTICALS

Sheet JUN
A1: GDP INSPECTION CLASSIFICATION DATA BASE AS AT 2023
A2: S/N | B2: NAME OF MANUFACTURER | C2: LOCATION ADDRESS | D2: CONTACT | E2: TYPE OF LAST INSPECTION | F2: DATE OF LAST INSPECTION | G2: FINDINGS | H2: CAPA ISSUED DATE | I2: CAPA SUBMITTED | J2: CONCLUSION | K2: REMARKS | L2: EXPECTED DATE OF INSPECTION | M2: OMPANY FILE | N2: Column1 | O2: Column2
A3: 55 | B3: REMSON INVESTMENT LTD | C3: 74 Agbado station road Ijaye, Lagos | D3: 09015418270 | E3: GDP | F3: 44963 | G3: High-Risk (C) | H3: 23/06/23 | I3: NO | J3: CAPA to be Submited | K3: =IF(I3="YES","CAPA VERIFICATION SHOULD BE SCHEDULED",IF(I3="NO","REMINDER LETTER SHOULD BE SENT","")) -> REMINDER LETTER SHOULD BE SENT | L3: 45261 | M3: https://nafdacng.sharepoint.com/sites/PMSLAGOS/Shared Documents/GDP (GOOD DISTRIBUTION PRATICE)/GSDP COMPANY FILES\REMSON | N3: https://nafdacng.sharepoint.com/sites/PMSLAGOS/Shared Documents/GSDP (GOOD STORAGE AND DISTRIBUTION PRACTICE)/GSDP COMPANY FILES\REMSON | O3: =IF(M3="","",HYPERLINK(M3,B3)) -> REMSON INVESTMENT LTD
A4: 56 | B4: CITY OF GLORY PHARMACEUTICALS | C4: 20, Iga Oba compond Ijegun, Lagos | D4: 08065637705 | E4: GDP | F4: 45052 | G4: High-Risk (C) | H4: 23/6/23 | I4: NO | J4: CAPA to be Submited | K4: =IF(I4="YES","CAPA VERIFICATION SHOULD BE SCHEDULED",IF(I4="NO","REMINDER LETTER SHOULD BE SENT","")) -> REMINDER LETTER SHOULD BE SENT | L4: 45261 | M4: https://nafdacng.sharepoint.com/sites/PMSLAGOS/Shared Documents/GDP (GOOD DISTRIBUTION PRATICE)/GSDP COMPANY FILES\CITY OF GLORY PHARM | N4: https://nafdacng.sharepoint.com/sites/PMSLAGOS/Shared Documents/GSDP (GOOD STORAGE AND DISTRIBUTION PRACTICE)/GSDP COMPANY FILES\CITY OF GLORY PHARM | O4: =IF(M4="","",HYPERLINK(M4,B4)) -> CITY OF GLORY PHARMACEUTICALS
A5: 57 | B5: CHRIS NELB PHARM. LTD. | C5: 6, Karimu street, kirikiri, lagos. | D5: 08023206178 | E5: GDP | F5: 45144 | G5: Medium-Risk (B) | I5: YES | J5: CAPA Submited | K5: =IF(I5="YES","CAPA VERIFICATION SHOULD BE SCHEDULED",IF(I5="NO","REMINDER LETTER SHOULD BE SENT","")) -> CAPA VERIFICATION SHOULD BE SCHEDULED | L5: 45444 | M5: https://nafdacng.sharepoint.com/sites/PMSLAGOS/Shared Documents/GDP (GOOD DISTRIBUTION PRATICE)/GSDP COMPANY FILES\CHRIS NELB PHARMACY | N5: https://nafdacng.sharepoint.com/sites/PMSLAGOS/Shared Documents/GSDP (GOOD STORAGE AND DISTRIBUTION PRACTICE)/GSDP COMPANY FILES\CHRIS NELB PHARMACY | O5: =IF(M5="","",HYPERLINK(M5,B5)) -> CHRIS NELB PHARM. LTD.
A6: 58 | B6: SURPLUS PHARMACY LTD. | C6: 48, Igiolugbin street | D6: 08085784284 | E6: GDP | F6: 44932 | G6: Medium-Risk (B) | H6: 14/6/23 | I6: NO | J6: CAPA to be Submited | K6: =IF(I6="YES","CAPA VERIFICATION SHOULD BE SCHEDULED",IF(I6="NO","REMINDER LETTER SHOULD BE SENT","")) -> REMINDER LETTER SHOULD BE SENT | L6: 45444 | M6: https://nafdacng.sharepoint.com/sites/PMSLAGOS/Shared Documents/GDP (GOOD DISTRIBUTION PRATICE)/GSDP COMPANY FILES\SURPLUS PHARM | N6: https://nafdacng.sharepoint.com/sites/PMSLAGOS/Shared Documents/GSDP (GOOD STORAGE AND DISTRIBUTION PRACTICE)/GSDP COMPANY FILES\SURPLUS PHARM | O6: =IF(M6="","",HYPERLINK(M6,B6)) -> SURPLUS PHARMACY LTD.
A7: 59 | B7: JOHN VIKEE PHARM. | C7: Igbodo New L/O, Oluwaseyi B/S, Ishashi, Lagos | D7: 07038054807 | E7: GDP | F7: 45052 | G7: Medium-Risk (B) | J7: CAPA to be Submited | K7: =IF(I7="YES","CAPA VERIFICATION SHOULD BE SCHEDULED",IF(I7="NO","REMINDER LETTER SHOULD BE SENT","")) | L7: 45444 | M7: https://nafdacng.sharepoint.com/sites/PMSLAGOS/Shared Documents/GDP (GOOD DISTRIBUTION PRATICE)/GSDP COMPANY FILES\JOHNVIKEE PHARM | O7: =IF(M7="","",HYPERLINK(M7,B7)) -> JOHN VIKEE PHARM.
A8: 60 | B8: DOMINO PHARMACY LTD. | C8: Km 48, Badagry Exp. Way, Okokomaiko, Lagos. | D8: 08033622376 | E8: GDP | F8: 45052 | G8: Medium-Risk (B) | H8: 14/6/23 | I8: NO | J8: CAPA to be Submited | K8: =IF(I8="YES","CAPA VERIFICATION SHOULD BE SCHEDULED",IF(I8="NO","REMINDER LETTER SHOULD BE SENT","")) -> REMINDER LETTER SHOULD BE SENT | L8: 45444 | M8: https://nafdacng.sharepoint.com/sites/PMSLAGOS/Shared Documents/GDP (GOOD DISTRIBUTION PRATICE)/GSDP COMPANY FILES\DOMINO PHARM | N8: https://nafdacng.sharepoint.com/sites/PMSLAGOS/Shared Documents/GSDP (GOOD STORAGE AND DISTRIBUTION PRACTICE)/GSDP COMPANY FILES\DOMINO PHARM | O8: =IF(M8="","",HYPERLINK(M8,B8)) -> DOMINO PHARMACY LTD.
A9: 61 | B9: HOLEX PHARMACEUTCAL LTD. | C9: 45, Old Ojo road, A,gboju, Amuwo, Lagos | D9: 08067392192 | E9: GDP | F9: 45144 | G9: Medium-Risk (B) | H9: 14/6/23 | I9: NO | J9: CAPA to be Submited | K9: =IF(I9="YES","CAPA VERIFICATION SHOULD BE SCHEDULED",IF(I9="NO","REMINDER LETTER SHOULD BE SENT","")) -> REMINDER LETTER SHOULD BE SENT | L9: 45444 | M9: https://nafdacng.sharepoint.com/sites/PMSLAGOS/Shared Documents/GDP (GOOD DISTRIBUTION PRATICE)/GSDP COMPANY FILES\HOLEX PHARMACEUTICALS | N9: https://nafdacng.sharepoint.com/sites/PMSLAGOS/Shared Documents/GSDP (GOOD STORAGE AND DISTRIBUTION PRACTICE)/GSDP COMPANY FILES\HOLEX PHARMACEUTICALS | O9: =IF(M9="","",HYPERLINK(M9,B9)) -> HOLEX PHARMACEUTCAL LTD.
A10: 62 | B10: WINDON PHARMACY | C10: 20, Badagry express way road, Oko | D10: 08063788228 | E10: GDP | F10: 45052 | G10: Medium-Risk (B) | H10: 14/6/23 | I10: NO | J10: CAPA to be Submited | K10: =IF(I10="YES","CAPA VERIFICATION SHOULD BE SCHEDULED",IF(I10="NO","REMINDER LETTER SHOULD BE SENT","")) -> REMINDER LETTER SHOULD BE SENT | L10: 45444 | M10: https://nafdacng.sharepoint.com/sites/PMSLAGOS/Shared Documents/GDP (GOOD DISTRIBUTION PRATICE)/GSDP COMPANY FILES\WINDOM PHARMACY | N10: https://nafdacng.sharepoint.com/sites/PMSLAGOS/Shared Documents/GSDP (GOOD STORAGE AND DISTRIBUTION PRACTICE)/GSDP COMPANY FILES\WINDOM PHARMACY | O10: =IF(M10="","",HYPERLINK(M10,B10)) -> WINDON PHARMACY
A11: 63 | B11: JOSFEKMART PHARMACY | C11: 146, Ekoro road, Abule Egba, Lagos. | D11: 09036389457 | E11: GDP | F11: 44963 | G11: High-Risk (C) | H11: 23/6/23 | I11: NO | J11: CAPA to be Submited | K11: =IF(I11="YES","CAPA VERIFICATION SHOULD BE SCHEDULED",IF(I11="NO","REMINDER LETTER SHOULD BE SENT","")) -> REMINDER LETTER SHOULD BE SENT | L11: 45261 | M11: https://nafdacng.sharepoint.com/sites/PMSLAGOS/Shared Documents/GDP (GOOD DISTRIBUTION PRATICE)/GSDP COMPANY FILES\JOSEFERKMART PHARMACY | N11: https://nafdacng.sharepoint.com/sites/PMSLAGOS/Shared Documents/GSDP (GOOD STORAGE AND DISTRIBUTION PRACTICE)/GSDP COMPANY FILES\JOSEFERKMART PHARMACY | O11: =IF(M11="","",HYPERLINK(M11,B11)) -> JOSFEKMART PHARMACY
A12: 64 | B12: LINCO STAR PHARMACEUTICALS | C12: 7/29, Olubumni Alonge st reet, Pako Aguda B/stop | D12: 07060841212 | E12: GDP | F12: 45175 | G12: Medium-Ris k (B) | H12: 14/6/23 | I12: YES | J12: CAPA to be Submited | K12: =IF(I12="YES","CAPA VERIFICATION SHOULD BE SCHEDULED",IF(I12="NO","REMINDER LETTER SHOULD BE SENT","")) -> CAPA VERIFICATION SHOULD BE SCHEDULED | L12: 45444 | M12: https://nafdacng.sharepoint.com/sites/PMSLAGOS/Shared Documents/GDP (GOOD DISTRIBUTION PRATICE)/GSDP COMPANY FILES\LINCO STAR PHARM | N12: https://nafdacng.sharepoint.com/sites/PMSLAGOS/Shared Documents/GSDP (GOOD STORAGE AND DISTRIBUTION PRACTICE)/GSDP COMPANY FILES\LINCO STAR PHARM | O12: =IF(M12="","",HYPERLINK(M12,B12)) -> LINCO STAR PHARMACEUTICALS
A13: 65 | B13: E. EGBESON CHEM. PHARM. | C13: 61, Egbe road, Ejibo Lagos. | D13: 07032823116 | E13: GDP | F13: 45052 | G13: High-Risk (C) | H13: 23/6/23 | I13: NO | J13: CAPA to be Submited | K13: =IF(I13="YES","CAPA VERIFICATION SHOULD BE SCHEDULED",IF(I13="NO","REMINDER LETTER SHOULD BE SENT","")) -> REMINDER LETTER SHOULD BE SENT | L13: 45261 | M13: https://nafdacng.sharepoint.com/sites/PMSLAGOS/Shared Documents/GDP (GOOD DISTRIBUTION PRATICE)/GSDP COMPANY FILES\E. EGBESON CHEM PHARM | N13: https://nafdacng.sharepoint.com/sites/PMSLAGOS/Shared Documents/GSDP (GOOD STORAGE AND DISTRIBUTION PRACTICE)/GSDP COMPANY FILES\E. EGBESON CHEM PHARM | O13: =IF(M13="","",HYPERLINK(M13,B13)) -> E. EGBESON CHEM. PHARM.
A14: 66 | B14: DE GOOD GOD PHARMACY | C14: 4, Agbo Ille compond lane, Ijegun, lagos | D14: 08035569255 | E14: GDP | F14: 45052 | G14: High-Risk (C) | H14: 23/6/23 | I14: NO | J14: CAPA to be Submited | K14: =IF(I14="YES","CAPA VERIFICATION SHOULD BE SCHEDULED",IF(I14="NO","REMINDER LETTER SHOULD BE SENT","")) -> REMINDER LETTER SHOULD BE SENT | L14: 45261 | M14: https://nafdacng.sharepoint.com/sites/PMSLAGOS/Shared Documents/GDP (GOOD DISTRIBUTION PRATICE)/GSDP COMPANY FILES\DE GOOD GOD PHARM | N14: https://nafdacng.sharepoint.com/sites/PMSLAGOS/Shared Documents/GSDP (GOOD STORAGE AND DISTRIBUTION PRACTICE)/GSDP COMPANY FILES\DE GOOD GOD PHARM | O14: =IF(M14="","",HYPERLINK(M14,B14)) -> DE GOOD GOD PHARMACY
A15: 67 | B15: ALKATRICE PHARMACEUTICALS | C15: 14, Mosalasi street, Mazama, Kuje-Amuwo | D15: 09132483301 | E15: GDP | F15: 45113 | G15: High-Risk (C) | H15: 23/6/23 | I15: NO | J15: CAPA to be Submited | K15: =IF(I15="YES","CAPA VERIFICATION SHOULD BE SCHEDULED",IF(I15="NO","REMINDER LETTER SHOULD BE SENT","")) -> REMINDER LETTER SHOULD BE SENT | L15: 45261 | M15: https://nafdacng.sharepoint.com/sites/PMSLAGOS/Shared Documents/GDP (GOOD DISTRIBUTION PRATICE)/GSDP COMPANY FILES\ALKATRICE PHARMACEUTICALS | N15: https://nafdacng.sharepoint.com/sites/PMSLAGOS/Shared Documents/GSDP (GOOD STORAGE AND DISTRIBUTION PRACTICE)/GSDP COMPANY FILES\ALKATRICE PHARMACEUTICALS | O15: =IF(M15="","",HYPERLINK(M15,B15)) -> ALKATRICE PHARMACEUTICALS
A16: 68 | B16: LIVE MORE PHARMACY | C16: 231, Old Ojo road, Agboju-Amuwo | D16: 08031939448 | E16: GDP | F16: 45113 | G16: High-Risk (C) | H16: 23/6/23 | I16: NO | J16: CAPA to be Submited | K16: =IF(I16="YES","CAPA VERIFICATION SHOULD BE SCHEDULED",IF(I16="NO","REMINDER LETTER SHOULD BE SENT","")) -> REMINDER LETTER SHOULD BE SENT | L16: 45261 | M16: https://nafdacng.sharepoint.com/sites/PMSLAGOS/Shared Documents/GDP (GOOD DISTRIBUTION PRATICE)/GSDP COMPANY FILES\LIVE MORE PHARMACY | N16: https://nafdacng.sharepoint.com/sites/PMSLAGOS/Shared Documents/GSDP (GOOD STORAGE AND DISTRIBUTION PRACTICE)/GSDP COMPANY FILES\LIVE MORE PHARMACY | O16: =IF(M16="","",HYPERLINK(M16,B16)) -> LIVE MORE PHARMACY
A17: 69 | B17: UZOKENN PHARMACY | C17: 268, Ipaja road, Agege, Lagos | D17: 08033035614 | E17: GDP | F17: 45175 | G17: High-Risk (C) | H17: 22/6/2023 | I17: NO | J17: CAPA to be Submited | K17: =IF(I17="YES","CAPA VERIFICATION SHOULD BE SCHEDULED",IF(I17="NO","REMINDER LETTER SHOULD BE SENT","")) -> REMINDER LETTER SHOULD BE SENT | L17: 45261 | M17: https://nafdacng.sharepoint.com/sites/PMSLAGOS/Shared Documents/GDP (GOOD DISTRIBUTION PRATICE)/GSDP COMPANY FILES\UZOKENN PHARMACY | N17: https://nafdacng.sharepoint.com/sites/PMSLAGOS/Shared Documents/GSDP (GOOD STORAGE AND DISTRIBUTION PRACTICE)/GSDP COMPANY FILES\UZOKENN PHARMACY | O17: =IF(M17="","",HYPERLINK(M17,B17)) -> UZOKENN PHARMACY
A18: 70 | B18: EVITA MOORE NIG. LTD. | C18: 1, Showonuola Street, Alhaja Bus- Stop | D18: 09093309160 | E18: GDP | F18: 16/06/2023 | G18: High-Risk (C) | H18: 22/6/2023 | I18: NO | J18: CAPA to be Submited | K18: =IF(I18="YES","CAPA VERIFICATION SHOULD BE SCHEDULED",IF(I18="NO","REMINDER LETTER SHOULD BE SENT","")) -> REMINDER LETTER SHOULD BE SENT | L18: 45261 | M18: https://nafdacng.sharepoint.com/sites/PMSLAGOS/Shared Documents/GDP (GOOD DISTRIBUTION PRATICE)/GSDP COMPANY FILES\EVITA MOORE NIG LTD | N18: https://nafdacng.sharepoint.com/sites/PMSLAGOS/Shared Documents/GSDP (GOOD STORAGE AND DISTRIBUTION PRACTICE)/GSDP COMPANY FILES\EVITA MOORE NIG LTD | O18: =IF(M18="","",HYPERLINK(M18,B18)) -> EVITA MOORE NIG. LTD.
A19: 71 | B19: GLACK PHARMACEUTICALS LTD. | C19: 22, Stella Osholake street, off international Airport road, Ajao Estate | D19: 08033040722 | E19: GDP | F19: 45083 | G19: Low-Risk (A) | H19: 29/12/24 | I19: NO | J19: CAPA to be Submited | K19: =IF(I19="YES","CAPA VERIFICATION SHOULD BE SCHEDULED",IF(I19="NO","REMINDER LETTER SHOULD BE SENT","")) -> REMINDER LETTER SHOULD BE SENT | L19: 45261 | M19: https://nafdacng.sharepoint.com/sites/PMSLAGOS/Shared Documents/GDP (GOOD DISTRIBUTION PRATICE)/GSDP COMPANY FILES\GLACK PHARMECEUTICALS LTD | N19: https://nafdacng.sharepoint.com/sites/PMSLAGOS/Shared Documents/GSDP (GOOD STORAGE AND DISTRIBUTION PRACTICE)/GSDP COMPANY FILES\GLACK PHARMECEUTICALS LTD | O19: =IF(M19="","",HYPERLINK(M19,B19)) -> GLACK PHARMACEUTICALS LTD.
A20: 72 | B20: DRUG FIELD PHARMACEUTICALS | C20: 13, Adeogun Street, Abule- egba, Lagos | D20: 08033594790 | E20: GDP | F20: 27/06/2023 | G20: Mediu m-Risk (B) | H20: N/A | I20: N/A | J20: CAPA Submited | K20: COMPLIANCE WAS NOT ISSUED | L20: 45444 | M20: https://nafdacng.sharepoint.com/sites/PMSLAGOS/Shared Documents/GDP (GOOD DISTRIBUTION PRATICE)/GSDP COMPANY FILES\DRUG FIELD | N20: https://nafdacng.sharepoint.com/sites/PMSLAGOS/Shared Documents/GSDP (GOOD STORAGE AND DISTRIBUTION PRACTICE)/GSDP COMPANY FILES\DRUG FIELD | O20: =IF(M20="","",HYPERLINK(M20,B20)) -> DRUG FIELD PHARMACEUTICALS
A21: 73 | B21: DIVINE LIFT PHARMACEUTICALS | C21: 107, Ipaja Rd, Agege, Lagos. | D21: 07036950165 | E21: GDP | F21: 27/06/2023 | G21: Medium-Risk (B) | H21: 45160 | I21: NO | J21: CAPA to be Submited | K21: =IF(I21="YES","CAPA VERIFICATION SHOULD BE SCHEDULED",IF(I21="NO","REMINDER LETTER SHOULD BE SENT","")) -> REMINDER LETTER SHOULD BE SENT | L21: 45444 | M21: https://nafdacng.sharepoint.com/sites/PMSLAGOS/Shared Documents/GDP (GOOD DISTRIBUTION PRATICE)/GSDP COMPANY FILES\DIVINE LIFT PHARMACY | N21: https://nafdacng.sharepoint.com/sites/PMSLAGOS/Shared Documents/GSDP (GOOD STORAGE AND DISTRIBUTION PRACTICE)/GSDP COMPANY FILES\DIVINE LIFT PHARMACY | O21: =IF(M21="","",HYPERLINK(M21,B21)) -> DIVINE LIFT PHARMACEUTICALS
A22: 75 | B22: A.N. CHIDOZIE PHARMACEUTICALS | C22: 1a, Ajelogo road, Mile 12, Lagos. | D22: 0813882640 | E22: GDP | F22: 44932 | G22: Medium-Risk (B) | H22: 23/6/23 | I22: NO | J22: CAPA to be Submited | K22: =IF(I22="YES","CAPA VERIFICATION SHOULD BE SCHEDULED",IF(I22="NO","REMINDER LETTER SHOULD BE SENT","")) -> REMINDER LETTER SHOULD BE SENT | L22: 45444 | M22: https://nafdacng.sharepoint.com/sites/PMSLAGOS/Shared Documents/GDP (GOOD DISTRIBUTION PRATICE)/GSDP COMPANY FILES\A.N CHIDOZIE PHARMACEUTICAL LTD | N22: https://nafdacng.sharepoint.com/sites/PMSLAGOS/Shared Documents/GSDP (GOOD STORAGE AND DISTRIBUTION PRACTICE)/GSDP COMPANY FILES\A.N CHIDOZIE PHARMACEUTICAL LTD | O22: =IF(M22="","",HYPERLINK(M22,B22)) -> A.N. CHIDOZIE PHARMACEUTICALS
A23: 76 | B23: OBITEX DIVINE PHARMACEUTICALS | C23: 1a Ajelogo Road Mile 12 Lagos | D23: 08146376060 | E23: GDP | F23: 44932 | G23: Mediu m-Risk (B) | H23: 23/6/23 | I23: NO | J23: CAPA to be Submited | K23: =IF(I23="YES","CAPA VERIFICATION SHOULD BE SCHEDULED",IF(I23="NO","REMINDER LETTER SHOULD BE SENT","")) -> REMINDER LETTER SHOULD BE SENT | L23: 45444 | M23: https://nafdacng.sharepoint.com/sites/PMSLAGOS/Shared Documents/GDP (GOOD DISTRIBUTION PRATICE)/GSDP COMPANY FILES\OBITEX DIVINE PHARMACEUTICALS | N23: https://nafdacng.sharepoint.com/sites/PMSLAGOS/Shared Documents/GSDP (GOOD STORAGE AND DISTRIBUTION PRACTICE)/GSDP COMPANY FILES\OBITEX DIVINE PHARMACEUTICALS | O23: =IF(M23="","",HYPERLINK(M23,B23)) -> OBITEX DIVINE PHARMACEUTICALS
A24: 77 | B24: DRUG AMBASSADOR PHARM LTD. | C24: Block E, Shop 9 & 10,Prowa Complex Dillion Street Kirikiri Lagos State | D24: 09128428211 | E24: GDP | F24: 45144 | G24: Mediu m-Risk (B) | H24: 14/6/23 | I24: NO | J24: CAPA to be Submited | K24: =IF(I24="YES","CAPA VERIFICATION SHOULD BE SCHEDULED",IF(I24="NO","REMINDER LETTER SHOULD BE SENT","")) -> REMINDER LETTER SHOULD BE SENT | L24: 45444 | M24: https://nafdacng.sharepoint.com/sites/PMSLAGOS/Shared Documents/GDP (GOOD DISTRIBUTION PRATICE)/GSDP COMPANY FILES\DRUG AMBASADOR PHARM | N24: https://nafdacng.sharepoint.com/sites/PMSLAGOS/Shared Documents/GSDP (GOOD STORAGE AND DISTRIBUTION PRACTICE)/GSDP COMPANY FILES\DRUG AMBASADOR PHARM | O24: =IF(M24="","",HYPERLINK(M24,B24)) -> DRUG AMBASSADOR PHARM LTD.

Sheet JUL
A1: GDP INSPECTION CLASSIFICATION DATA BASE AS AT 2023
A2: S/N | B2: NAME OF MANUFACTURER | C2: LOCATION ADDRESS | D2: CONTACT | E2: TYPE OF LAST INSPECTION | F2: DATE OF LAST INSPECTION | G2: FINDINGS | H2: CAPA ISSUED DATE | I2: CAPA SUBMITTED | J2: CONCLUSION | K2: REMARKS | L2: EXPECTED DATE OF INSPECTION | M2: OMPANY FILE | N2: Column1 | O2: Column2
A3: 78 | B3: BLESSED NOEDYKE PHARM. CO | C3: 21,fadu Avenue, Ejigbo, Lagos | D3: 08034060316 | E3: GDP | F3: 45114 | G3: Medium-Risk (B) | H3: 23/1/2023 | I3: NO | J3: CAPA to be Submited | K3: =IF(I3="YES","CAPA VERIFICATION SHOULD BE SCHEDULED",IF(I3="NO","REMINDER LETTER SHOULD BE SENT","")) -> REMINDER LETTER SHOULD BE SENT | L3: 45474 | M3: https://nafdacng.sharepoint.com/sites/PMSLAGOS/Shared Documents/GDP (GOOD DISTRIBUTION PRATICE)/GSDP COMPANY FILES\BLESSED NEODYKE PHARM CO | N3: https://nafdacng.sharepoint.com/sites/PMSLAGOS/Shared Documents/GSDP (GOOD STORAGE AND DISTRIBUTION PRACTICE)/GSDP COMPANY FILES\BLESSED NEODYKE PHARM CO | O3: =IF(M3="","",HYPERLINK(M3,B3)) -> BLESSED NOEDYKE PHARM. CO
A4: 79 | B4: ELBE PHARMA.NIG.LTD | C4: 1A African Church Close,Off Coker Road, Ilupej,Lagos State | D4: 07031971331 | E4: GDP | F4: 21/07/2023 | G4: Medium-Risk (B) | H4: 44934 | I4: YES | J4: CAPA Submited | K4: =IF(I4="YES","CAPA VERIFICATION SHOULD BE SCHEDULED",IF(I4="NO","REMINDER LETTER SHOULD BE SENT","")) -> CAPA VERIFICATION SHOULD BE SCHEDULED | L4: DONE | M4: https://nafdacng.sharepoint.com/sites/PMSLAGOS/Shared Documents/GDP (GOOD DISTRIBUTION PRATICE)/GSDP COMPANY FILES\ELBE PHARMA. NIG LTD | N4: https://nafdacng.sharepoint.com/sites/PMSLAGOS/Shared Documents/GSDP (GOOD STORAGE AND DISTRIBUTION PRACTICE)/GSDP COMPANY FILES\ELBE PHARMA. NIG LTD | O4: =IF(M4="","",HYPERLINK(M4,B4)) -> ELBE PHARMA.NIG.LTD
A5: 80 | B5: GREENLIFE PHARMA | C5: 3 Nasfat Close,Off Isolo Way, Ajao Estate, Lagos State | D5: 08033431338 | E5: GDP | F5: 22/07/2023 | G5: Low-Risk (A) | H5: 16/01/24 | I5: YES | J5: CAPA Submited | K5: =IF(I5="YES","CAPA VERIFICATION SHOULD BE SCHEDULED",IF(I5="NO","REMINDER LETTER SHOULD BE SENT","")) -> CAPA VERIFICATION SHOULD BE SCHEDULED | L5: DONE | M5: https://nafdacng.sharepoint.com/sites/PMSLAGOS/Shared Documents/GDP (GOOD DISTRIBUTION PRATICE)/GSDP COMPANY FILES\GREENLIFE PHARM. LTD | N5: https://nafdacng.sharepoint.com/sites/PMSLAGOS/Shared Documents/GSDP (GOOD STORAGE AND DISTRIBUTION PRACTICE)/GSDP COMPANY FILES\GREENLIFE PHARM. LTD | O5: =IF(M5="","",HYPERLINK(M5,B5)) -> GREENLIFE PHARMA
A6: 81 | B6: EMBASSY PHARM | C6: 41,Ademola Street,Off Obafemi Awolowo Road,Ikoyi,Lagos state | D6: 08033276868 | E6: GDP | F6: 19/07/2023 | G6: Mediu m-Risk (B) | H6: 44934 | I6: NO | J6: CAPA Submited | K6: =IF(I6="YES","CAPA VERIFICATION SHOULD BE SCHEDULED",IF(I6="NO","REMINDER LETTER SHOULD BE SENT","")) -> REMINDER LETTER SHOULD BE SENT | L6: 45292 | M6: https://nafdacng.sharepoint.com/sites/PMSLAGOS/Shared Documents/GDP (GOOD DISTRIBUTION PRATICE)/GSDP COMPANY FILES\EMBASSY PHARM | N6: https://nafdacng.sharepoint.com/sites/PMSLAGOS/Shared Documents/GSDP (GOOD STORAGE AND DISTRIBUTION PRACTICE)/GSDP COMPANY FILES\EMBASSY PHARM | O6: =IF(M6="","",HYPERLINK(M6,B6)) -> EMBASSY PHARM
A7: 82 | B7: TEKA PHARMACEUTICALS | C7: 6,Morgan Estate,Phase 2 Ojuodu,Ikeja,Lagos State | D7: 07030814453 | E7: GDP | F7: 19/07/2023 | G7: Medium-Risk (B) | H7: 44934 | I7: YES | J7: CAPA Submited | K7: =IF(I7="YES","CAPA VERIFICATION SHOULD BE SCHEDULED",IF(I7="NO","REMINDER LETTER SHOULD BE SENT","")) -> CAPA VERIFICATION SHOULD BE SCHEDULED | L7: DONE | M7: https://nafdacng.sharepoint.com/sites/PMSLAGOS/Shared Documents/GDP (GOOD DISTRIBUTION PRATICE)/GSDP COMPANY FILES\TEKA PHARM | N7: https://nafdacng.sharepoint.com/sites/PMSLAGOS/Shared Documents/GSDP (GOOD STORAGE AND DISTRIBUTION PRACTICE)/GSDP COMPANY FILES\TEKA PHARM | O7: =IF(M7="","",HYPERLINK(M7,B7)) -> TEKA PHARMACEUTICALS
A8: 83 | B8: CLARION HEALTHCARE | C8: 23,Afolabi Lesi Street,Ilupeju,Lagos State | D8: 08022902392 | E8: GDP | F8: 31/07/2023 | G8: Low-Risk (A) | H8: 27/07/23 | I8: YES | J8: CAPA Submited | K8: =IF(I8="YES","CAPA VERIFICATION SHOULD BE SCHEDULED",IF(I8="NO","REMINDER LETTER SHOULD BE SENT","")) -> CAPA VERIFICATION SHOULD BE SCHEDULED | L8: 45292 | M8: https://nafdacng.sharepoint.com/sites/PMSLAGOS/Shared Documents/GDP (GOOD DISTRIBUTION PRATICE)/GSDP COMPANY FILES\CLARION HEALTHCARE | N8: https://nafdacng.sharepoint.com/sites/PMSLAGOS/Shared Documents/GSDP (GOOD STORAGE AND DISTRIBUTION PRACTICE)/GSDP COMPANY FILES\CLARION HEALTHCARE | O8: =IF(M8="","",HYPERLINK(M8,B8)) -> CLARION HEALTHCARE
A9: 84 | B9: HUGO DRUGS LIMITED | C9: 62,Falolu Road,Surulere,Lagos | D9: 07065593663 | E9: GDP | F9: 21/07/2023 | G9: Medium-Risk (B) | H9: 27/03/23 | I9: YES | J9: CAPA Submited | K9: =IF(I9="YES","CAPA VERIFICATION SHOULD BE SCHEDULED",IF(I9="NO","REMINDER LETTER SHOULD BE SENT","")) -> CAPA VERIFICATION SHOULD BE SCHEDULED | L9: 45474 | M9: https://nafdacng.sharepoint.com/sites/PMSLAGOS/Shared Documents/GDP (GOOD DISTRIBUTION PRATICE)/GSDP COMPANY FILES\HUGO DRUGS LIMITED | N9: https://nafdacng.sharepoint.com/sites/PMSLAGOS/Shared Documents/GSDP (GOOD STORAGE AND DISTRIBUTION PRACTICE)/GSDP COMPANY FILES\HUGO DRUGS LIMITED | O9: =IF(M9="","",HYPERLINK(M9,B9)) -> HUGO DRUGS LIMITED
A10: 85 | B10: MARK PHARMACEUTICALS | C10: 21,Moronui Cresent,Off Adelabu Road Surulere,Lagos,State | D10: 08067785840 | E10: GDP | F10: 20/07/2023 | G10: Medium-Risk (B) | H10: 44934 | I10: YES | J10: CAPA to be Submited | K10: =IF(I10="YES","CAPA VERIFICATION SHOULD BE SCHEDULED",IF(I10="NO","REMINDER LETTER SHOULD BE SENT","")) -> CAPA VERIFICATION SHOULD BE SCHEDULED | L10: 45474 | M10: https://nafdacng.sharepoint.com/sites/PMSLAGOS/Shared Documents/GDP (GOOD DISTRIBUTION PRATICE)/GSDP COMPANY FILES\MARK PHARMACEUTICALS | N10: https://nafdacng.sharepoint.com/sites/PMSLAGOS/Shared Documents/GSDP (GOOD STORAGE AND DISTRIBUTION PRACTICE)/GSDP COMPANY FILES\MARK PHARMACEUTICALS | O10: =IF(M10="","",HYPERLINK(M10,B10)) -> MARK PHARMACEUTICALS
A11: 86 | B11: DERM PHARMACEUTICALS | C11: 19,Alhaji Salami Street,Aguda,Surulere,Lagos,State | D11: 08039532253 | E11: GDP | F11: 20/07/2023 | G11: Low-Risk (A) | H11: N/A | I11: N/A | J11: CAPA CLOSED | K11: =IF(I11="YES","CAPA VERIFICATION SHOULD BE SCHEDULED",IF(I11="NO","REMINDER LETTER SHOULD BE SENT","")) | L11: 45839 | M11: https://nafdacng.sharepoint.com/sites/PMSLAGOS/Shared Documents/GDP (GOOD DISTRIBUTION PRATICE)/GSDP COMPANY FILES\DERM PHARMACEUTICALS | N11: https://nafdacng.sharepoint.com/sites/PMSLAGOS/Shared Documents/GSDP (GOOD STORAGE AND DISTRIBUTION PRACTICE)/GSDP COMPANY FILES\DERM PHARMACEUTICALS | O11: =IF(M11="","",HYPERLINK(M11,B11)) -> DERM PHARMACEUTICALS
A12: 87 | B12: SAGAR VITACEUTICALS | C12: Plot 2,Ladipoe Oluwole Street,Off Oba Akran Avenue,Ikeja,Lagos State. | D12: 08023692457 | E12: GDP | F12: 19/07/2023 | G12: High-Risk (C) | H12: 44934 | I12: YES | J12: CAPA Submited | K12: =IF(I12="YES","CAPA VERIFICATION SHOULD BE SCHEDULED",IF(I12="NO","REMINDER LETTER SHOULD BE SENT","")) -> CAPA VERIFICATION SHOULD BE SCHEDULED | L12: DONE | M12: https://nafdacng.sharepoint.com/sites/PMSLAGOS/Shared Documents/GDP (GOOD DISTRIBUTION PRATICE)/GSDP COMPANY FILES\SAGAR VITACEAUTICALS NIG LTD | N12: https://nafdacng.sharepoint.com/sites/PMSLAGOS/Shared Documents/GSDP (GOOD STORAGE AND DISTRIBUTION PRACTICE)/GSDP COMPANY FILES\SAGAR VITACEAUTICALS NIG LTD | O12: =IF(M12="","",HYPERLINK(M12,B12)) -> SAGAR VITACEUTICALS
A13: 88 | B13: VINCO PHARMACEUTICAL | C13: 48,Dupe Otegbola Street Opp,Navy Barracks Sattelite Town,Lagos State | D13: 08023534907 | E13: GDP | F13: 21/07/2023 | G13: Low-Risk (A) | H13: 44934 | I13: YES | J13: CAPA Submited | K13: CAPA VERIFICATION SHOULD BE SCHEDULED | L13: DONE | M13: https://nafdacng.sharepoint.com/sites/PMSLAGOS/Shared Documents/GDP (GOOD DISTRIBUTION PRATICE)/GSDP COMPANY FILES\VINCO PHARM | N13: https://nafdacng.sharepoint.com/sites/PMSLAGOS/Shared Documents/GSDP (GOOD STORAGE AND DISTRIBUTION PRACTICE)/GSDP COMPANY FILES\VINCO PHARM | O13: =IF(M13="","",HYPERLINK(M13,B13)) -> VINCO PHARMACEUTICAL
A14: 89 | B14: ONIFAM LABORATORIES LTD. | C14: 836,Lagos_Abeokuta Express Way,Lagos State | D14: 08036550174 | E14: GDP | F14: 21/07/2023 | G14: Medium-Risk (B) | H14: 44934 | I14: NO | J14: CAPA to be Submited | K14: =IF(I14="YES","CAPA VERIFICATION SHOULD BE SCHEDULED",IF(I14="NO","REMINDER LETTER SHOULD BE SENT","")) -> REMINDER LETTER SHOULD BE SENT | L14: 45474 | M14: https://nafdacng.sharepoint.com/sites/PMSLAGOS/Shared Documents/GDP (GOOD DISTRIBUTION PRATICE)/GSDP COMPANY FILES\ONIFAM LABORATORIES LTD | N14: https://nafdacng.sharepoint.com/sites/PMSLAGOS/Shared Documents/GSDP (GOOD STORAGE AND DISTRIBUTION PRACTICE)/GSDP COMPANY FILES\ONIFAM LABORATORIES LTD | O14: =IF(M14="","",HYPERLINK(M14,B14)) -> ONIFAM LABORATORIES LTD.

Sheet AUG
A1: GDP INSPECTION CLASSIFICATION DATA BASE AS AT 2023
A2: S/N | B2: NAME OF MANUFACTURER | C2: LOCATION ADDRESS | D2: CONTACT | E2: TYPE OF LAST INSPECTION | F2: DATE OF LAST INSPECTION | G2: FINDINGS | H2: CAPA ISSUED DATE | I2: CAPA SUBMITTED | J2: CONCLUSION | K2: REMARKS | L2: EXPECTED DATE OF INSPECTION | M2: OMPANY FILE | N2: Column1
A3: 90 | B3: AGARY PHARMACEUTICALS | C3: Plot 39C ,Amuwo Odofin Cmm Scheme,Lagos State. | D3: 07064686455 | E3: GDP | F3: 21/08/2023 | G3: Medium-Risk (B) | H3: 44934 | I3: NO | J3: CAPA to be Submited | K3: =IF(I3="YES","CAPA VERIFICATION SHOULD BE SCHEDULED",IF(I3="NO","REMINDER LETTER SHOULD BE SENT","")) -> REMINDER LETTER SHOULD BE SENT | L3: 45505 | M3: https://nafdacng.sharepoint.com/sites/PMSLAGOS/Shared Documents/GDP (GOOD DISTRIBUTION PRATICE)/GSDP COMPANY FILES\AGARY PHARMACEUTICALS LTD | N3: https://nafdacng.sharepoint.com/sites/PMSLAGOS/Shared Documents/GSDP (GOOD STORAGE AND DISTRIBUTION PRACTICE)/GSDP COMPANY FILES\AGARY PHARMACEUTICALS LTD | O3: =IF(M3="","",HYPERLINK(M3,B3)) -> AGARY PHARMACEUTICALS
A4: 91 | B4: SHALINA HEALTHCARE | C4: 3/4, Adewunmi Industrial Estate,Oregun,Ikeja,Lagos State | D4: 08107539933 | E4: GDP | F4: 24/08/2023 | G4: Low-Risk (A) | H4: 44934 | I4: NO | J4: SOP's available | K4: =IF(I4="YES","CAPA VERIFICATION SHOULD BE SCHEDULED",IF(I4="NO","REMINDER LETTER SHOULD BE SENT","")) -> REMINDER LETTER SHOULD BE SENT | L4: 45870 | M4: https://nafdacng.sharepoint.com/sites/PMSLAGOS/Shared Documents/GDP (GOOD DISTRIBUTION PRATICE)/GSDP COMPANY FILES\SHALINA HEALTHCARE LTD | N4: https://nafdacng.sharepoint.com/sites/PMSLAGOS/Shared Documents/GSDP (GOOD STORAGE AND DISTRIBUTION PRACTICE)/GSDP COMPANY FILES\SHALINA HEALTHCARE LTD | O4: =IF(M4="","",HYPERLINK(M4,B4)) -> SHALINA HEALTHCARE
A5: 92 | B5: PINNACLE HEALTH PHARM LTD | C5: 8,Douglas Ezemba Avenue Off Alahaji Agbeke Street By Marcity B/stop,Ago Palace Way,Okota,Lagos. | D5: 08034707350 | E5: GDP | F5: 44934 | G5: Low-Risk (A) | H5: 45884 | I5: YES | J5: CAPA Submited | K5: =IF(I5="YES","CAPA VERIFICATION SHOULD BE SCHEDULED",IF(I5="NO","REMINDER LETTER SHOULD BE SENT","")) -> CAPA VERIFICATION SHOULD BE SCHEDULED | L5: 45870 | O5: =IF(M5="","",HYPERLINK(M5,B5))

Sheet SEP
A1: GDP INSPECTION CLASSIFICATION DATA BASE AS AT 2023
A2: S/N | B2: NAME OF MANUFACTURER | C2: LOCATION ADDRESS | D2: CONTACT | E2: TYPE OF LAST INSPECTION | F2: DATE OF LAST INSPECTION | G2: FINDINGS | H2: CAPA ISSUED DATE | I2: CAPA SUBMITTED | J2: CONCLUSION | K2: REMARKS | L2: EXPECTED DATE OF INSPECTION | M2: OMPANY FILE | N2: Column1

Sheet OCT
A1: GDP INSPECTION CLASSIFICATION DATA BASE AS AT 2023
A2: S/N | B2: NAME OF MANUFACTURER | C2: LOCATION ADDRESS | D2: CONTACT | E2: TYPE OF LAST INSPECTION | F2: DATE OF LAST INSPECTION | G2: FINDINGS | H2: CAPA ISSUED DATE | I2: CAPA SUBMITTED | J2: CONCLUSION | K2: REMARKS | L2: EXPECTED DATE OF INSPECTION | M2: OMPANY FILE | N2: Column1
A3: 93 | B3: IMMACULATE CARE PHARMACY | C3: 8,Itokin Road, Adamo Junction Ikorodu, lagos state. | D3: 08056132025 | E3: GDP | F3: 45270 | G3: Medium-Risk (B) | H3: 31/10/23 | I3: NO | J3: CAPA to be Submited | K3: =IF(I3="YES","CAPA VERIFICATION SHOULD BE SCHEDULED",IF(I3="NO","REMINDER LETTER SHOULD BE SENT","")) -> REMINDER LETTER SHOULD BE SENT | L3: 45536 | M3: https://nafdacng.sharepoint.com/sites/PMSLAGOS/Shared Documents/GDP (GOOD DISTRIBUTION PRATICE)/GSDP COMPANY FILES\IMMACULATE CARE PHARM | N3: https://nafdacng.sharepoint.com/sites/PMSLAGOS/Shared Documents/GSDP (GOOD STORAGE AND DISTRIBUTION PRACTICE)/GSDP COMPANY FILES\IMMACULATE CARE PHARM | O3: =IF(M3="","",HYPERLINK(M3,B3)) -> IMMACULATE CARE PHARMACY
A4: 94 | B4: COLLIBEX PHARMACY | C4: 1,Gbopa Road, Enu-owa Off Gberigbe Road Ikorodu, Lagos state. | D4: 08033222005 | E4: GDP | F4: 45270 | G4: Low-Risk (A) | H4: 31/10/23 | I4: YES | J4: CAPA Submited | K4: =IF(I4="YES","CAPA VERIFICATION SHOULD BE SCHEDULED",IF(I4="NO","REMINDER LETTER SHOULD BE SENT","")) -> CAPA VERIFICATION SHOULD BE SCHEDULED | L4: 45901 | M4: https://nafdacng.sharepoint.com/sites/PMSLAGOS/Shared Documents/GDP (GOOD DISTRIBUTION PRATICE)/GSDP COMPANY FILES\COLLIBEX PHARM | N4: https://nafdacng.sharepoint.com/sites/PMSLAGOS/Shared Documents/GSDP (GOOD STORAGE AND DISTRIBUTION PRACTICE)/GSDP COMPANY FILES\COLLIBEX PHARM | O4: =IF(M4="","",HYPERLINK(M4,B4)) -> COLLIBEX PHARMACY
A5: 95 | B5: EMMASTEV PHARMACY | C5: 39, Ijede Road, Itamaga Opp. Be Happy Hotel, Ikorodu, Lagos State. | D5: 09122355987 | E5: GDP | F5: 45270 | G5: Medium-Risk (B) | H5: 31/10/23 | I5: NO | J5: CAPA to be Submited | K5: =IF(I5="YES","CAPA VERIFICATION SHOULD BE SCHEDULED",IF(I5="NO","REMINDER LETTER SHOULD BE SENT","")) -> REMINDER LETTER SHOULD BE SENT | L5: 45536 | M5: https://nafdacng.sharepoint.com/sites/PMSLAGOS/Shared Documents/GDP (GOOD DISTRIBUTION PRATICE)/GSDP COMPANY FILES\EMMASTEV PHARM | N5: https://nafdacng.sharepoint.com/sites/PMSLAGOS/Shared Documents/GSDP (GOOD STORAGE AND DISTRIBUTION PRACTICE)/GSDP COMPANY FILES\EMMASTEV PHARM | O5: =IF(M5="","",HYPERLINK(M5,B5)) -> EMMASTEV PHARMACY
A6: 104 | B6: VINCO PHARMACEUTICAL | C6: 48,Dupe Otegbola Street Opp,Navy Barracks Sattelite Town,Lagos State | D6: 08023534907 | E6: CAPA | F6: 17/09/2023 | G6: Low-Risk (A) | H6: n/a | I6: N/A | J6: CAPA Closed | K6: CONTINOUS MONITORING TO ENSURE COMPLIANCE | L6: 45901 | M6: https://nafdacng.sharepoint.com/sites/PMSLAGOS/Shared Documents/GDP (GOOD DISTRIBUTION PRATICE)/GSDP COMPANY FILES\VINCO PHARM | N6: https://nafdacng.sharepoint.com/sites/PMSLAGOS/Shared Documents/GSDP (GOOD STORAGE AND DISTRIBUTION PRACTICE)/GSDP COMPANY FILES\VINCO PHARM | O6: =IF(M6="","",HYPERLINK(M6,B6)) -> VINCO PHARMACEUTICAL
A7: 96 | B7: SKY PHARMACEUTICAL | C7: 11, Olusegun,Ogandana Drive, Magodo Lagos State. | D7: 08029293318 | E7: GDP | F7: 17/10/2023 | G7: Low-Risk (A) | H7: 17/10/23 | I7: YES | J7: CAPA Submited | K7: =IF(I7="YES","CAPA VERIFICATION SHOULD BE SCHEDULED",IF(I7="NO","REMINDER LETTER SHOULD BE SENT","")) -> CAPA VERIFICATION SHOULD BE SCHEDULED | L7: 45901 | M7: https://nafdacng.sharepoint.com/sites/PMSLAGOS/Shared Documents/GDP (GOOD DISTRIBUTION PRATICE)/GSDP COMPANY FILES\SKY PHARM | N7: https://nafdacng.sharepoint.com/sites/PMSLAGOS/Shared Documents/GSDP (GOOD STORAGE AND DISTRIBUTION PRACTICE)/GSDP COMPANY FILES\SKY PHARM | O7: =IF(M7="","",HYPERLINK(M7,B7)) -> SKY PHARMACEUTICAL
A8: 97 | B8: AJAO SAMUEL PHARMACY | C8: 4 Fetuga Street, Ladi-Laki, Bariga, Laagos State. | D8: 08105196955 | E8: GDP | F8: 45209 | G8: Low-Ri sk (A) | H8: 31/10/23 | I8: NO | J8: CAPA to be Submited | K8: =IF(I8="YES","CAPA VERIFICATION SHOULD BE SCHEDULED",IF(I8="NO","REMINDER LETTER SHOULD BE SENT","")) -> REMINDER LETTER SHOULD BE SENT | L8: 45901 | M8: https://nafdacng.sharepoint.com/sites/PMSLAGOS/Shared Documents/GDP (GOOD DISTRIBUTION PRATICE)/GSDP COMPANY FILES\AJAO SAMUEL | N8: https://nafdacng.sharepoint.com/sites/PMSLAGOS/Shared Documents/GSDP (GOOD STORAGE AND DISTRIBUTION PRACTICE)/GSDP COMPANY FILES\AJAO SAMUEL | O8: =IF(M8="","",HYPERLINK(M8,B8)) -> AJAO SAMUEL PHARMACY
A9: 98 | B9: MALVEN MEDICS LIMITED | C9: 4, Ligali Street, Ogudu, Lados State | D9: 08023811157 | E9: GDP | F9: 19/10/2023 | G9: Medium-Risk (B) | H9: 31/10/23 | I9: NO | J9: CAPA Submited | K9: =IF(I9="YES","CAPA VERIFICATION SHOULD BE SCHEDULED",IF(I9="NO","REMINDER LETTER SHOULD BE SENT","")) -> REMINDER LETTER SHOULD BE SENT | L9: 45536 | M9: https://nafdacng.sharepoint.com/sites/PMSLAGOS/Shared Documents/GDP (GOOD DISTRIBUTION PRATICE)/GSDP COMPANY FILES\MALVEN MEDICS LTD | N9: https://nafdacng.sharepoint.com/sites/PMSLAGOS/Shared Documents/GSDP (GOOD STORAGE AND DISTRIBUTION PRACTICE)/GSDP COMPANY FILES\MALVEN MEDICS LTD | O9: =IF(M9="","",HYPERLINK(M9,B9)) -> MALVEN MEDICS LIMITED
A10: 99 | B10: TUM TAY COMPANY LIMITED | C10: 22, Molade Okoya-Thomas Street, Off Adeniyi Jones Avenue, Lagos State. | D10: 08033348405 | E10: GDP | F10: 17/10/2023 | G10: Low-Risk (A) | H10: N/A | I10: N/A | J10: Satisfactory | K10: CONTINOUS MONITORING TO ENSURE COMPLIANCE | L10: 45901 | M10: https://nafdacng.sharepoint.com/sites/PMSLAGOS/Shared Documents/GDP (GOOD DISTRIBUTION PRATICE)/GSDP COMPANY FILES\TUM TAY COMPANY LTD | N10: https://nafdacng.sharepoint.com/sites/PMSLAGOS/Shared Documents/GSDP (GOOD STORAGE AND DISTRIBUTION PRACTICE)/GSDP COMPANY FILES\TUM TAY COMPANY LTD | O10: =IF(M10="","",HYPERLINK(M10,B10)) -> TUM TAY COMPANY LIMITED
A11: 100 | B11: VIBORATH PHARMACY | C11: 4,Vitborah avenue, Awoyaya ibeju-lekki, Lagos state. | D11: 08107539933 | E11: GDP | F11: 16/10/2023 | G11: Low-Risk (A) | H11: N/A | I11: N/A | J11: Satisfactory | K11: CONTINOUS MONITORING TO ENSURE COMPLIANCE | L11: 45901 | M11: https://nafdacng.sharepoint.com/sites/PMSLAGOS/Shared Documents/GDP (GOOD DISTRIBUTION PRATICE)/GSDP COMPANY FILES\VITBORAH PHARMA LTD | N11: https://nafdacng.sharepoint.com/sites/PMSLAGOS/Shared Documents/GSDP (GOOD STORAGE AND DISTRIBUTION PRACTICE)/GSDP COMPANY FILES\VITBORAH PHARMA LTD | O11: =IF(M11="","",HYPERLINK(M11,B11)) -> VIBORATH PHARMACY

Sheet NOV
A1: GDP INSPECTION CLASSIFICATION DATA BASE AS AT 2023
A2: S/N | B2: NAME OF MANUFACTURER | C2: LOCATION ADDRESS | D2: CONTACT | E2: TYPE OF LAST INSPECTION | F2: DATE OF LAST INSPECTION | G2: FINDINGS | H2: CAPA ISSUED DATE | I2: CAPA SUBMITTED | J2: CONCLUSION | K2: REMARKS | L2: EXPECTED DATE OF INSPECTION | M2: OMPANY FILE | N2: Column1
A3: 101 | B3: SAM SUNNY PHARMA & STORE LIMITED | C3: 183, Ojo Igbede Road, Alangbadi, Lagos | D3: 08061326919 | E3: GDP | F3: 44937 | G3: Low-Risk (A) | H3: 45210 | I3: NO | J3: CAPA to be Submited | K3: =IF(I3="YES","CAPA VERIFICATION SHOULD BE SCHEDULED",IF(I3="NO","REMINDER LETTER SHOULD BE SENT","")) -> REMINDER LETTER SHOULD BE SENT | L3: 45962 | M3: https://nafdacng.sharepoint.com/sites/PMSLAGOS/Shared Documents/GDP (GOOD DISTRIBUTION PRATICE)/GSDP COMPANY FILES\SAM SUNNY PHARM | N3: https://nafdacng.sharepoint.com/sites/PMSLAGOS/Shared Documents/GSDP (GOOD STORAGE AND DISTRIBUTION PRACTICE)/GSDP COMPANY FILES\SAM SUNNY PHARM | O3: =IF(M3="","",HYPERLINK(M3,B3)) -> SAM SUNNY PHARMA & STORE LIMITED
A4: 102 | B4: GOD SAINTS PHARMACEUTICALS LIMITED | C4: 34/35 Soglo Way, Badagry Lagos State | D4: 08184385203 | E4: GDP | F4: 44937 | G4: Low-Risk (A) | H4: 45210 | I4: YES | J4: CAPA Submited | K4: =IF(I4="YES","CAPA VERIFICATION SHOULD BE SCHEDULED",IF(I4="NO","REMINDER LETTER SHOULD BE SENT","")) -> CAPA VERIFICATION SHOULD BE SCHEDULED | L4: 45962 | M4: https://nafdacng.sharepoint.com/sites/PMSLAGOS/Shared Documents/GDP (GOOD DISTRIBUTION PRATICE)/GSDP COMPANY FILES\GOD SAINTS PHARMA LTD | N4: https://nafdacng.sharepoint.com/sites/PMSLAGOS/Shared Documents/GSDP (GOOD STORAGE AND DISTRIBUTION PRACTICE)/GSDP COMPANY FILES\GOD SAINTS PHARMA LTD | O4: =IF(M4="","",HYPERLINK(M4,B4)) -> GOD SAINTS PHARMACEUTICALS LIMITED
A5: 103 | B5: JUSTINAK PHARMACY | C5: 1/2 AIT Road,Kola Bus stop,Alagbado,Lagos State. | D5: 07068291506 | E5: GDP | F5: 44968 | G5: Low-Risk (A) | H5: 44968 | I5: NO | J5: CAPA to be Submited | K5: =IF(I5="YES","CAPA VERIFICATION SHOULD BE SCHEDULED",IF(I5="NO","REMINDER LETTER SHOULD BE SENT","")) -> REMINDER LETTER SHOULD BE SENT | L5: 45962 | M5: https://nafdacng.sharepoint.com/sites/PMSLAGOS/Shared Documents/GDP (GOOD DISTRIBUTION PRATICE)/GSDP COMPANY FILES\JUSTINAK PHARMACY | N5: https://nafdacng.sharepoint.com/sites/PMSLAGOS/Shared Documents/GSDP (GOOD STORAGE AND DISTRIBUTION PRACTICE)/GSDP COMPANY FILES\JUSTINAK PHARMACY | O5: =IF(M5="","",HYPERLINK(M5,B5)) -> JUSTINAK PHARMACY
A6: 104 | B6: INSPIRATION PHARMACY NIG.LIMITED | C6: 186,Mieran Road ,Ijaye Ojokoro,Lagos State. | D6: 08090725047 | E6: GDP | F6: 44968 | G6: Low-Risk (A) | H6: 44968 | I6: NO | J6: CAPA to be Submited | K6: =IF(I6="YES","CAPA VERIFICATION SHOULD BE SCHEDULED",IF(I6="NO","REMINDER LETTER SHOULD BE SENT","")) -> REMINDER LETTER SHOULD BE SENT | L6: 45962 | M6: https://nafdacng.sharepoint.com/sites/PMSLAGOS/Shared Documents/GDP (GOOD DISTRIBUTION PRATICE)/GSDP COMPANY FILES\INSPIRATION PHARMACY | N6: https://nafdacng.sharepoint.com/sites/PMSLAGOS/Shared Documents/GSDP (GOOD STORAGE AND DISTRIBUTION PRACTICE)/GSDP COMPANY FILES\INSPIRATION PHARMACY | O6: =IF(M6="","",HYPERLINK(M6,B6)) -> INSPIRATION PHARMACY NIG.LIMITED
